question_id,title_ind,title_en,question_ind,question_en,question_code,reference_solution,expected_output,week,source_no,order_no,active,data_status,question_type,source_system,source_key,source_code,level,short_description_ind,short_description_en,content_blocks_ind,content_blocks_en,sample_inputs,sample_outputs,probe_no,target_misconception_id,input_description_ind,input_description_en,output_description_ind,output_description_en,io_content_type,test_cases_json,options_json,correct_option_label,evidence_available,lms_question_id,display_question_code
Q001,Persegi Panjang,Persegi Panjang,"Tulislah sebuah algoritma untuk menghitung luas persegi panjang.
  Masukan berupa dua bilangan riil, yang menyatakan lebar dan panjang dari persegi panjang.
  Luas persegi panjang adalah hasil perkalian antara lebar dengan panjangnya.
  Keluaran berupa luas persegi panjang, dalam bilangan riil.","Write an algorithm to compute the area of a rectangle.
  Input two real numbers, representing the width and length of the rectangle.
  The area of a rectangle is the result of multiplying its width by its length.
  Output the area of a rectangle, in real number.
  
  Examples:
  Input: 35.11 24.23
  Result: 850.7153000
  Input: 21.88 10.11
  Result: 221.2068000",001,,,W02,75,1,TRUE,needs_review,PS,LMS,LMS-PS-10413314,001.UAI luas persegi panjang (en),Easy,Tulislah sebuah algoritma untuk menghitung luas persegi panjang.,Write an algorithm to compute the area of a rectangle.,"[{""type"": ""text"", ""content"": ""Tulislah sebuah algoritma untuk menghitung luas persegi panjang.\nMasukan berupa dua bilangan riil, yang menyatakan lebar dan panjang dari persegi panjang.\nLuas persegi panjang adalah hasil perkalian antara lebar dengan panjangnya.\nKeluaran berupa luas persegi panjang, dalam bilangan riil.""}]","[{""type"": ""text"", ""content"": ""Write an algorithm to compute the area of a rectangle.\nInput two real numbers, representing the width and length of the rectangle.\nThe area of a rectangle is the result of multiplying its width by its length.\nOutput the area of a rectangle, in real number.\n\nExamples:\nInput: 35.11 24.23\nResult: 850.7153000\nInput: 21.88 10.11\nResult: 221.2068000""}]","[""35.11 24.23"", ""21.88 10.11""]","[""850.7153000"", ""221.2068000""]",,,"berupa dua bilangan riil, yang menyatakan lebar dan panjang dari persegi panjang.","two real numbers, representing the width and length of the rectangle.","berupa luas persegi panjang, dalam bilangan riil.","the area of a rectangle, in real number.",text+table,"[{""case_no"": 1, ""input"": ""35.11 24.23"", ""output"": ""850.7153000""}, {""case_no"": 2, ""input"": ""21.88 10.11"", ""output"": ""221.2068000""}]",,,TRUE,10413314,10413314
Q002,Konversi Suhu Celsius ke Fahrenheit,Konversi Suhu Celsius ke Fahrenheit,"Tulislah sebuah algoritma untuk mengonversi suhu dari Celcius ke Fahrenheit.
  Masukan berupa bilangan riil yang menyatakan suhu dalam Celcius.
  Suhu dalam Fahrenheit adalah hasil perkalian antara 9 dibagi 5 dengan suhu Celcius, ditambah 32.
  Keluaran berupa suhu yang sama dalam Fahrenheit.","Write an algorithm to convert the temperature from Celcius to Fahrenheit.
  Input a real number representing the temperature in Celsius.
  The temperature in Fahrenheit is the result of multiplying 9 divided by 5 by the Celsius temperature, then adding 32.
  Output the same temperature in Fahrenheit.
  
  Examples:
  Input: 100
  Result: 212.0000000
  Input: 0
  Result: 32.0000000",008,,,W02,76,2,TRUE,needs_review,PS,LMS,LMS-PS-10413319,008.UAI konversi suhu c ke f (en),Easy,Tulislah sebuah algoritma untuk mengonversi suhu dari Celcius ke Fahrenheit.,Write an algorithm to convert the temperature from Celcius to Fahrenheit.,"[{""type"": ""text"", ""content"": ""Tulislah sebuah algoritma untuk mengonversi suhu dari Celcius ke Fahrenheit.\nMasukan berupa bilangan riil yang menyatakan suhu dalam Celcius.\nSuhu dalam Fahrenheit adalah hasil perkalian antara 9 dibagi 5 dengan suhu Celcius, ditambah 32.\nKeluaran berupa suhu yang sama dalam Fahrenheit.""}]","[{""type"": ""text"", ""content"": ""Write an algorithm to convert the temperature from Celcius to Fahrenheit.\nInput a real number representing the temperature in Celsius.\nThe temperature in Fahrenheit is the result of multiplying 9 divided by 5 by the Celsius temperature, then adding 32.\nOutput the same temperature in Fahrenheit.\n\nExamples:\nInput: 100\nResult: 212.0000000\nInput: 0\nResult: 32.0000000""}]","[""100"", ""0""]","[""212.0000000"", ""32.0000000""]",,,berupa bilangan riil yang menyatakan suhu dalam Celcius.,a real number representing the temperature in Celsius.,berupa suhu yang sama dalam Fahrenheit.,the same temperature in Fahrenheit.,text+table,"[{""case_no"": 1, ""input"": ""100"", ""output"": ""212.0000000""}, {""case_no"": 2, ""input"": ""0"", ""output"": ""32.0000000""}]",,,FALSE,10413319,10413319
Q003,Konversi Suhu Celsius ke Kelvin,Konversi Suhu Celsius ke Kelvin,"Tulislah sebuah algoritma untuk mengonversi suhu dari Celsius ke Kelvin.
  Masukan berupa bilangan riil yang menyatakan suhu dalam Celsius.
  Suhu dalam Kelvin adalah hasil penjumlahan antara suhu Celsius dengan 273.
  Keluaran berupa suhu yang sama dalam Kelvin.","Write an algorithm to convert temperature from Celsius to Kelvin.
  Input a real number representing temperature in Celsius.
  The temperature in Kelvin is the result of adding the Celsius temperature to 273.
  Output the same temperature in Kelvin.
  
  Examples:
  Input: 100
  Result: 373.0000000
  Input: 0
  Result: 273.0000000",009,,,W02,77,3,TRUE,needs_review,PS,LMS,LMS-PS-10413320,009.UAI konversi suhu c ke k (en),Easy,Tulislah sebuah algoritma untuk mengonversi suhu dari Celsius ke Kelvin.,Write an algorithm to convert temperature from Celsius to Kelvin.,"[{""type"": ""text"", ""content"": ""Tulislah sebuah algoritma untuk mengonversi suhu dari Celsius ke Kelvin.\nMasukan berupa bilangan riil yang menyatakan suhu dalam Celsius.\nSuhu dalam Kelvin adalah hasil penjumlahan antara suhu Celsius dengan 273.\nKeluaran berupa suhu yang sama dalam Kelvin.""}]","[{""type"": ""text"", ""content"": ""Write an algorithm to convert temperature from Celsius to Kelvin.\nInput a real number representing temperature in Celsius.\nThe temperature in Kelvin is the result of adding the Celsius temperature to 273.\nOutput the same temperature in Kelvin.\n\nExamples:\nInput: 100\nResult: 373.0000000\nInput: 0\nResult: 273.0000000""}]","[""100"", ""0""]","[""373.0000000"", ""273.0000000""]",,,berupa bilangan riil yang menyatakan suhu dalam Celsius.,a real number representing temperature in Celsius.,berupa suhu yang sama dalam Kelvin.,the same temperature in Kelvin.,text+table,"[{""case_no"": 1, ""input"": ""100"", ""output"": ""373.0000000""}, {""case_no"": 2, ""input"": ""0"", ""output"": ""273.0000000""}]",,,FALSE,10413320,10413320
Q004,Konversi Gram ke Karat,Konversi Gram ke Karat,"Tulislah sebuah algoritma untuk mengonversi berat dari gram ke karat berlian.
  Masukan berupa berat dalam gram (bilangan riil).
  Keluaran berupa berat yang sama dalam karat (bilangan riil).
  Petunjuk: 1 gram sama dengan 5 karat.","Write an algorithm to convert weight from gram to diamond carat.
  Input the weight in gram (real number).
  Output the same weight in carat (real number).
  Hint: 1 gram is 5 carat.
  
  Examples:
  Input: 50.0
  Result: 250.0000000
  Input: 100.00
  Result: 500.0000000",014,,,W02,78,4,TRUE,needs_review,PS,LMS,LMS-PS-10413323,014.UAI konversi gram ke karat (en),Easy,Tulislah sebuah algoritma untuk mengonversi berat dari gram ke karat berlian.,Write an algorithm to convert weight from gram to diamond carat.,"[{""type"": ""text"", ""content"": ""Tulislah sebuah algoritma untuk mengonversi berat dari gram ke karat berlian.\nMasukan berupa berat dalam gram (bilangan riil).\nKeluaran berupa berat yang sama dalam karat (bilangan riil).\nPetunjuk: 1 gram sama dengan 5 karat.""}]","[{""type"": ""text"", ""content"": ""Write an algorithm to convert weight from gram to diamond carat.\nInput the weight in gram (real number).\nOutput the same weight in carat (real number).\nHint: 1 gram is 5 carat.\n\nExamples:\nInput: 50.0\nResult: 250.0000000\nInput: 100.00\nResult: 500.0000000""}]","[""50.0"", ""100.00""]","[""250.0000000"", ""500.0000000""]",,,berupa berat dalam gram (bilangan riil).,the weight in gram (real number).,berupa berat yang sama dalam karat (bilangan riil).,the same weight in carat (real number).,text+table,"[{""case_no"": 1, ""input"": ""50.0"", ""output"": ""250.0000000""}, {""case_no"": 2, ""input"": ""100.00"", ""output"": ""500.0000000""}]",,,FALSE,10413323,10413323
Q005,Penjumlahan Empat Bilangan Bulat,Penjumlahan Empat Bilangan Bulat,"Tulislah sebuah algoritma untuk menjumlahkan empat bilangan bulat.
  Masukan berupa empat bilangan bulat.
  Keluaran berupa satu bilangan bulat, jumlah dari keempat bilangan tersebut.","Write an algorithm to simply add four integers.
  Input four integers.
  Output an integer, the sum of the numbers.
  
  Examples:
  Input: 23 41 55 76
  Result: 195
  Input: 1 2 3 4
  Result: 10",020,,,W02,79,5,TRUE,needs_review,PS,LMS,LMS-PS-11071368,020.ARM penjumlahan (en),Easy,Tulislah sebuah algoritma untuk menjumlahkan empat bilangan bulat.,Write an algorithm to simply add four integers.,"[{""type"": ""text"", ""content"": ""Tulislah sebuah algoritma untuk menjumlahkan empat bilangan bulat.\nMasukan berupa empat bilangan bulat.\nKeluaran berupa satu bilangan bulat, jumlah dari keempat bilangan tersebut.""}]","[{""type"": ""text"", ""content"": ""Write an algorithm to simply add four integers.\nInput four integers.\nOutput an integer, the sum of the numbers.\n\nExamples:\nInput: 23 41 55 76\nResult: 195\nInput: 1 2 3 4\nResult: 10""}]","[""23 41 55 76"", ""1 2 3 4""]","[""195"", ""10""]",,,berupa empat bilangan bulat.,four integers.,"berupa satu bilangan bulat, jumlah dari keempat bilangan tersebut.","an integer, the sum of the numbers.",text+table,"[{""case_no"": 1, ""input"": ""23 41 55 76"", ""output"": ""195""}, {""case_no"": 2, ""input"": ""1 2 3 4"", ""output"": ""10""}]",,,TRUE,11071368,11071368
Q006,Pembagian Burger per Anggota Keluarga (div),Pembagian Burger per Anggota Keluarga (div),"Keluarga Jiang memiliki tradisi membagi rata burger di antara mereka. Tulislah sebuahalgoritma untuk menentukan berapa burger yang diterima tiap anggota keluarga.
  Masukan berupa dua bilangan bulat positif, y dan x, yaitu jumlah burger dan jumlah anggota keluarga.
  Keluaran berupa jumlah burger yang diterima tiap anggota keluarga.","The Jiang family has a tradition to share their burgers equally among themselves.
  Write an algorithm to determine how many burgers received by each member of the family.
  Input two positive integers, y and x, i.e. the number of burgers and family members.
  Output the number of burgers received by each family member.
  
  Examples:
  Input: 5 3
  Result: 1
  Input: 6 3
  Result: 2",034,,,W02,80,6,TRUE,needs_review,PS,LMS,LMS-PS-10422158,034.UAI div kue (en),Easy,Keluarga Jiang memiliki tradisi membagi rata burger di antara mereka.,The Jiang family has a tradition to share their burgers equally among themselves.,"[{""type"": ""text"", ""content"": ""Keluarga Jiang memiliki tradisi membagi rata burger di antara mereka. Tulislah sebuahalgoritma untuk menentukan berapa burger yang diterima tiap anggota keluarga.\nMasukan berupa dua bilangan bulat positif, y dan x, yaitu jumlah burger dan jumlah anggota keluarga.\nKeluaran berupa jumlah burger yang diterima tiap anggota keluarga.""}]","[{""type"": ""text"", ""content"": ""The Jiang family has a tradition to share their burgers equally among themselves.\nWrite an algorithm to determine how many burgers received by each member of the family.\nInput two positive integers, y and x, i.e. the number of burgers and family members.\nOutput the number of burgers received by each family member.\n\nExamples:\nInput: 5 3\nResult: 1\nInput: 6 3\nResult: 2""}]","[""5 3"", ""6 3""]","[""1"", ""2""]",,,"berupa dua bilangan bulat positif, y dan x, yaitu jumlah burger dan jumlah anggota keluarga.","two positive integers, y and x, i.e. the number of burgers and family members.",berupa jumlah burger yang diterima tiap anggota keluarga.,the number of burgers received by each family member.,text+table,"[{""case_no"": 1, ""input"": ""5 3"", ""output"": ""1""}, {""case_no"": 2, ""input"": ""6 3"", ""output"": ""2""}]",,,FALSE,10422158,10422158
Q007,Sisa Pembagian Kue (mod),Sisa Pembagian Kue (mod),"Keluarga Ma memiliki tradisi membagi rata cookies mereka, dan menambahkan sisa cookies untuk anak bungsu. Tulislah sebuah algoritma untuk menghitung berapa sisa cookies setelah dibagi rata di antara anggota keluarga.
  Masukan berupa dua bilangan bulat positif, y dan x, yaitu jumlah cookies dan jumlah anggota keluarga.
  Keluaran berupa jumlah sisa cookies yang akan diberikan ke anak bungsu.","The Ma family has a tradition to share equally their cookies, to add the leftover cookies for the youngest child. Write an algorithm to compute how many leftover
  cookies after sharing them among the family members.
  Input two positive integers, y and x; the number of cookies and family members respectively.
  Output the number of leftover cookies will be given to the youngest child.
  
  Examples:
  Input: 10 5
  Result: 0
  Input: 11 5
  Result: 1",035,,,W02,81,7,TRUE,needs_review,PS,LMS,LMS-PS-10422157,035.UAI mod kue (en),Easy,"Keluarga Ma memiliki tradisi membagi rata cookies mereka, dan menambahkan sisa cookies untuk anak bungsu.","The Ma family has a tradition to share equally their cookies, to add the leftover cookies for the youngest child.","[{""type"": ""text"", ""content"": ""Keluarga Ma memiliki tradisi membagi rata cookies mereka, dan menambahkan sisa cookies untuk anak bungsu. Tulislah sebuah algoritma untuk menghitung berapa sisa cookies setelah dibagi rata di antara anggota keluarga.\nMasukan berupa dua bilangan bulat positif, y dan x, yaitu jumlah cookies dan jumlah anggota keluarga.\nKeluaran berupa jumlah sisa cookies yang akan diberikan ke anak bungsu.""}]","[{""type"": ""text"", ""content"": ""The Ma family has a tradition to share equally their cookies, to add the leftover cookies for the youngest child. Write an algorithm to compute how many leftover\ncookies after sharing them among the family members.\nInput two positive integers, y and x; the number of cookies and family members respectively.\nOutput the number of leftover cookies will be given to the youngest child.\n\nExamples:\nInput: 10 5\nResult: 0\nInput: 11 5\nResult: 1""}]","[""10 5"", ""11 5""]","[""0"", ""1""]",,,"berupa dua bilangan bulat positif, y dan x, yaitu jumlah cookies dan jumlah anggota keluarga.","two positive integers, y and x; the number of cookies and family members respectively.",berupa jumlah sisa cookies yang akan diberikan ke anak bungsu.,the number of leftover cookies will be given to the youngest child.,text+table,"[{""case_no"": 1, ""input"": ""10 5"", ""output"": ""0""}, {""case_no"": 2, ""input"": ""11 5"", ""output"": ""1""}]",,,FALSE,10422157,10422157
Q008,Persamaan y = (x² + 1/x)²,Persamaan y = (x² + 1/x)²,"Tulislah sebuah algoritma untuk menghitung y = (x² + 1/x)².
  Masukan berupa satu bilangan riil, nilai x.
  Keluaran berupa hasil perhitungan y.","Write an algorithm to compute y = (x² + 1/x)².
  Input a real number, the x value.
  Output the computed y.
  
  Examples:
  Input: 5.0
  Result: 635.0400000
  Input: 1.2
  Result: 5.1680444",013,,,W02,82,8,TRUE,needs_review,PS,LMS,LMS-PS-10413322,013.UAI persamaan y = (x^2 + 1/x)^2 (en),Challenger,Tulislah sebuah algoritma untuk menghitung y = (x² + 1/x)².,Write an algorithm to compute y = (x² + 1/x)².,"[{""type"": ""text"", ""content"": ""Tulislah sebuah algoritma untuk menghitung y = (x² + 1/x)².\nMasukan berupa satu bilangan riil, nilai x.\nKeluaran berupa hasil perhitungan y.""}]","[{""type"": ""text"", ""content"": ""Write an algorithm to compute y = (x² + 1/x)².\nInput a real number, the x value.\nOutput the computed y.\n\nExamples:\nInput: 5.0\nResult: 635.0400000\nInput: 1.2\nResult: 5.1680444""}]","[""5.0"", ""1.2""]","[""635.0400000"", ""5.1680444""]",,,"berupa satu bilangan riil, nilai x.","a real number, the x value.",berupa hasil perhitungan y.,the computed y.,text+table,"[{""case_no"": 1, ""input"": ""5.0"", ""output"": ""635.0400000""}, {""case_no"": 2, ""input"": ""1.2"", ""output"": ""5.1680444""}]",,,FALSE,10413322,10413322
Q009,Fungsi f(x) = (x³ + 3x)/(x⁴ - 3x² + 4),Fungsi f(x) = (x³ + 3x)/(x⁴ - 3x² + 4),"Tulislah sebuah algoritma untuk menghitung fungsi f(x) = (x³ + 3x) / (x⁴ - 3x² + 4).
  Masukan berupa satu bilangan riil untuk x.
  Keluaran berupa nilai f(x).","Write an algorithm to compute this function f(x) = (x³ + 3x) / (x⁴ - 3x² + 4).
  Input a real number for x.
  Output the value of f(x).
  
  Examples:
  Input: 1.6
  Result: 3.0957684
  Input: -1.4
  Result: -3.5399674",019,,,W02,83,9,TRUE,needs_review,PS,LMS,LMS-PS-10413313,019.UAI persamaan f(x) = (x^3 + 3x)/(x^4-3x^2 + 4) (en),Challenger,Tulislah sebuah algoritma untuk menghitung fungsi f(x) = (x³ + 3x) / (x⁴ - 3x² + 4).,Write an algorithm to compute this function f(x) = (x³ + 3x) / (x⁴ - 3x² + 4).,"[{""type"": ""text"", ""content"": ""Tulislah sebuah algoritma untuk menghitung fungsi f(x) = (x³ + 3x) / (x⁴ - 3x² + 4).\nMasukan berupa satu bilangan riil untuk x.\nKeluaran berupa nilai f(x).""}]","[{""type"": ""text"", ""content"": ""Write an algorithm to compute this function f(x) = (x³ + 3x) / (x⁴ - 3x² + 4).\nInput a real number for x.\nOutput the value of f(x).\n\nExamples:\nInput: 1.6\nResult: 3.0957684\nInput: -1.4\nResult: -3.5399674""}]","[""1.6"", ""-1.4""]","[""3.0957684"", ""-3.5399674""]",,,berupa satu bilangan riil untuk x.,a real number for x.,berupa nilai f(x).,the value of f(x).,text+table,"[{""case_no"": 1, ""input"": ""1.6"", ""output"": ""3.0957684""}, {""case_no"": 2, ""input"": ""-1.4"", ""output"": ""-3.5399674""}]",,,TRUE,10413313,10413313
Q010,Membaca dan Mencetak Karakter,Membaca dan Mencetak Karakter,"Tulislah sebuah algoritma untuk mencetak karakter yang sama seperti yang dibaca dari masukan.
  Masukan berupa satu karakter.
  Keluaran berupa karakter yang sama.","Write an algorithm to print the same character read from the input.
  Input a character.
  Output the same character.
  
  Examples:
  Input: c
  Result: c
  Input: a
  Result: a",028,,,W02,84,10,TRUE,needs_review,PS,LMS,LMS-PS-10416812,028.UAI cetak karakter (en),Challenger,Tulislah sebuah algoritma untuk mencetak karakter yang sama seperti yang dibaca dari masukan.,Write an algorithm to print the same character read from the input.,"[{""type"": ""text"", ""content"": ""Tulislah sebuah algoritma untuk mencetak karakter yang sama seperti yang dibaca dari masukan.\nMasukan berupa satu karakter.\nKeluaran berupa karakter yang sama.""}]","[{""type"": ""text"", ""content"": ""Write an algorithm to print the same character read from the input.\nInput a character.\nOutput the same character.\n\nExamples:\nInput: c\nResult: c\nInput: a\nResult: a""}]","[""c"", ""a""]","[""c"", ""a""]",,,berupa satu karakter.,a character.,berupa karakter yang sama.,the same character.,text+table,"[{""case_no"": 1, ""input"": ""c"", ""output"": ""c""}, {""case_no"": 2, ""input"": ""a"", ""output"": ""a""}]",,,TRUE,10416812,10416812
Q011,Kalkulator Pecahan (a/b dan c/d),Kalkulator Pecahan (a/b dan c/d),"Tulislah sebuah algoritma seperti aplikasi kalkulator untuk menghitung operasi aritmetika antara dua bilangan pecahan a/b dan c/d.
  Masukan berupa empat bilangan bulat a, b, c, dan d secara berurutan, yang merepresentasikan bilangan pecahan a/b dan c/d.
  Keluaran berupa hasil operasi penjumlahan, pengurangan, perkalian, dan pembagian dalam bentuk pecahan x/y. Untuk setiap operasi, tampilkan label operasi, pembilang x, karakter ""/"", dan penyebut y secara berurutan.","Write a calculator app-like algorithm to compute arithmetic operations between two fractional numbers a/b and c/d.
  Input four integers, a, b, c, and d respectively, representing the fractional numbers a/b and c/d.
  Output the results of addition, subtraction, multiplication, and division as fractions x/y. For each operation, print the operation label, numerator x, the character ""/"", and denominator y in that order.
  
  Examples:
  Input: 1 2 1 2
  Result:
  addition:
  4
  /
  4
  subtraction:
  0
  /
  4
  multiplication:
  1
  /
  4
  division:
  2
  /
  2
  
  Input: 2 5 1 5
  Result:
  addition:
  15
  /
  25
  subtraction:
  5
  /
  25
  multiplication:
  2
  /
  25
  division:
  10
  /
  5",085,,,W02,85,11,TRUE,needs_review,PS,LMS,LMS-PS-11110233,085.ANO kalkulator pecahan (en),Challenger,Tulislah sebuah algoritma seperti aplikasi kalkulator untuk menghitung operasi aritmetika antara dua bilangan pecahan a/b dan c/d.,Write a calculator app-like algorithm to compute arithmetic operations between two fractional numbers a/b and c/d.,"[{""type"": ""text"", ""content"": ""Tulislah sebuah algoritma seperti aplikasi kalkulator untuk menghitung operasi aritmetika antara dua bilangan pecahan a/b dan c/d.\n Masukan berupa empat bilangan bulat a, b, c, dan d secara berurutan, yang merepresentasikan bilangan pecahan a/b dan c/d.\n Keluaran berupa hasil operasi penjumlahan, pengurangan, perkalian, dan pembagian dalam bentuk pecahan x/y. Untuk setiap operasi, tampilkan label operasi, pembilang x, karakter \""/\"", dan penyebut y secara berurutan.""}]","[{""type"": ""text"", ""content"": ""Write a calculator app-like algorithm to compute arithmetic operations between two fractional numbers a/b and c/d.\n Input four integers, a, b, c, and d respectively, representing the fractional numbers a/b and c/d.\n Output the results of addition, subtraction, multiplication, and division as fractions x/y. For each operation, print the operation label, numerator x, the character \""/\"", and denominator y in that order.\n\n Examples:\n Input: 1 2 1 2\n Result:\n addition:\n 4\n /\n 4\n subtraction:\n 0\n /\n 4\n multiplication:\n 1\n /\n 4\n division:\n 2\n /\n 2\n\n Input: 2 5 1 5\n Result:\n addition:\n 15\n /\n 25\n subtraction:\n 5\n /\n 25\n multiplication:\n 2\n /\n 25\n division:\n 10\n /\n 5""}]","[""1 2 1 2"", ""2 5 1 5""]","[""addition:\n4\n/\n4\nsubtraction:\n0\n/\n4\nmultiplication:\n1\n/\n4\ndivision:\n2\n/\n2"", ""addition:\n15\n/\n25\nsubtraction:\n5\n/\n25\nmultiplication:\n2\n/\n25\ndivision:\n10\n/\n5""]",,,"berupa empat bilangan bulat a, b, c, dan d secara berurutan, yang merepresentasikan bilangan pecahan a/b dan c/d.","four integers, a, b, c, and d respectively, representing the fractional numbers a/b and c/d.","berupa hasil operasi penjumlahan, pengurangan, perkalian, dan pembagian dalam bentuk pecahan x/y. Untuk setiap operasi, tampilkan label operasi, pembilang x, karakter ""/"", dan penyebut y secara berurutan.","the results of addition, subtraction, multiplication, and division as fractions x/y. For each operation, print the operation label, numerator x, the character ""/"", and denominator y in that order.",text+table,"[{""case_no"": 1, ""input"": ""1 2 1 2"", ""output"": ""addition:\n4\n/\n4\nsubtraction:\n0\n/\n4\nmultiplication:\n1\n/\n4\ndivision:\n2\n/\n2""}, {""case_no"": 2, ""input"": ""2 5 1 5"", ""output"": ""addition:\n15\n/\n25\nsubtraction:\n5\n/\n25\nmultiplication:\n2\n/\n25\ndivision:\n10\n/\n5""}]",,,TRUE,11110233,11110233
Q012,Denominasi Uang Kembalian,Denominasi Uang Kembalian,"Kasir Algomart menyimpan uang kertas sepuluh-ribuan, lima-ribuan, dan seribuan di mesin kasir. Ketika pelanggan membayar lebih dari total belanjaannya, kembalian diambil dari mesin kasir. Tulislah sebuah algoritma untuk menghitung jumlah lembar uang kertas dari tiap pecahan yang dikembalikan kasir.
  Masukan berupa satu bilangan bulat, jumlah uang kembalian yang harus diterima pelanggan.
  Keluaran berupa jumlah lembar uang sepuluh-ribuan, lima-ribuan, dan seribuan.
  
  Algomart cashier keeps ten-thousand bills, five-thousand bills, thousand bills in the cash register. When a customer pays more than her groceries cost, the change will be taken from the cash register. Write an algorithm to compute the number of bills of each denominations returned by the cashier.","Input an integer, the change money should be received by the customer.
  Output the number of bills for ten-thousand, five-thousand, and thousand bills.
  
  Examples:
  Input: 19000
  Result:
  1
  1
  4
  Input: 6000
  Result:
  0
  1
  1",037,,,W02,86,12,TRUE,needs_review,PS,LMS,LMS-PS-10564818,037.ANO denominasi uang (en),Ultimate,"Kasir Algomart menyimpan uang kertas sepuluh-ribuan, lima-ribuan, dan seribuan di mesin kasir.","Input an integer, the change money should be received by the customer.","[{""type"": ""text"", ""content"": ""Kasir Algomart menyimpan uang kertas sepuluh-ribuan, lima-ribuan, dan seribuan di mesin kasir. Ketika pelanggan membayar lebih dari total belanjaannya, kembalian diambil dari mesin kasir. Tulislah sebuah algoritma untuk menghitung jumlah lembar uang kertas dari tiap pecahan yang dikembalikan kasir.\nMasukan berupa satu bilangan bulat, jumlah uang kembalian yang harus diterima pelanggan.\nKeluaran berupa jumlah lembar uang sepuluh-ribuan, lima-ribuan, dan seribuan.\n\nAlgomart cashier keeps ten-thousand bills, five-thousand bills, thousand bills in the cash register. When a customer pays more than her groceries cost, the change will be taken from the cash register. Write an algorithm to compute the number of bills of each denominations returned by the cashier.""}]","[{""type"": ""text"", ""content"": ""Input an integer, the change money should be received by the customer.\nOutput the number of bills for ten-thousand, five-thousand, and thousand bills.\n\nExamples:\nInput: 19000\nResult:\n1\n1\n4\nInput: 6000\nResult:\n0\n1\n1""}]","[""19000"", ""6000""]","[""1\n1\n4"", ""0\n1\n1""]",,,"berupa satu bilangan bulat, jumlah uang kembalian yang harus diterima pelanggan.","an integer, the change money should be received by the customer.","berupa jumlah lembar uang sepuluh-ribuan, lima-ribuan, dan seribuan.","the number of bills for ten-thousand, five-thousand, and thousand bills.",text+table,"[{""case_no"": 1, ""input"": ""19000"", ""output"": ""1\n1\n4""}, {""case_no"": 2, ""input"": ""6000"", ""output"": ""0\n1\n1""}]",,,TRUE,10564818,10564818
Q013,Konversi Detik Maraton ke Jam-Menit-Detik,Konversi Detik Maraton ke Jam-Menit-Detik,"Seorang atlet maraton mencatat waktu larinya menggunakan stopwatch (dalam detik).
  Tulislah sebuah algoritma untuk mengonversi catatan waktu tersebut menjadi jam, menit, dan detik.
  Masukan berupa satu bilangan bulat positif, waktu lari atlet dalam detik.
  Keluaran berupa catatan waktu yang sama dalam jam, menit, dan detik.
  
  A marathon athlete keeps track its running time by using a stopwatch (in seconds).","Write an algorithm to convert the time into hours, minutes, and seconds.
  Input a positive integer, the athlete running time in seconds.
  Output the same record but in hours, minutes and seconds.
  
  Examples:
  Input: 7299
  Result:
  2
  1
  39
  Input: 7301
  Result:
  2
  1
  41",040,,,W02,87,13,TRUE,needs_review,PS,LMS,LMS-PS-10564819,040.UAI detik maraton (en),Ultimate,Seorang atlet maraton mencatat waktu larinya menggunakan stopwatch (dalam detik).,"Write an algorithm to convert the time into hours, minutes, and seconds.","[{""type"": ""text"", ""content"": ""Seorang atlet maraton mencatat waktu larinya menggunakan stopwatch (dalam detik).\nTulislah sebuah algoritma untuk mengonversi catatan waktu tersebut menjadi jam, menit, dan detik.\nMasukan berupa satu bilangan bulat positif, waktu lari atlet dalam detik.\nKeluaran berupa catatan waktu yang sama dalam jam, menit, dan detik.\n\nA marathon athlete keeps track its running time by using a stopwatch (in seconds).""}]","[{""type"": ""text"", ""content"": ""Write an algorithm to convert the time into hours, minutes, and seconds.\nInput a positive integer, the athlete running time in seconds.\nOutput the same record but in hours, minutes and seconds.\n\nExamples:\nInput: 7299\nResult:\n2\n1\n39\nInput: 7301\nResult:\n2\n1\n41""}]","[""7299"", ""7301""]","[""2\n1\n39"", ""2\n1\n41""]",,,"berupa satu bilangan bulat positif, waktu lari atlet dalam detik.","a positive integer, the athlete running time in seconds.","berupa catatan waktu yang sama dalam jam, menit, dan detik.","the same record but in hours, minutes and seconds.",text+table,"[{""case_no"": 1, ""input"": ""7299"", ""output"": ""2\n1\n39""}, {""case_no"": 2, ""input"": ""7301"", ""output"": ""2\n1\n41""}]",,,TRUE,10564819,10564819
Q014,Pertukaran Isi Tiga Variabel,Pertukaran Isi Tiga Variabel,"Tulislah sebuah algoritma untuk menukar isi tiga variabel, sehingga:
  - variabel y berisi nilai dari x
  - variabel x berisi nilai dari z
  - variabel z berisi nilai dari y
  
  Masukan berupa tiga bilangan yang disimpan ke variabel x, y, z.
  Keluaran berupa isi variabel x, y, z setelah proses penukaran.
  Petunjuk: Pembacaan harus menggunakan variabel x, y, z dalam urutan ini, dan penulisan juga harus menggunakan variabel yang sama dalam urutan yang sama (x, y, z).","Write an algorithm to exchange the content of three variables, such that:
  - variable y contains value from x
  - variable x contains value from z
  - variable z contains value from y
  
  Input three numbers should be stored into variables x, y, z.
  Output the contents of variables x, y, z after the process.
  Hint: The reading must use variables x, y, z in this order, and the writing should also use the same variables in the same order (x, y, z).
  
  Examples:
  Input: 1 2 3
  Result:
  3
  1
  2
  Input: 11 22 33
  Result:
  33
  11
  22",053,,,W02,88,14,TRUE,needs_review,PS,LMS,LMS-PS-10564825,053.UAI tukar 3 bilangan (en),Ultimate,"Tulislah sebuah algoritma untuk menukar isi tiga variabel, sehingga: - variabel y berisi nilai dari x - variabel x berisi nilai dari z - variabel z berisi nilai dari y Masukan ber…","Write an algorithm to exchange the content of three variables, such that: - variable y contains value from x - variable x contains value from z - variable z contains value from y…","[{""type"": ""text"", ""content"": ""Tulislah sebuah algoritma untuk menukar isi tiga variabel, sehingga:\n- variabel y berisi nilai dari x\n- variabel x berisi nilai dari z\n- variabel z berisi nilai dari y\n\nMasukan berupa tiga bilangan yang disimpan ke variabel x, y, z.\nKeluaran berupa isi variabel x, y, z setelah proses penukaran.\nPetunjuk: Pembacaan harus menggunakan variabel x, y, z dalam urutan ini, dan penulisan juga harus menggunakan variabel yang sama dalam urutan yang sama (x, y, z).""}]","[{""type"": ""text"", ""content"": ""Write an algorithm to exchange the content of three variables, such that:\n- variable y contains value from x\n- variable x contains value from z\n- variable z contains value from y\n\nInput three numbers should be stored into variables x, y, z.\nOutput the contents of variables x, y, z after the process.\nHint: The reading must use variables x, y, z in this order, and the writing should also use the same variables in the same order (x, y, z).\n\nExamples:\nInput: 1 2 3\nResult:\n3\n1\n2\nInput: 11 22 33\nResult:\n33\n11\n22""}]","[""1 2 3"", ""11 22 33""]","[""3\n1\n2"", ""33\n11\n22""]",,,"berupa tiga bilangan yang disimpan ke variabel x, y, z.","three numbers should be stored into variables x, y, z.","berupa isi variabel x, y, z setelah proses penukaran.","the contents of variables x, y, z after the process.",text+table,"[{""case_no"": 1, ""input"": ""1 2 3"", ""output"": ""3\n1\n2""}, {""case_no"": 2, ""input"": ""11 22 33"", ""output"": ""33\n11\n22""}]",,,TRUE,10564825,10564825
Q015,Membalik Posisi Digit Bilangan Tiga Digit,Membalik Posisi Digit Bilangan Tiga Digit,"Tulislah sebuah algoritma untuk menukar posisi digit dari sebuah bilangan tiga digit. Contoh, untuk masukan 123, hasilnya adalah 321.
  Masukan berupa satu bilangan bulat positif tiga digit.
  Keluaran berupa bilangan bulat tiga digit lain dari bilangan asli, menggunakan proses seperti dijelaskan pada contoh.
  Petunjuk: Anda harus membaca masukan sebagai satu bilangan bulat, bukan sebagai 3 karakter atau 3 bilangan satu digit. Demikian pula, Anda harus menulis keluaran sebagai satu bilangan bulat, bukan sebagai 3 karakter atau 3 bilangan satu digit.","Write an algorithm to switch the digit position of a three digit number. Example, given input 123, the result should be 321.
  Input a three digit positive integer.
  Output another three digit integer from the original, using the process as described in the example.
  Hint: You have to read the input as an integer, not as 3 characters or 3 one-digit numbers. Similarly, you must write the output as one integer, not as 3 characters or 3 one-digit numbers.
  
  Examples:
  Input: 123
  Result: 321
  Input: 321
  Result: 123",059,,,W02,89,15,TRUE,needs_review,PS,LMS,LMS-PS-11318699,059.ANO tukar posisi digit (en),Ultimate,Tulislah sebuah algoritma untuk menukar posisi digit dari sebuah bilangan tiga digit.,Write an algorithm to switch the digit position of a three digit number.,"[{""type"": ""text"", ""content"": ""Tulislah sebuah algoritma untuk menukar posisi digit dari sebuah bilangan tiga digit. Contoh, untuk masukan 123, hasilnya adalah 321.\nMasukan berupa satu bilangan bulat positif tiga digit.\nKeluaran berupa bilangan bulat tiga digit lain dari bilangan asli, menggunakan proses seperti dijelaskan pada contoh.\nPetunjuk: Anda harus membaca masukan sebagai satu bilangan bulat, bukan sebagai 3 karakter atau 3 bilangan satu digit. Demikian pula, Anda harus menulis keluaran sebagai satu bilangan bulat, bukan sebagai 3 karakter atau 3 bilangan satu digit.""}]","[{""type"": ""text"", ""content"": ""Write an algorithm to switch the digit position of a three digit number. Example, given input 123, the result should be 321.\nInput a three digit positive integer.\nOutput another three digit integer from the original, using the process as described in the example.\nHint: You have to read the input as an integer, not as 3 characters or 3 one-digit numbers. Similarly, you must write the output as one integer, not as 3 characters or 3 one-digit numbers.\n\nExamples:\nInput: 123\nResult: 321\nInput: 321\nResult: 123""}]","[""123"", ""321""]","[""321"", ""123""]",,,berupa satu bilangan bulat positif tiga digit.,a three digit positive integer.,"berupa bilangan bulat tiga digit lain dari bilangan asli, menggunakan proses seperti dijelaskan pada contoh.","another three digit integer from the original, using the process as described in the example.",text+table,"[{""case_no"": 1, ""input"": ""123"", ""output"": ""321""}, {""case_no"": 2, ""input"": ""321"", ""output"": ""123""}]",,,TRUE,11318699,11318699
Q016,Menyisipkan Satu Digit di Tengah Bilangan Empat Digit,Menyisipkan Satu Digit di Tengah Bilangan Empat Digit,"Tulislah sebuah algoritma untuk menyisipkan sebuah angka di tengah bilangan empat digit. Contoh, untuk masukan 1234 dan 5, hasilnya adalah 12534.
  Masukan berupa dua bilangan bulat positif, yang pertama berdigit empat dan yang kedua berdigit satu.
  Keluaran berupa bilangan bulat baru setelah proses di atas.","Write an algorithm to insert a number in the middle of a four-digit number. Example, given two integers 1234 and 5, the result should be 12534.
  Input two positive integers, the first has four digits and the second is only one digit.
  Output the new integer after the process described above.
  
  Examples:
  Input: 1234 5
  Result: 12534
  Input: 2345 1
  Result: 23145",062,,,W02,90,16,TRUE,needs_review,PS,LMS,LMS-PS-10564828,062.ANO sisip digit 1 (en),Ultimate,Tulislah sebuah algoritma untuk menyisipkan sebuah angka di tengah bilangan empat digit.,Write an algorithm to insert a number in the middle of a four-digit number.,"[{""type"": ""text"", ""content"": ""Tulislah sebuah algoritma untuk menyisipkan sebuah angka di tengah bilangan empat digit. Contoh, untuk masukan 1234 dan 5, hasilnya adalah 12534.\nMasukan berupa dua bilangan bulat positif, yang pertama berdigit empat dan yang kedua berdigit satu.\nKeluaran berupa bilangan bulat baru setelah proses di atas.""}]","[{""type"": ""text"", ""content"": ""Write an algorithm to insert a number in the middle of a four-digit number. Example, given two integers 1234 and 5, the result should be 12534.\nInput two positive integers, the first has four digits and the second is only one digit.\nOutput the new integer after the process described above.\n\nExamples:\nInput: 1234 5\nResult: 12534\nInput: 2345 1\nResult: 23145""}]","[""1234 5"", ""2345 1""]","[""12534"", ""23145""]",,,"berupa dua bilangan bulat positif, yang pertama berdigit empat dan yang kedua berdigit satu.","two positive integers, the first has four digits and the second is only one digit.",berupa bilangan bulat baru setelah proses di atas.,the new integer after the process described above.,text+table,"[{""case_no"": 1, ""input"": ""1234 5"", ""output"": ""12534""}, {""case_no"": 2, ""input"": ""2345 1"", ""output"": ""23145""}]",,,TRUE,10564828,10564828
Q017,Menentukan Apakah Bilangan Kedua Merupakan Faktor Bilangan Pertama,Menentukan Apakah Bilangan Kedua Merupakan Faktor Bilangan Pertama,"Diberikan dua bilangan bulat positif, periksa apakah bilangan kedua adalah faktor dari bilangan pertama.
  Masukan berupa dua bilangan bulat positif x dan y, dengan x > y.
  Keluaran berupa bilangan bulat 1 jika y adalah faktor dari x, dan 0 jika bukan.
  Catatan: Gunakan berbagai operasi bilangan bulat.","Given two positive integers, check whether the second integer is a factor of the first integer.
  Input two positive integer x and y, where x > y.
  Output an integer 1 if y is a factor of x and 0 otherwise.
  Note: Use various integer operations.
  
  Examples:
  Input: 15 3
  Result: 1
  Input: 15 7
  Result: 0",070,,,W02,91,17,TRUE,needs_review,PS,LMS,LMS-PS-10953699,070.JMT A Factor of the Other (en),Ultimate,"Diberikan dua bilangan bulat positif, periksa apakah bilangan kedua adalah faktor dari bilangan pertama.","Given two positive integers, check whether the second integer is a factor of the first integer.","[{""type"": ""text"", ""content"": ""Diberikan dua bilangan bulat positif, periksa apakah bilangan kedua adalah faktor dari bilangan pertama.\nMasukan berupa dua bilangan bulat positif x dan y, dengan x > y.\nKeluaran berupa bilangan bulat 1 jika y adalah faktor dari x, dan 0 jika bukan.\nCatatan: Gunakan berbagai operasi bilangan bulat.""}]","[{""type"": ""text"", ""content"": ""Given two positive integers, check whether the second integer is a factor of the first integer.\nInput two positive integer x and y, where x > y.\nOutput an integer 1 if y is a factor of x and 0 otherwise.\nNote: Use various integer operations.\n\nExamples:\nInput: 15 3\nResult: 1\nInput: 15 7\nResult: 0""}]","[""15 3"", ""15 7""]","[""1"", ""0""]",,,"berupa dua bilangan bulat positif x dan y, dengan x > y.","two positive integer x and y, where x > y.","berupa bilangan bulat 1 jika y adalah faktor dari x, dan 0 jika bukan.",an integer 1 if y is a factor of x and 0 otherwise.,text+table,"[{""case_no"": 1, ""input"": ""15 3"", ""output"": ""1""}, {""case_no"": 2, ""input"": ""15 7"", ""output"": ""0""}]",,,TRUE,10953699,10953699
Q018,Menentukan Bilangan Negatif Tanpa Percabangan,Menentukan Bilangan Negatif Tanpa Percabangan,"Diberikan sebuah bilangan bulat, periksa apakah bilangan tersebut negatif.
  Masukan berupa satu bilangan bulat.
  Keluaran berupa bilangan bulat 1 jika masukan negatif, dan 0 jika bukan.
  Catatan: Gunakan berbagai operasi bilangan bulat.
  Catatan 2: Bilangan bulat disimpan sebagai bilangan 32 bit.","Given an integer, check whether it is a negative integer.
  Input an integer.
  Output an integer 1 if the input is negative and 0 otherwise.
  Note: Use various integer operations.
  Note2: The integer is stored as 32 bit number.
  
  Examples:
  Input: 15
  Result: 0
  Input: -15
  Result: 1",071,,,W02,92,18,TRUE,needs_review,PS,LMS,LMS-PS-10953700,071.JMT Negative or Positive (en),Ultimate,"Diberikan sebuah bilangan bulat, periksa apakah bilangan tersebut negatif.","Given an integer, check whether it is a negative integer.","[{""type"": ""text"", ""content"": ""Diberikan sebuah bilangan bulat, periksa apakah bilangan tersebut negatif.\nMasukan berupa satu bilangan bulat.\nKeluaran berupa bilangan bulat 1 jika masukan negatif, dan 0 jika bukan.\nCatatan: Gunakan berbagai operasi bilangan bulat.\nCatatan 2: Bilangan bulat disimpan sebagai bilangan 32 bit.""}]","[{""type"": ""text"", ""content"": ""Given an integer, check whether it is a negative integer.\nInput an integer.\nOutput an integer 1 if the input is negative and 0 otherwise.\nNote: Use various integer operations.\nNote2: The integer is stored as 32 bit number.\n\nExamples:\nInput: 15\nResult: 0\nInput: -15\nResult: 1""}]","[""15"", ""-15""]","[""0"", ""1""]",,,berupa satu bilangan bulat.,an integer.,"berupa bilangan bulat 1 jika masukan negatif, dan 0 jika bukan.",an integer 1 if the input is negative and 0 otherwise.,text+table,"[{""case_no"": 1, ""input"": ""15"", ""output"": ""0""}, {""case_no"": 2, ""input"": ""-15"", ""output"": ""1""}]",,,TRUE,10953700,10953700
Q019,Menghitung Nilai Absolut Tanpa Percabangan,Menghitung Nilai Absolut Tanpa Percabangan,"Diberikan sebuah bilangan bulat signed 32-bit, cetak nilai mutlak dari bilangan tersebut. Nilai masukan berada pada rentang -2147483647 sampai 2147483647.
  Masukan berupa satu bilangan bulat.
  Keluaran berupa nilai mutlak dari bilangan tersebut.
  Catatan: Gunakan berbagai operasi bilangan bulat. Jangan gunakan struktur percabangan.
  Catatan 2: Bilangan bulat disimpan sebagai bilangan 32 bit.","Given a signed 32-bit integer, print the absolute value of the integer. The input value is in the range -2147483647 to 2147483647.
  Input an integer.
  Output the absolute value of the integer.
  Note: Use various integer operations. Do not use conditional statements.
  Note2: The integer is stored as 32 bit number.
  
  Examples:
  Input: 15
  Result: 15
  Input: -15
  Result: 15",072,,,W02,93,19,TRUE,needs_review,PS,LMS,LMS-PS-10999715,072.JMT Absolute (en),Ultimate,"Diberikan sebuah bilangan bulat signed 32-bit, cetak nilai mutlak dari bilangan tersebut.","Given a signed 32-bit integer, print the absolute value of the integer.","[{""type"": ""text"", ""content"": ""Diberikan sebuah bilangan bulat signed 32-bit, cetak nilai mutlak dari bilangan tersebut. Nilai masukan berada pada rentang -2147483647 sampai 2147483647.\nMasukan berupa satu bilangan bulat.\nKeluaran berupa nilai mutlak dari bilangan tersebut.\nCatatan: Gunakan berbagai operasi bilangan bulat. Jangan gunakan struktur percabangan.\nCatatan 2: Bilangan bulat disimpan sebagai bilangan 32 bit.""}]","[{""type"": ""text"", ""content"": ""Given a signed 32-bit integer, print the absolute value of the integer. The input value is in the range -2147483647 to 2147483647.\nInput an integer.\nOutput the absolute value of the integer.\nNote: Use various integer operations. Do not use conditional statements.\nNote2: The integer is stored as 32 bit number.\n\nExamples:\nInput: 15\nResult: 15\nInput: -15\nResult: 15""}]","[""15"", ""-15""]","[""15"", ""15""]",,,berupa satu bilangan bulat.,an integer.,berupa nilai mutlak dari bilangan tersebut.,the absolute value of the integer.,text+table,"[{""case_no"": 1, ""input"": ""15"", ""output"": ""15""}, {""case_no"": 2, ""input"": ""-15"", ""output"": ""15""}]",,,TRUE,10999715,10999715
Q020,Nama variabel tertukar dengan nilainya saat output: Kasus 1,A variable name is confused with its value in output: Case 1,"Perhatikan pseudocode berikut.
  
  program CetakNilai
  kamus
  nilai : integer
  algoritma
  nilai <- 8
  output(""nilai"")
  endprogram
  
  Apa yang ditampilkan oleh program?","Perhatikan pseudocode berikut.
  
  program CetakNilai
  kamus
  nilai : integer
  algoritma
  nilai <- 8
  output(""nilai"")
  endprogram
  
  Apa yang ditampilkan oleh program?",IO-02,nilai,Kunci: B,W02,159,20,TRUE,ready,MP,LMS,LMS-MP-W02-IO-02-Q1,IO-02,,Uji pemahaman tentang Nama variabel tertukar dengan nilainya saat output. Perhatikan pseudocode berikut. Apa yang ditampilkan oleh program?,Assess understanding of A variable name is confused with its value in output. Perhatikan pseudocode berikut. Apa yang ditampilkan oleh program?,"[{""type"": ""text"", ""content"": ""Perhatikan pseudocode berikut.""}, {""type"": ""code"", ""content"": ""program CetakNilai\n kamus\n nilai : integer\n algoritma\n nilai <- 8\n output(\""nilai\"")\n endprogram""}, {""type"": ""text"", ""content"": ""Apa yang ditampilkan oleh program?""}]","[{""type"": ""text"", ""content"": ""Perhatikan pseudocode berikut.""}, {""type"": ""code"", ""content"": ""program CetakNilai\n kamus\n nilai : integer\n algoritma\n nilai <- 8\n output(\""nilai\"")\n endprogram""}, {""type"": ""text"", ""content"": ""Apa yang ditampilkan oleh program?""}]",[],[],1,IO-02,,,,,none,,"[{""answer_id"": ""A023"", ""label"": ""A"", ""text"": ""8"", ""is_correct"": false, ""misconceptions"": [""IO-02""]}, {""answer_id"": ""A024"", ""label"": ""B"", ""text"": ""nilai"", ""is_correct"": true, ""misconceptions"": []}, {""answer_id"": ""A025"", ""label"": ""C"", ""text"": ""nilai = 8"", ""is_correct"": false, ""misconceptions"": []}, {""answer_id"": ""A026"", ""label"": ""D"", ""text"": ""Tidak menampilkan apa pun"", ""is_correct"": false, ""misconceptions"": []}]",B,TRUE,,MP-IO-02-1
Q021,Nama variabel tertukar dengan nilainya saat output: Kasus 2,A variable name is confused with its value in output: Case 2,"Perhatikan pseudocode berikut.
  
  program Total
  kamus
  total : integer
  algoritma
  total <- 12
  output(""total"")
  output(total)
  endprogram
  
  Urutan keluaran yang benar adalah ...","Perhatikan pseudocode berikut.
  
  program Total
  kamus
  total : integer
  algoritma
  total <- 12
  output(""total"")
  output(total)
  endprogram
  
  Urutan keluaran yang benar adalah ...",IO-02,total lalu 12,Kunci: B,W02,160,21,TRUE,ready,MP,LMS,LMS-MP-W02-IO-02-Q2,IO-02,,Uji pemahaman tentang Nama variabel tertukar dengan nilainya saat output. Perhatikan pseudocode berikut. Urutan keluaran yang benar adalah ...,Assess understanding of A variable name is confused with its value in output. Perhatikan pseudocode berikut. Urutan keluaran yang benar adalah ...,"[{""type"": ""text"", ""content"": ""Perhatikan pseudocode berikut.""}, {""type"": ""code"", ""content"": ""program Total\n kamus\n total : integer\n algoritma\n total <- 12\n output(\""total\"")\n output(total)\n endprogram""}, {""type"": ""text"", ""content"": ""Urutan keluaran yang benar adalah ...""}]","[{""type"": ""text"", ""content"": ""Perhatikan pseudocode berikut.""}, {""type"": ""code"", ""content"": ""program Total\n kamus\n total : integer\n algoritma\n total <- 12\n output(\""total\"")\n output(total)\n endprogram""}, {""type"": ""text"", ""content"": ""Urutan keluaran yang benar adalah ...""}]",[],[],2,IO-02,,,,,none,,"[{""answer_id"": ""A027"", ""label"": ""A"", ""text"": ""12 lalu 12"", ""is_correct"": false, ""misconceptions"": [""IO-02""]}, {""answer_id"": ""A028"", ""label"": ""B"", ""text"": ""total lalu 12"", ""is_correct"": true, ""misconceptions"": []}, {""answer_id"": ""A029"", ""label"": ""C"", ""text"": ""total lalu total"", ""is_correct"": false, ""misconceptions"": [""IO-02""]}, {""answer_id"": ""A030"", ""label"": ""D"", ""text"": ""Hanya 12"", ""is_correct"": false, ""misconceptions"": []}]",B,TRUE,,MP-IO-02-2
Q022,Literal dianggap sebagai variabel yang dapat diubah: Kasus 1,A literal is assumed to be a mutable variable: Case 1,"Perhatikan dua instruksi berikut.
  
  x <- 4.0
  3.14 <- x
  
  Apa yang terjadi ketika instruksi kedua dijalankan?","Perhatikan dua instruksi berikut.
  
  x <- 4.0
  3.14 <- x
  
  Apa yang terjadi ketika instruksi kedua dijalankan?",CO-01,Terjadi error karena 3.14 tidak dapat menjadi tujuan assignment,Kunci: C,W02,161,22,TRUE,ready,MP,LMS,LMS-MP-W02-CO-01-Q1,CO-01,,Uji pemahaman tentang Literal dianggap sebagai variabel yang dapat diubah. Perhatikan dua instruksi berikut.,Assess understanding of A literal is assumed to be a mutable variable. Perhatikan dua instruksi berikut.,"[{""type"": ""text"", ""content"": ""Perhatikan dua instruksi berikut.""}, {""type"": ""code"", ""content"": ""x <- 4.0\n 3.14 <- x""}, {""type"": ""text"", ""content"": ""Apa yang terjadi ketika instruksi kedua dijalankan?""}]","[{""type"": ""text"", ""content"": ""Perhatikan dua instruksi berikut.""}, {""type"": ""code"", ""content"": ""x <- 4.0\n 3.14 <- x""}, {""type"": ""text"", ""content"": ""Apa yang terjadi ketika instruksi kedua dijalankan?""}]",[],[],1,CO-01,,,,,none,,"[{""answer_id"": ""A031"", ""label"": ""A"", ""text"": ""Nilai literal 3.14 berubah menjadi 4.0"", ""is_correct"": false, ""misconceptions"": [""CO-01""]}, {""answer_id"": ""A032"", ""label"": ""B"", ""text"": ""Nilai x berubah menjadi 3.14"", ""is_correct"": false, ""misconceptions"": []}, {""answer_id"": ""A033"", ""label"": ""C"", ""text"": ""Terjadi error karena 3.14 tidak dapat menjadi tujuan assignment"", ""is_correct"": true, ""misconceptions"": []}, {""answer_id"": ""A034"", ""label"": ""D"", ""text"": ""Program menampilkan 4.0"", ""is_correct"": false, ""misconceptions"": []}]",C,TRUE,,MP-CO-01-1
Q023,Literal dianggap sebagai variabel yang dapat diubah: Kasus 2,A literal is assumed to be a mutable variable: Case 2,Sebuah program harus membaca satu bilangan bulat. Manakah instruksi input yang valid?,Sebuah program harus membaca satu bilangan bulat. Manakah instruksi input yang valid?,CO-01,"input(angka), dengan angka telah dideklarasikan sebagai integer",Kunci: C,W02,162,23,TRUE,ready,MP,LMS,LMS-MP-W02-CO-01-Q2,CO-01,,Uji pemahaman tentang Literal dianggap sebagai variabel yang dapat diubah. Sebuah program harus membaca satu bilangan bulat.,Assess understanding of A literal is assumed to be a mutable variable. Sebuah program harus membaca satu bilangan bulat.,"[{""type"": ""text"", ""content"": ""Sebuah program harus membaca satu bilangan bulat. Manakah instruksi input yang valid?""}]","[{""type"": ""text"", ""content"": ""Sebuah program harus membaca satu bilangan bulat. Manakah instruksi input yang valid?""}]",[],[],2,CO-01,,,,,none,,"[{""answer_id"": ""A035"", ""label"": ""A"", ""text"": ""input(10)"", ""is_correct"": false, ""misconceptions"": []}, {""answer_id"": ""A036"", ""label"": ""B"", ""text"": ""input(-3)"", ""is_correct"": false, ""misconceptions"": []}, {""answer_id"": ""A037"", ""label"": ""C"", ""text"": ""input(angka), dengan angka telah dideklarasikan sebagai integer"", ""is_correct"": true, ""misconceptions"": []}, {""answer_id"": ""A038"", ""label"": ""D"", ""text"": ""input(3.14)"", ""is_correct"": false, ""misconceptions"": [""CO-01""]}]",C,TRUE,,MP-CO-01-2
Q024,Nilai variabel dianggap dapat diketahui dari namanya: Kasus 1,A variable's value is assumed to be inferable from its name: Case 1,"Perhatikan pseudocode berikut.
  
  program Penjumlahan
  kamus
  a, b : integer
  algoritma
  input(a, b)
  total <- a + b
  output(total)
  endprogram
  
  Apa yang terjadi?","Perhatikan pseudocode berikut.
  
  program Penjumlahan
  kamus
  a, b : integer
  algoritma
  input(a, b)
  total <- a + b
  output(total)
  endprogram
  
  Apa yang terjadi?",VA-10,Terjadi error karena total tidak dideklarasikan,Kunci: B,W02,163,24,TRUE,ready,MP,LMS,LMS-MP-W02-VA-10-Q1,VA-10,,"Uji pemahaman tentang Nilai variabel dianggap dapat diketahui dari namanya. Perhatikan pseudocode berikut. a, b : integer Apa yang terjadi?","Assess understanding of A variable's value is assumed to be inferable from its name. Perhatikan pseudocode berikut. a, b : integer Apa yang terjadi?","[{""type"": ""text"", ""content"": ""Perhatikan pseudocode berikut.""}, {""type"": ""code"", ""content"": ""program Penjumlahan\n kamus""}, {""type"": ""text"", ""content"": ""a, b : integer""}, {""type"": ""code"", ""content"": ""algoritma\n input(a, b)\n total <- a + b\n output(total)\n endprogram""}, {""type"": ""text"", ""content"": ""Apa yang terjadi?""}]","[{""type"": ""text"", ""content"": ""Perhatikan pseudocode berikut.""}, {""type"": ""code"", ""content"": ""program Penjumlahan\n kamus""}, {""type"": ""text"", ""content"": ""a, b : integer""}, {""type"": ""code"", ""content"": ""algoritma\n input(a, b)\n total <- a + b\n output(total)\n endprogram""}, {""type"": ""text"", ""content"": ""Apa yang terjadi?""}]",[],[],1,VA-10,,,,,none,,"[{""answer_id"": ""A039"", ""label"": ""A"", ""text"": ""Program berjalan karena komputer memahami bahwa total berarti hasil penjumlahan"", ""is_correct"": false, ""misconceptions"": [""VA-10""]}, {""answer_id"": ""A040"", ""label"": ""B"", ""text"": ""Terjadi error karena total tidak dideklarasikan"", ""is_correct"": true, ""misconceptions"": []}, {""answer_id"": ""A041"", ""label"": ""C"", ""text"": ""Program menampilkan teks total"", ""is_correct"": false, ""misconceptions"": []}, {""answer_id"": ""A042"", ""label"": ""D"", ""text"": ""Variabel total dibuat otomatis dengan nilai awal 0"", ""is_correct"": false, ""misconceptions"": [""VA-10""]}]",B,TRUE,,MP-VA-10-1
Q025,Nilai variabel dianggap dapat diketahui dari namanya: Kasus 2,A variable's value is assumed to be inferable from its name: Case 2,"Algoritma berikut akan menukar nilai x dan y.
  
  kamus
  x, y : integer
  algoritma
  input(x, y)
  temp <- x
  x <- y
  y <- temp
  output(x, y)
  
  Pernyataan yang tepat adalah ...","Algoritma berikut akan menukar nilai x dan y.
  
  kamus
  x, y : integer
  algoritma
  input(x, y)
  temp <- x
  x <- y
  y <- temp
  output(x, y)
  
  Pernyataan yang tepat adalah ...",VA-10,"Error, karena temp belum dideklarasikan",Kunci: B,W02,164,25,TRUE,ready,MP,LMS,LMS-MP-W02-VA-10-Q2,VA-10,,"Uji pemahaman tentang Nilai variabel dianggap dapat diketahui dari namanya. x, y : integer Pernyataan yang tepat adalah ...","Assess understanding of A variable's value is assumed to be inferable from its name. x, y : integer Pernyataan yang tepat adalah ...","[{""type"": ""code"", ""content"": ""Algoritma berikut akan menukar nilai x dan y.\n\n kamus""}, {""type"": ""text"", ""content"": ""x, y : integer""}, {""type"": ""code"", ""content"": ""algoritma\n input(x, y)\n temp <- x\n x <- y\n y <- temp\n output(x, y)""}, {""type"": ""text"", ""content"": ""Pernyataan yang tepat adalah ...""}]","[{""type"": ""code"", ""content"": ""Algoritma berikut akan menukar nilai x dan y.\n\n kamus""}, {""type"": ""text"", ""content"": ""x, y : integer""}, {""type"": ""code"", ""content"": ""algoritma\n input(x, y)\n temp <- x\n x <- y\n y <- temp\n output(x, y)""}, {""type"": ""text"", ""content"": ""Pernyataan yang tepat adalah ...""}]",[],[],2,VA-10,,,,,none,,"[{""answer_id"": ""A043"", ""label"": ""A"", ""text"": ""Valid, karena nama temp sudah menjelaskan bahwa ia variabel sementara"", ""is_correct"": false, ""misconceptions"": [""VA-10""]}, {""answer_id"": ""A044"", ""label"": ""B"", ""text"": ""Error, karena temp belum dideklarasikan"", ""is_correct"": true, ""misconceptions"": []}, {""answer_id"": ""A045"", ""label"": ""C"", ""text"": ""Valid, karena variabel sementara selalu dibuat otomatis"", ""is_correct"": false, ""misconceptions"": [""VA-10""]}, {""answer_id"": ""A046"", ""label"": ""D"", ""text"": ""Error, karena x dan y tidak boleh berubah nilai"", ""is_correct"": false, ""misconceptions"": []}]",B,TRUE,,MP-VA-10-2
Q026,Kata kunci dianggap boleh digunakan sebagai nama variabel: Kasus 1,Reserved words are assumed to be valid variable names: Case 1,"Perhatikan deklarasi berikut.
  
  kamus
  integer : integer
  
  Apakah deklarasi tersebut valid?","Perhatikan deklarasi berikut.
  
  kamus
  integer : integer
  
  Apakah deklarasi tersebut valid?",VA-13,"Tidak valid, karena integer merupakan keyword/nama tipe data",Kunci: B,W02,165,26,TRUE,ready,MP,LMS,LMS-MP-W02-VA-13-Q1,VA-13,,Uji pemahaman tentang Kata kunci dianggap boleh digunakan sebagai nama variabel. Perhatikan deklarasi berikut. Apakah deklarasi tersebut valid?,Assess understanding of Reserved words are assumed to be valid variable names. Perhatikan deklarasi berikut. Apakah deklarasi tersebut valid?,"[{""type"": ""text"", ""content"": ""Perhatikan deklarasi berikut.""}, {""type"": ""code"", ""content"": ""kamus\n integer : integer""}, {""type"": ""text"", ""content"": ""Apakah deklarasi tersebut valid?""}]","[{""type"": ""text"", ""content"": ""Perhatikan deklarasi berikut.""}, {""type"": ""code"", ""content"": ""kamus\n integer : integer""}, {""type"": ""text"", ""content"": ""Apakah deklarasi tersebut valid?""}]",[],[],1,VA-13,,,,,none,,"[{""answer_id"": ""A047"", ""label"": ""A"", ""text"": ""Valid, karena integer di sebelah kiri dianggap sebagai nama variabel"", ""is_correct"": false, ""misconceptions"": [""VA-13""]}, {""answer_id"": ""A048"", ""label"": ""B"", ""text"": ""Tidak valid, karena integer merupakan keyword/nama tipe data"", ""is_correct"": true, ""misconceptions"": []}, {""answer_id"": ""A049"", ""label"": ""C"", ""text"": ""Tidak valid, karena nama variabel harus satu huruf"", ""is_correct"": false, ""misconceptions"": []}, {""answer_id"": ""A050"", ""label"": ""D"", ""text"": ""Valid jika langsung diberi nilai"", ""is_correct"": false, ""misconceptions"": []}]",B,TRUE,,MP-VA-13-1
Q027,Kata kunci dianggap boleh digunakan sebagai nama variabel: Kasus 2,Reserved words are assumed to be valid variable names: Case 2,"Perhatikan kepala program berikut.
  
  program function
  kamus
  x : real
  algoritma
  input(x)
  output(x)
  endprogram
  
  Masalah utama pada pseudocode tersebut adalah ...","Perhatikan kepala program berikut.
  
  program function
  kamus
  x : real
  algoritma
  input(x)
  output(x)
  endprogram
  
  Masalah utama pada pseudocode tersebut adalah ...",VA-13,function merupakan keyword sehingga tidak valid sebagai nama program,Kunci: B,W02,166,27,TRUE,ready,MP,LMS,LMS-MP-W02-VA-13-Q2,VA-13,,Uji pemahaman tentang Kata kunci dianggap boleh digunakan sebagai nama variabel. Perhatikan kepala program berikut.,Assess understanding of Reserved words are assumed to be valid variable names. Perhatikan kepala program berikut.,"[{""type"": ""text"", ""content"": ""Perhatikan kepala program berikut.""}, {""type"": ""code"", ""content"": ""program function\n kamus\n x : real\n algoritma\n input(x)\n output(x)\n endprogram""}, {""type"": ""text"", ""content"": ""Masalah utama pada pseudocode tersebut adalah ...""}]","[{""type"": ""text"", ""content"": ""Perhatikan kepala program berikut.""}, {""type"": ""code"", ""content"": ""program function\n kamus\n x : real\n algoritma\n input(x)\n output(x)\n endprogram""}, {""type"": ""text"", ""content"": ""Masalah utama pada pseudocode tersebut adalah ...""}]",[],[],2,VA-13,,,,,none,,"[{""answer_id"": ""A051"", ""label"": ""A"", ""text"": ""Nama program boleh menggunakan keyword apa pun"", ""is_correct"": false, ""misconceptions"": [""VA-13""]}, {""answer_id"": ""A052"", ""label"": ""B"", ""text"": ""function merupakan keyword sehingga tidak valid sebagai nama program"", ""is_correct"": true, ""misconceptions"": []}, {""answer_id"": ""A053"", ""label"": ""C"", ""text"": ""Nama program harus sama dengan nama variabel"", ""is_correct"": false, ""misconceptions"": []}, {""answer_id"": ""A054"", ""label"": ""D"", ""text"": ""Program harus bernama main"", ""is_correct"": false, ""misconceptions"": []}]",B,TRUE,,MP-VA-13-2
Q028,Variabel dianggap dapat menyimpan banyak nilai sekaligus: Kasus 1,A variable is assumed to store multiple values at once: Case 1,"Perhatikan pseudocode berikut.
  
  x <- 3
  x <- 7
  output(x)
  
  Apa yang ditampilkan?","Perhatikan pseudocode berikut.
  
  x <- 3
  x <- 7
  output(x)
  
  Apa yang ditampilkan?",VA-05,7,Kunci: B,W02,167,28,TRUE,ready,MP,LMS,LMS-MP-W02-VA-05-Q1,VA-05,,Uji pemahaman tentang Variabel dianggap dapat menyimpan banyak nilai sekaligus. Perhatikan pseudocode berikut. Apa yang ditampilkan?,Assess understanding of A variable is assumed to store multiple values at once. Perhatikan pseudocode berikut. Apa yang ditampilkan?,"[{""type"": ""text"", ""content"": ""Perhatikan pseudocode berikut.""}, {""type"": ""code"", ""content"": ""x <- 3\n x <- 7\n output(x)""}, {""type"": ""text"", ""content"": ""Apa yang ditampilkan?""}]","[{""type"": ""text"", ""content"": ""Perhatikan pseudocode berikut.""}, {""type"": ""code"", ""content"": ""x <- 3\n x <- 7\n output(x)""}, {""type"": ""text"", ""content"": ""Apa yang ditampilkan?""}]",[],[],1,VA-05,,,,,none,,"[{""answer_id"": ""A055"", ""label"": ""A"", ""text"": ""3"", ""is_correct"": false, ""misconceptions"": [""VA-05""]}, {""answer_id"": ""A056"", ""label"": ""B"", ""text"": ""7"", ""is_correct"": true, ""misconceptions"": []}, {""answer_id"": ""A057"", ""label"": ""C"", ""text"": ""3 dan 7"", ""is_correct"": false, ""misconceptions"": [""VA-05""]}, {""answer_id"": ""A058"", ""label"": ""D"", ""text"": ""0"", ""is_correct"": false, ""misconceptions"": []}]",B,TRUE,,MP-VA-05-1
Q029,Variabel dianggap dapat menyimpan banyak nilai sekaligus: Kasus 2,A variable is assumed to store multiple values at once: Case 2,"Perhatikan pseudocode berikut.
  
  saldo <- 100
  saldo <- saldo - 30
  saldo <- saldo + 10
  output(saldo)
  
  Apa yang ditampilkan?","Perhatikan pseudocode berikut.
  
  saldo <- 100
  saldo <- saldo - 30
  saldo <- saldo + 10
  output(saldo)
  
  Apa yang ditampilkan?",VA-05,80,Kunci: A,W02,168,29,TRUE,ready,MP,LMS,LMS-MP-W02-VA-05-Q2,VA-05,,Uji pemahaman tentang Variabel dianggap dapat menyimpan banyak nilai sekaligus. Perhatikan pseudocode berikut. Apa yang ditampilkan?,Assess understanding of A variable is assumed to store multiple values at once. Perhatikan pseudocode berikut. Apa yang ditampilkan?,"[{""type"": ""text"", ""content"": ""Perhatikan pseudocode berikut.""}, {""type"": ""code"", ""content"": ""saldo <- 100\n saldo <- saldo - 30\n saldo <- saldo + 10\n output(saldo)""}, {""type"": ""text"", ""content"": ""Apa yang ditampilkan?""}]","[{""type"": ""text"", ""content"": ""Perhatikan pseudocode berikut.""}, {""type"": ""code"", ""content"": ""saldo <- 100\n saldo <- saldo - 30\n saldo <- saldo + 10\n output(saldo)""}, {""type"": ""text"", ""content"": ""Apa yang ditampilkan?""}]",[],[],2,VA-05,,,,,none,,"[{""answer_id"": ""A059"", ""label"": ""A"", ""text"": ""80"", ""is_correct"": true, ""misconceptions"": []}, {""answer_id"": ""A060"", ""label"": ""B"", ""text"": ""110"", ""is_correct"": false, ""misconceptions"": []}, {""answer_id"": ""A061"", ""label"": ""C"", ""text"": ""100"", ""is_correct"": false, ""misconceptions"": [""VA-05""]}, {""answer_id"": ""A062"", ""label"": ""D"", ""text"": ""100, 70, dan 80"", ""is_correct"": false, ""misconceptions"": [""VA-05""]}]",A,TRUE,,MP-VA-05-2
Q030,Perhitungan dilakukan sebelum data tersedia: Kasus 1,Computation is performed before data is available: Case 1,"Perhatikan potongan algoritma konversi detik berikut.
  
  input(totalDetik)
  jam <- totalDetik div 3600
  menit <- sisa div 60
  sisa <- totalDetik mod 3600
  
  Kapan nilai menit dapat dihitung dengan benar?","Perhatikan potongan algoritma konversi detik berikut.
  
  input(totalDetik)
  jam <- totalDetik div 3600
  menit <- sisa div 60
  sisa <- totalDetik mod 3600
  
  Kapan nilai menit dapat dihitung dengan benar?",SQ-03,Setelah sisa <- totalDetik mod 3600 dijalankan,Kunci: B,W02,169,30,TRUE,ready,MP,LMS,LMS-MP-W02-SQ-03-Q1,SQ-03,,Uji pemahaman tentang Perhitungan dilakukan sebelum data tersedia. Perhatikan potongan algoritma konversi detik berikut.,Assess understanding of Computation is performed before data is available. Perhatikan potongan algoritma konversi detik berikut.,"[{""type"": ""text"", ""content"": ""Perhatikan potongan algoritma konversi detik berikut.""}, {""type"": ""code"", ""content"": ""input(totalDetik)\n jam <- totalDetik div 3600\n menit <- sisa div 60\n sisa <- totalDetik mod 3600""}, {""type"": ""text"", ""content"": ""Kapan nilai menit dapat dihitung dengan benar?""}]","[{""type"": ""text"", ""content"": ""Perhatikan potongan algoritma konversi detik berikut.""}, {""type"": ""code"", ""content"": ""input(totalDetik)\n jam <- totalDetik div 3600\n menit <- sisa div 60\n sisa <- totalDetik mod 3600""}, {""type"": ""text"", ""content"": ""Kapan nilai menit dapat dihitung dengan benar?""}]",[],[],1,SQ-03,,,,,none,,"[{""answer_id"": ""A063"", ""label"": ""A"", ""text"": ""Segera setelah jam dihitung karena sisa akan diperoleh pada baris berikutnya"", ""is_correct"": false, ""misconceptions"": [""SQ-03""]}, {""answer_id"": ""A064"", ""label"": ""B"", ""text"": ""Setelah sisa <- totalDetik mod 3600 dijalankan"", ""is_correct"": true, ""misconceptions"": []}, {""answer_id"": ""A065"", ""label"": ""C"", ""text"": ""Sebelum totalDetik dibaca karena rumus menit sudah diketahui"", ""is_correct"": false, ""misconceptions"": []}, {""answer_id"": ""A066"", ""label"": ""D"", ""text"": ""Kapan saja karena urutan tidak memengaruhi hasil"", ""is_correct"": false, ""misconceptions"": [""SQ-01""]}]",B,TRUE,,MP-SQ-03-1
Q031,Perhitungan dilakukan sebelum data tersedia: Kasus 2,Computation is performed before data is available: Case 2,"Semua variabel sudah dideklarasikan. Perhatikan algoritma volume prisma berikut.
  
  input(panjang, lebar, tinggi)
  volume <- luasAlas * tinggi
  luasAlas <- panjang * lebar
  output(volume)
  
  Perbaikan yang diperlukan adalah ...","Semua variabel sudah dideklarasikan. Perhatikan algoritma volume prisma berikut.
  
  input(panjang, lebar, tinggi)
  volume <- luasAlas * tinggi
  luasAlas <- panjang * lebar
  output(volume)
  
  Perbaikan yang diperlukan adalah ...",SQ-03,Pindahkan luasAlas <- panjang * lebar sebelum perhitungan volume,Kunci: B,W02,170,31,TRUE,ready,MP,LMS,LMS-MP-W02-SQ-03-Q2,SQ-03,,Uji pemahaman tentang Perhitungan dilakukan sebelum data tersedia. Semua variabel sudah dideklarasikan.,Assess understanding of Computation is performed before data is available. Semua variabel sudah dideklarasikan.,"[{""type"": ""text"", ""content"": ""Semua variabel sudah dideklarasikan. Perhatikan algoritma volume prisma berikut.""}, {""type"": ""code"", ""content"": ""input(panjang, lebar, tinggi)\n volume <- luasAlas * tinggi\n luasAlas <- panjang * lebar\n output(volume)""}, {""type"": ""text"", ""content"": ""Perbaikan yang diperlukan adalah ...""}]","[{""type"": ""text"", ""content"": ""Semua variabel sudah dideklarasikan. Perhatikan algoritma volume prisma berikut.""}, {""type"": ""code"", ""content"": ""input(panjang, lebar, tinggi)\n volume <- luasAlas * tinggi\n luasAlas <- panjang * lebar\n output(volume)""}, {""type"": ""text"", ""content"": ""Perbaikan yang diperlukan adalah ...""}]",[],[],2,SQ-03,,,,,none,,"[{""answer_id"": ""A067"", ""label"": ""A"", ""text"": ""Tidak ada; luasAlas akan dihitung setelah volume"", ""is_correct"": false, ""misconceptions"": [""SQ-03""]}, {""answer_id"": ""A068"", ""label"": ""B"", ""text"": ""Pindahkan luasAlas <- panjang * lebar sebelum perhitungan volume"", ""is_correct"": true, ""misconceptions"": []}, {""answer_id"": ""A069"", ""label"": ""C"", ""text"": ""Pindahkan output(volume) ke awal"", ""is_correct"": false, ""misconceptions"": []}, {""answer_id"": ""A070"", ""label"": ""D"", ""text"": ""Hapus variabel luasAlas"", ""is_correct"": false, ""misconceptions"": []}]",B,TRUE,,MP-SQ-03-2
Q032,Informasi dianggap tetap tersedia tanpa disimpan: Kasus 1,Information is assumed to remain available without being stored: Case 1,"Perhatikan pseudocode berikut.
  
  input(angka)
  input(angka)
  
  Tidak ada variabel lain yang digunakan. Apakah kedua masukan masih dapat dijumlahkan?","Perhatikan pseudocode berikut.
  
  input(angka)
  input(angka)
  
  Tidak ada variabel lain yang digunakan. Apakah kedua masukan masih dapat dijumlahkan?",SQ-04,"Tidak, masukan pertama telah ditimpa oleh masukan kedua",Kunci: C,W02,171,32,TRUE,ready,MP,LMS,LMS-MP-W02-SQ-04-Q1,SQ-04,,Uji pemahaman tentang Informasi dianggap tetap tersedia tanpa disimpan. Perhatikan pseudocode berikut. Tidak ada variabel lain yang digunakan.,Assess understanding of Information is assumed to remain available without being stored. Perhatikan pseudocode berikut. Tidak ada variabel lain yang digunakan.,"[{""type"": ""text"", ""content"": ""Perhatikan pseudocode berikut.""}, {""type"": ""code"", ""content"": ""input(angka)\n input(angka)""}, {""type"": ""text"", ""content"": ""Tidak ada variabel lain yang digunakan. Apakah kedua masukan masih dapat dijumlahkan?""}]","[{""type"": ""text"", ""content"": ""Perhatikan pseudocode berikut.""}, {""type"": ""code"", ""content"": ""input(angka)\n input(angka)""}, {""type"": ""text"", ""content"": ""Tidak ada variabel lain yang digunakan. Apakah kedua masukan masih dapat dijumlahkan?""}]",[],[],1,SQ-04,,,,,none,,"[{""answer_id"": ""A071"", ""label"": ""A"", ""text"": ""Ya, komputer selalu mengingat semua masukan sebelumnya"", ""is_correct"": false, ""misconceptions"": [""SQ-04""]}, {""answer_id"": ""A072"", ""label"": ""B"", ""text"": ""Ya, angka menyimpan kedua nilai"", ""is_correct"": false, ""misconceptions"": [""VA-05""]}, {""answer_id"": ""A073"", ""label"": ""C"", ""text"": ""Tidak, masukan pertama telah ditimpa oleh masukan kedua"", ""is_correct"": true, ""misconceptions"": []}, {""answer_id"": ""A074"", ""label"": ""D"", ""text"": ""Ya, penjumlahan dapat mengambil kembali input pertama otomatis"", ""is_correct"": false, ""misconceptions"": [""SQ-04""]}]",C,TRUE,,MP-SQ-04-1
Q033,Informasi dianggap tetap tersedia tanpa disimpan: Kasus 2,Information is assumed to remain available without being stored: Case 2,"Nilai awal x bernilai 2 dan y bernilai 9. Perhatikan algoritma pertukaran berikut.
  
  x <- y
  y <- x
  
  Apa nilai akhir x dan y?","Nilai awal x bernilai 2 dan y bernilai 9. Perhatikan algoritma pertukaran berikut.
  
  x <- y
  y <- x
  
  Apa nilai akhir x dan y?",SQ-04,x = 9 dan y = 9,Kunci: B,W02,172,33,TRUE,ready,MP,LMS,LMS-MP-W02-SQ-04-Q2,SQ-04,,Uji pemahaman tentang Informasi dianggap tetap tersedia tanpa disimpan. Nilai awal x bernilai 2 dan y bernilai 9.,Assess understanding of Information is assumed to remain available without being stored. Nilai awal x bernilai 2 dan y bernilai 9.,"[{""type"": ""text"", ""content"": ""Nilai awal x bernilai 2 dan y bernilai 9. Perhatikan algoritma pertukaran berikut.""}, {""type"": ""code"", ""content"": ""x <- y\n y <- x""}, {""type"": ""text"", ""content"": ""Apa nilai akhir x dan y?""}]","[{""type"": ""text"", ""content"": ""Nilai awal x bernilai 2 dan y bernilai 9. Perhatikan algoritma pertukaran berikut.""}, {""type"": ""code"", ""content"": ""x <- y\n y <- x""}, {""type"": ""text"", ""content"": ""Apa nilai akhir x dan y?""}]",[],[],2,SQ-04,,,,,none,,"[{""answer_id"": ""A075"", ""label"": ""A"", ""text"": ""x = 9 dan y = 2"", ""is_correct"": false, ""misconceptions"": [""SQ-04""]}, {""answer_id"": ""A076"", ""label"": ""B"", ""text"": ""x = 9 dan y = 9"", ""is_correct"": true, ""misconceptions"": []}, {""answer_id"": ""A077"", ""label"": ""C"", ""text"": ""x = 2 dan y = 2"", ""is_correct"": false, ""misconceptions"": []}, {""answer_id"": ""A078"", ""label"": ""D"", ""text"": ""x dan y tetap 2 dan 9"", ""is_correct"": false, ""misconceptions"": []}]",B,TRUE,,MP-SQ-04-2
Q034,Variabel dianggap dapat digunakan sebelum diinisialisasi: Kasus 1,A variable is assumed to be usable before initialization: Case 1,"Perhatikan pseudocode berikut.
  
  program Hitung
  kamus
  x, z, hasil : integer
  algoritma
  input(x)
  hasil <- x + z
  output(hasil)
  endprogram
  
  Apa yang terjadi pada hasil <- x + z?","Perhatikan pseudocode berikut.
  
  program Hitung
  kamus
  x, z, hasil : integer
  algoritma
  input(x)
  hasil <- x + z
  output(hasil)
  endprogram
  
  Apa yang terjadi pada hasil <- x + z?",VA-14,Terjadi error karena z belum pernah menerima nilai,Kunci: B,W02,173,34,TRUE,ready,MP,LMS,LMS-MP-W02-VA-14-Q1,VA-14,,"Uji pemahaman tentang Variabel dianggap dapat digunakan sebelum diinisialisasi. Perhatikan pseudocode berikut. x, z, hasil : integer","Assess understanding of A variable is assumed to be usable before initialization. Perhatikan pseudocode berikut. x, z, hasil : integer","[{""type"": ""text"", ""content"": ""Perhatikan pseudocode berikut.""}, {""type"": ""code"", ""content"": ""program Hitung\n kamus""}, {""type"": ""text"", ""content"": ""x, z, hasil : integer""}, {""type"": ""code"", ""content"": ""algoritma\n input(x)\n hasil <- x + z\n output(hasil)\n endprogram\n\n Apa yang terjadi pada hasil <- x + z?""}]","[{""type"": ""text"", ""content"": ""Perhatikan pseudocode berikut.""}, {""type"": ""code"", ""content"": ""program Hitung\n kamus""}, {""type"": ""text"", ""content"": ""x, z, hasil : integer""}, {""type"": ""code"", ""content"": ""algoritma\n input(x)\n hasil <- x + z\n output(hasil)\n endprogram\n\n Apa yang terjadi pada hasil <- x + z?""}]",[],[],1,VA-14,,,,,none,,"[{""answer_id"": ""A079"", ""label"": ""A"", ""text"": ""z otomatis dianggap 0"", ""is_correct"": false, ""misconceptions"": [""VA-14""]}, {""answer_id"": ""A080"", ""label"": ""B"", ""text"": ""Terjadi error karena z belum pernah menerima nilai"", ""is_correct"": true, ""misconceptions"": []}, {""answer_id"": ""A081"", ""label"": ""C"", ""text"": ""z otomatis disamakan dengan x"", ""is_correct"": false, ""misconceptions"": []}, {""answer_id"": ""A082"", ""label"": ""D"", ""text"": ""hasil otomatis menjadi 0"", ""is_correct"": false, ""misconceptions"": [""VA-14""]}]",B,TRUE,,MP-VA-14-1
Q035,Variabel dianggap dapat digunakan sebelum diinisialisasi: Kasus 2,A variable is assumed to be usable before initialization: Case 2,"Perhatikan pseudocode berikut.
  
  program CetakPenghitung
  kamus
  penghitung : integer
  algoritma
  output(penghitung)
  endprogram
  
  Pernyataan yang tepat adalah ...","Perhatikan pseudocode berikut.
  
  program CetakPenghitung
  kamus
  penghitung : integer
  algoritma
  output(penghitung)
  endprogram
  
  Pernyataan yang tepat adalah ...",VA-14,Terjadi error/invalid karena penghitung belum diberi nilai,Kunci: C,W02,174,35,TRUE,ready,MP,LMS,LMS-MP-W02-VA-14-Q2,VA-14,,Uji pemahaman tentang Variabel dianggap dapat digunakan sebelum diinisialisasi. Perhatikan pseudocode berikut. Pernyataan yang tepat adalah ...,Assess understanding of A variable is assumed to be usable before initialization. Perhatikan pseudocode berikut. Pernyataan yang tepat adalah ...,"[{""type"": ""text"", ""content"": ""Perhatikan pseudocode berikut.""}, {""type"": ""code"", ""content"": ""program CetakPenghitung\n kamus\n penghitung : integer\n algoritma\n output(penghitung)\n endprogram""}, {""type"": ""text"", ""content"": ""Pernyataan yang tepat adalah ...""}]","[{""type"": ""text"", ""content"": ""Perhatikan pseudocode berikut.""}, {""type"": ""code"", ""content"": ""program CetakPenghitung\n kamus\n penghitung : integer\n algoritma\n output(penghitung)\n endprogram""}, {""type"": ""text"", ""content"": ""Pernyataan yang tepat adalah ...""}]",[],[],2,VA-14,,,,,none,,"[{""answer_id"": ""A083"", ""label"": ""A"", ""text"": ""Pasti menampilkan 0 karena semua integer otomatis bernilai awal 0"", ""is_correct"": false, ""misconceptions"": [""VA-14""]}, {""answer_id"": ""A084"", ""label"": ""B"", ""text"": ""Pasti menampilkan 1 karena penghitung berarti counter"", ""is_correct"": false, ""misconceptions"": []}, {""answer_id"": ""A085"", ""label"": ""C"", ""text"": ""Terjadi error/invalid karena penghitung belum diberi nilai"", ""is_correct"": true, ""misconceptions"": []}, {""answer_id"": ""A086"", ""label"": ""D"", ""text"": ""Menampilkan teks penghitung"", ""is_correct"": false, ""misconceptions"": []}]",C,TRUE,,MP-VA-14-2
Q036,Urutan eksekusi dianggap dapat berubah: Kasus 1,Execution order is assumed to be changeable: Case 1,"Perhatikan pseudocode berikut.
  
  x <- 2
  output(x)
  x <- 5
  
  Apa yang ditampilkan?","Perhatikan pseudocode berikut.
  
  x <- 2
  output(x)
  x <- 5
  
  Apa yang ditampilkan?",SQ-01,2,Kunci: A,W02,175,36,TRUE,ready,MP,LMS,LMS-MP-W02-SQ-01-Q1,SQ-01,,Uji pemahaman tentang Urutan eksekusi dianggap dapat berubah. Perhatikan pseudocode berikut. Apa yang ditampilkan?,Assess understanding of Execution order is assumed to be changeable. Perhatikan pseudocode berikut. Apa yang ditampilkan?,"[{""type"": ""text"", ""content"": ""Perhatikan pseudocode berikut.""}, {""type"": ""code"", ""content"": ""x <- 2\n output(x)\n x <- 5""}, {""type"": ""text"", ""content"": ""Apa yang ditampilkan?""}]","[{""type"": ""text"", ""content"": ""Perhatikan pseudocode berikut.""}, {""type"": ""code"", ""content"": ""x <- 2\n output(x)\n x <- 5""}, {""type"": ""text"", ""content"": ""Apa yang ditampilkan?""}]",[],[],1,SQ-01,,,,,none,,"[{""answer_id"": ""A087"", ""label"": ""A"", ""text"": ""2"", ""is_correct"": true, ""misconceptions"": []}, {""answer_id"": ""A088"", ""label"": ""B"", ""text"": ""5"", ""is_correct"": false, ""misconceptions"": [""SQ-01""]}, {""answer_id"": ""A089"", ""label"": ""C"", ""text"": ""2 kemudian 5"", ""is_correct"": false, ""misconceptions"": [""IO-05""]}, {""answer_id"": ""A090"", ""label"": ""D"", ""text"": ""Tidak ada keluaran"", ""is_correct"": false, ""misconceptions"": []}]",A,TRUE,,MP-SQ-01-1
Q037,Urutan eksekusi dianggap dapat berubah: Kasus 2,Execution order is assumed to be changeable: Case 2,"Perhatikan pseudocode berikut.
  
  x <- 1
  output(x)
  x <- x + 2
  output(x)
  x <- x * 3
  
  Keluaran program adalah ...","Perhatikan pseudocode berikut.
  
  x <- 1
  output(x)
  x <- x + 2
  output(x)
  x <- x * 3
  
  Keluaran program adalah ...",SQ-01,1 lalu 3,Kunci: A,W02,176,37,TRUE,ready,MP,LMS,LMS-MP-W02-SQ-01-Q2,SQ-01,,Uji pemahaman tentang Urutan eksekusi dianggap dapat berubah. Perhatikan pseudocode berikut. Keluaran program adalah ...,Assess understanding of Execution order is assumed to be changeable. Perhatikan pseudocode berikut. Keluaran program adalah ...,"[{""type"": ""text"", ""content"": ""Perhatikan pseudocode berikut.""}, {""type"": ""code"", ""content"": ""x <- 1\n output(x)\n x <- x + 2\n output(x)\n x <- x * 3""}, {""type"": ""text"", ""content"": ""Keluaran program adalah ...""}]","[{""type"": ""text"", ""content"": ""Perhatikan pseudocode berikut.""}, {""type"": ""code"", ""content"": ""x <- 1\n output(x)\n x <- x + 2\n output(x)\n x <- x * 3""}, {""type"": ""text"", ""content"": ""Keluaran program adalah ...""}]",[],[],2,SQ-01,,,,,none,,"[{""answer_id"": ""A091"", ""label"": ""A"", ""text"": ""1 lalu 3"", ""is_correct"": true, ""misconceptions"": []}, {""answer_id"": ""A092"", ""label"": ""B"", ""text"": ""1 lalu 9"", ""is_correct"": false, ""misconceptions"": []}, {""answer_id"": ""A093"", ""label"": ""C"", ""text"": ""3 lalu 9"", ""is_correct"": false, ""misconceptions"": []}, {""answer_id"": ""A094"", ""label"": ""D"", ""text"": ""9 saja"", ""is_correct"": false, ""misconceptions"": [""SQ-01""]}]",A,TRUE,,MP-SQ-01-2
Q038,Hasil perhitungan dianggap otomatis menjadi output: Kasus 1,A computed result is assumed to become output automatically: Case 1,"Perhatikan pseudocode berikut.
  
  program Tambah
  kamus
  a, b, hasil : integer
  algoritma
  input(a, b)
  hasil <- a + b
  endprogram
  
  Jika input 4 dan 6, apa yang ditampilkan?","Perhatikan pseudocode berikut.
  
  program Tambah
  kamus
  a, b, hasil : integer
  algoritma
  input(a, b)
  hasil <- a + b
  endprogram
  
  Jika input 4 dan 6, apa yang ditampilkan?",IO-05,Tidak ada keluaran,Kunci: D,W02,177,38,TRUE,ready,MP,LMS,LMS-MP-W02-IO-05-Q1,IO-05,,"Uji pemahaman tentang Hasil perhitungan dianggap otomatis menjadi output. Perhatikan pseudocode berikut. a, b, hasil : integer Jika input 4 dan 6, apa yang ditampilkan?","Assess understanding of A computed result is assumed to become output automatically. Perhatikan pseudocode berikut. a, b, hasil : integer Jika input 4 dan 6, apa yang ditampilkan?","[{""type"": ""text"", ""content"": ""Perhatikan pseudocode berikut.""}, {""type"": ""code"", ""content"": ""program Tambah\n kamus""}, {""type"": ""text"", ""content"": ""a, b, hasil : integer""}, {""type"": ""code"", ""content"": ""algoritma\n input(a, b)\n hasil <- a + b\n endprogram""}, {""type"": ""text"", ""content"": ""Jika input 4 dan 6, apa yang ditampilkan?""}]","[{""type"": ""text"", ""content"": ""Perhatikan pseudocode berikut.""}, {""type"": ""code"", ""content"": ""program Tambah\n kamus""}, {""type"": ""text"", ""content"": ""a, b, hasil : integer""}, {""type"": ""code"", ""content"": ""algoritma\n input(a, b)\n hasil <- a + b\n endprogram""}, {""type"": ""text"", ""content"": ""Jika input 4 dan 6, apa yang ditampilkan?""}]",[],[],1,IO-05,,,,,none,,"[{""answer_id"": ""A095"", ""label"": ""A"", ""text"": ""10"", ""is_correct"": false, ""misconceptions"": [""IO-05""]}, {""answer_id"": ""A096"", ""label"": ""B"", ""text"": ""4 6"", ""is_correct"": false, ""misconceptions"": []}, {""answer_id"": ""A097"", ""label"": ""C"", ""text"": ""0"", ""is_correct"": false, ""misconceptions"": []}, {""answer_id"": ""A098"", ""label"": ""D"", ""text"": ""Tidak ada keluaran"", ""is_correct"": true, ""misconceptions"": []}]",D,TRUE,,MP-IO-05-1
Q039,Hasil perhitungan dianggap otomatis menjadi output: Kasus 2,A computed result is assumed to become output automatically: Case 2,"Perhatikan pseudocode berikut.
  
  input(a, b)
  jumlah <- a + b
  selisih <- a - b
  output(jumlah)
  
  Jika a bernilai 7 dan b bernilai 2, keluaran yang dihasilkan adalah ...","Perhatikan pseudocode berikut.
  
  input(a, b)
  jumlah <- a + b
  selisih <- a - b
  output(jumlah)
  
  Jika a bernilai 7 dan b bernilai 2, keluaran yang dihasilkan adalah ...",IO-05,9,Kunci: A,W02,178,39,TRUE,ready,MP,LMS,LMS-MP-W02-IO-05-Q2,IO-05,,"Uji pemahaman tentang Hasil perhitungan dianggap otomatis menjadi output. Perhatikan pseudocode berikut. Jika a bernilai 7 dan b bernilai 2, keluaran yang dihasilkan adalah ...","Assess understanding of A computed result is assumed to become output automatically. Perhatikan pseudocode berikut. Jika a bernilai 7 dan b bernilai 2, keluaran yang dihasilkan adalah ...","[{""type"": ""text"", ""content"": ""Perhatikan pseudocode berikut.""}, {""type"": ""code"", ""content"": ""input(a, b)\n jumlah <- a + b\n selisih <- a - b\n output(jumlah)""}, {""type"": ""text"", ""content"": ""Jika a bernilai 7 dan b bernilai 2, keluaran yang dihasilkan adalah ...""}]","[{""type"": ""text"", ""content"": ""Perhatikan pseudocode berikut.""}, {""type"": ""code"", ""content"": ""input(a, b)\n jumlah <- a + b\n selisih <- a - b\n output(jumlah)""}, {""type"": ""text"", ""content"": ""Jika a bernilai 7 dan b bernilai 2, keluaran yang dihasilkan adalah ...""}]",[],[],2,IO-05,,,,,none,,"[{""answer_id"": ""A099"", ""label"": ""A"", ""text"": ""9"", ""is_correct"": true, ""misconceptions"": []}, {""answer_id"": ""A100"", ""label"": ""B"", ""text"": ""9 lalu 5"", ""is_correct"": false, ""misconceptions"": [""IO-05""]}, {""answer_id"": ""A101"", ""label"": ""C"", ""text"": ""5"", ""is_correct"": false, ""misconceptions"": []}, {""answer_id"": ""A102"", ""label"": ""D"", ""text"": ""7 2 9 5"", ""is_correct"": false, ""misconceptions"": []}]",A,TRUE,,MP-IO-05-2
Q040,Tipe data berbeda dianggap bebas dicampur dalam ekspresi: Kasus 1,Different data types are assumed to be freely mixable in expressions: Case 1,"Diketahui 7 > 3 menghasilkan Boolean true.
  
  kamus
  hasil : integer
  algoritma
  hasil <- (7 > 3) + 1
  output(hasil)
  
  Apa yang terjadi?","Diketahui 7 > 3 menghasilkan Boolean true.
  
  kamus
  hasil : integer
  algoritma
  hasil <- (7 > 3) + 1
  output(hasil)
  
  Apa yang terjadi?",EX-03,Error karena Boolean tidak dapat langsung dijumlahkan dengan integer,Kunci: C,W02,179,40,TRUE,ready,MP,LMS,LMS-MP-W02-EX-03-Q1,EX-03,,Uji pemahaman tentang Tipe data berbeda dianggap bebas dicampur dalam ekspresi. Diketahui 7 > 3 menghasilkan Boolean true.,Assess understanding of Different data types are assumed to be freely mixable in expressions. Diketahui 7 > 3 menghasilkan Boolean true.,"[{""type"": ""text"", ""content"": ""Diketahui 7 > 3 menghasilkan Boolean true.""}, {""type"": ""code"", ""content"": ""kamus\n hasil : integer\n algoritma\n hasil <- (7 > 3) + 1\n output(hasil)""}, {""type"": ""text"", ""content"": ""Apa yang terjadi?""}]","[{""type"": ""text"", ""content"": ""Diketahui 7 > 3 menghasilkan Boolean true.""}, {""type"": ""code"", ""content"": ""kamus\n hasil : integer\n algoritma\n hasil <- (7 > 3) + 1\n output(hasil)""}, {""type"": ""text"", ""content"": ""Apa yang terjadi?""}]",[],[],1,EX-03,,,,,none,,"[{""answer_id"": ""A103"", ""label"": ""A"", ""text"": ""Menampilkan 2 karena true otomatis menjadi integer 1"", ""is_correct"": false, ""misconceptions"": [""EX-03""]}, {""answer_id"": ""A104"", ""label"": ""B"", ""text"": ""Menampilkan 1 karena hasil perbandingan diabaikan"", ""is_correct"": false, ""misconceptions"": []}, {""answer_id"": ""A105"", ""label"": ""C"", ""text"": ""Error karena Boolean tidak dapat langsung dijumlahkan dengan integer"", ""is_correct"": true, ""misconceptions"": []}, {""answer_id"": ""A106"", ""label"": ""D"", ""text"": ""Menampilkan true"", ""is_correct"": false, ""misconceptions"": []}]",C,TRUE,,MP-EX-03-1
Q041,Tipe data berbeda dianggap bebas dicampur dalam ekspresi: Kasus 2,Different data types are assumed to be freely mixable in expressions: Case 2,"Perhatikan pseudocode berikut.
  
  kamus
  n, hasil : integer
  algoritma
  input(n)
  hasil <- (n < 0)
  output(hasil)
  
  Masalah pada pseudocode tersebut adalah ...","Perhatikan pseudocode berikut.
  
  kamus
  n, hasil : integer
  algoritma
  input(n)
  hasil <- (n < 0)
  output(hasil)
  
  Masalah pada pseudocode tersebut adalah ...",EX-03,"Hasil perbandingan bertipe Boolean, tetapi hasil dideklarasikan integer",Kunci: B,W02,180,41,TRUE,ready,MP,LMS,LMS-MP-W02-EX-03-Q2,EX-03,,"Uji pemahaman tentang Tipe data berbeda dianggap bebas dicampur dalam ekspresi. Perhatikan pseudocode berikut. n, hasil : integer Masalah pada pseudocode tersebut adalah ...","Assess understanding of Different data types are assumed to be freely mixable in expressions. Perhatikan pseudocode berikut. n, hasil : integer Masalah pada pseudocode tersebut adalah ...","[{""type"": ""text"", ""content"": ""Perhatikan pseudocode berikut.""}, {""type"": ""code"", ""content"": ""kamus\nn, hasil : integer\nalgoritma\n input(n)\n hasil <- (n < 0)\n output(hasil)""}, {""type"": ""text"", ""content"": ""Masalah pada pseudocode tersebut adalah ...""}]","[{""type"": ""text"", ""content"": ""Perhatikan pseudocode berikut.""}, {""type"": ""code"", ""content"": ""kamus\nn, hasil : integer\nalgoritma\n input(n)\n hasil <- (n < 0)\n output(hasil)""}, {""type"": ""text"", ""content"": ""Masalah pada pseudocode tersebut adalah ...""}]",[],[],2,EX-03,,,,,none,,"[{""answer_id"": ""A107"", ""label"": ""A"", ""text"": ""Tidak ada; true dan false otomatis disimpan sebagai 1 dan 0"", ""is_correct"": false, ""misconceptions"": [""EX-03""]}, {""answer_id"": ""A108"", ""label"": ""B"", ""text"": ""Hasil perbandingan bertipe Boolean, tetapi hasil dideklarasikan integer"", ""is_correct"": true, ""misconceptions"": []}, {""answer_id"": ""A109"", ""label"": ""C"", ""text"": ""Operator < hanya dapat digunakan pada real"", ""is_correct"": false, ""misconceptions"": []}, {""answer_id"": ""A110"", ""label"": ""D"", ""text"": ""input(n) harus menghasilkan Boolean"", ""is_correct"": false, ""misconceptions"": []}]",B,TRUE,,MP-EX-03-2
Q042,Literal atau variabel tunggal dianggap bukan ekspresi: Kasus 1,A single literal or variable is assumed not to be an expression: Case 1,Manakah yang merupakan ekspresi atomik yang valid dalam pseudocode?,Manakah yang merupakan ekspresi atomik yang valid dalam pseudocode?,EX-04,nilai,Kunci: A,W02,181,42,TRUE,ready,MP,LMS,LMS-MP-W02-EX-04-Q1,EX-04,,Uji pemahaman tentang Literal atau variabel tunggal dianggap bukan ekspresi. Manakah yang merupakan ekspresi atomik yang valid dalam pseudocode?,Assess understanding of A single literal or variable is assumed not to be an expression. Manakah yang merupakan ekspresi atomik yang valid dalam pseudocode?,"[{""type"": ""text"", ""content"": ""Manakah yang merupakan ekspresi atomik yang valid dalam pseudocode?""}]","[{""type"": ""text"", ""content"": ""Manakah yang merupakan ekspresi atomik yang valid dalam pseudocode?""}]",[],[],1,EX-04,,,,,none,,"[{""answer_id"": ""A111"", ""label"": ""A"", ""text"": ""nilai"", ""is_correct"": true, ""misconceptions"": []}, {""answer_id"": ""A112"", ""label"": ""B"", ""text"": ""output(nilai)"", ""is_correct"": false, ""misconceptions"": []}, {""answer_id"": ""A113"", ""label"": ""C"", ""text"": ""input(nilai)"", ""is_correct"": false, ""misconceptions"": []}, {""answer_id"": ""A114"", ""label"": ""D"", ""text"": ""nilai : integer"", ""is_correct"": false, ""misconceptions"": []}]",A,FALSE,,MP-EX-04-1
Q043,Literal atau variabel tunggal dianggap bukan ekspresi: Kasus 2,A single literal or variable is assumed not to be an expression: Case 2,"Perhatikan pseudocode berikut.
  
  kamus
  skor : integer
  algoritma
  skor <- 19
  output(skor)
  
  Pernyataan manakah yang benar tentang angka 19 pada assignment tersebut?","Perhatikan pseudocode berikut.
  
  kamus
  skor : integer
  algoritma
  skor <- 19
  output(skor)
  
  Pernyataan manakah yang benar tentang angka 19 pada assignment tersebut?",EX-04,19 adalah ekspresi atomik yang menghasilkan nilai integer 19.,Kunci: B,W02,182,43,TRUE,ready,MP,LMS,LMS-MP-W02-EX-04-Q2,EX-04,,Uji pemahaman tentang Literal atau variabel tunggal dianggap bukan ekspresi. Perhatikan pseudocode berikut. Pernyataan manakah yang benar tentang angka 19 pada assignment tersebut?,Assess understanding of A single literal or variable is assumed not to be an expression. Perhatikan pseudocode berikut. Pernyataan manakah yang benar tentang angka 19 pada assignment tersebut?,"[{""type"": ""text"", ""content"": ""Perhatikan pseudocode berikut.""}, {""type"": ""code"", ""content"": ""kamus\n skor : integer\n algoritma\n skor <- 19\n output(skor)""}, {""type"": ""text"", ""content"": ""Pernyataan manakah yang benar tentang angka 19 pada assignment tersebut?""}]","[{""type"": ""text"", ""content"": ""Perhatikan pseudocode berikut.""}, {""type"": ""code"", ""content"": ""kamus\n skor : integer\n algoritma\n skor <- 19\n output(skor)""}, {""type"": ""text"", ""content"": ""Pernyataan manakah yang benar tentang angka 19 pada assignment tersebut?""}]",[],[],2,EX-04,,,,,none,,"[{""answer_id"": ""A115"", ""label"": ""A"", ""text"": ""19 bukan ekspresi karena hanya terdiri dari satu literal."", ""is_correct"": false, ""misconceptions"": []}, {""answer_id"": ""A116"", ""label"": ""B"", ""text"": ""19 adalah ekspresi atomik yang menghasilkan nilai integer 19."", ""is_correct"": true, ""misconceptions"": []}, {""answer_id"": ""A117"", ""label"": ""C"", ""text"": ""19 baru menjadi ekspresi apabila ditulis 19 + 0."", ""is_correct"": false, ""misconceptions"": [""EX-04""]}, {""answer_id"": ""A118"", ""label"": ""D"", ""text"": ""19 hanya dapat digunakan langsung di dalam output."", ""is_correct"": false, ""misconceptions"": []}]",B,FALSE,,MP-EX-04-2
Q044,Input dianggap langsung mencetak atau menyimpan nilai: Kasus 1,Input is assumed to print or store a value directly: Case 1,"Perhatikan instruksi berikut.
  
  input(umur)
  
  Pengguna memasukkan nilai 20. Apa yang terjadi setelah instruksi tersebut dijalankan?","Perhatikan instruksi berikut.
  
  input(umur)
  
  Pengguna memasukkan nilai 20. Apa yang terjadi setelah instruksi tersebut dijalankan?",IO-01,Nilai 20 disimpan ke variabel umur dan belum ada keluaran.,Kunci: A,W02,183,44,TRUE,ready,MP,LMS,LMS-MP-W02-IO-01-Q1,IO-01,,Uji pemahaman tentang Input dianggap langsung mencetak atau menyimpan nilai. Perhatikan instruksi berikut. Pengguna memasukkan nilai 20.,Assess understanding of Input is assumed to print or store a value directly. Perhatikan instruksi berikut. Pengguna memasukkan nilai 20.,"[{""type"": ""text"", ""content"": ""Perhatikan instruksi berikut.""}, {""type"": ""code"", ""content"": ""input(umur)""}, {""type"": ""text"", ""content"": ""Pengguna memasukkan nilai 20. Apa yang terjadi setelah instruksi tersebut dijalankan?""}]","[{""type"": ""text"", ""content"": ""Perhatikan instruksi berikut.""}, {""type"": ""code"", ""content"": ""input(umur)""}, {""type"": ""text"", ""content"": ""Pengguna memasukkan nilai 20. Apa yang terjadi setelah instruksi tersebut dijalankan?""}]",[],[],1,IO-01,,,,,none,,"[{""answer_id"": ""A119"", ""label"": ""A"", ""text"": ""Nilai 20 disimpan ke variabel umur dan belum ada keluaran."", ""is_correct"": true, ""misconceptions"": []}, {""answer_id"": ""A120"", ""label"": ""B"", ""text"": ""Nilai 20 langsung ditampilkan ke layar."", ""is_correct"": false, ""misconceptions"": [""IO-01""]}, {""answer_id"": ""A121"", ""label"": ""C"", ""text"": ""Nilai 20 disimpan tanpa terkait dengan variabel mana pun."", ""is_correct"": false, ""misconceptions"": [""IO-01""]}, {""answer_id"": ""A122"", ""label"": ""D"", ""text"": ""Variabel umur tetap tidak memiliki nilai."", ""is_correct"": false, ""misconceptions"": []}]",A,FALSE,,MP-IO-01-1
Q045,Input dianggap langsung mencetak atau menyimpan nilai: Kasus 2,Input is assumed to print or store a value directly: Case 2,Variabel panjang dan lebar sudah dideklarasikan sebagai real. Program harus membaca dua nilai dari pengguna. Manakah instruksi yang tepat?,Variabel panjang dan lebar sudah dideklarasikan sebagai real. Program harus membaca dua nilai dari pengguna. Manakah instruksi yang tepat?,IO-01,"input(panjang, lebar)",Kunci: A,W02,184,45,TRUE,ready,MP,LMS,LMS-MP-W02-IO-01-Q2,IO-01,,Uji pemahaman tentang Input dianggap langsung mencetak atau menyimpan nilai. Variabel panjang dan lebar sudah dideklarasikan sebagai real.,Assess understanding of Input is assumed to print or store a value directly. Variabel panjang dan lebar sudah dideklarasikan sebagai real.,"[{""type"": ""text"", ""content"": ""Variabel panjang dan lebar sudah dideklarasikan sebagai real. Program harus membaca dua nilai dari pengguna. Manakah instruksi yang tepat?""}]","[{""type"": ""text"", ""content"": ""Variabel panjang dan lebar sudah dideklarasikan sebagai real. Program harus membaca dua nilai dari pengguna. Manakah instruksi yang tepat?""}]",[],[],2,IO-01,,,,,none,,"[{""answer_id"": ""A123"", ""label"": ""A"", ""text"": ""input(panjang, lebar)"", ""is_correct"": true, ""misconceptions"": []}, {""answer_id"": ""A124"", ""label"": ""B"", ""text"": ""input(); input() karena komputer akan menyimpan kedua nilai secara otomatis"", ""is_correct"": false, ""misconceptions"": [""IO-01""]}, {""answer_id"": ""A125"", ""label"": ""C"", ""text"": ""output(panjang, lebar)"", ""is_correct"": false, ""misconceptions"": []}, {""answer_id"": ""A126"", ""label"": ""D"", ""text"": ""panjang, lebar"", ""is_correct"": false, ""misconceptions"": []}]",A,FALSE,,MP-IO-01-2
Q046,Penjumlahan dianggap lebih dahulu daripada pembagian: Kasus 1,Addition is assumed to take precedence over division: Case 1,"Perhatikan ekspresi berikut.
  
  hasil <- 18.0 + 6.0 / 3.0
  
  Berapakah nilai hasil?","Perhatikan ekspresi berikut.
  
  hasil <- 18.0 + 6.0 / 3.0
  
  Berapakah nilai hasil?",OP-05,20.0,Kunci: A,W02,185,46,TRUE,ready,MP,LMS,LMS-MP-W02-OP-05-Q1,OP-05,,Uji pemahaman tentang Penjumlahan dianggap lebih dahulu daripada pembagian. Perhatikan ekspresi berikut. Berapakah nilai hasil?,Assess understanding of Addition is assumed to take precedence over division. Perhatikan ekspresi berikut. Berapakah nilai hasil?,"[{""type"": ""text"", ""content"": ""Perhatikan ekspresi berikut.""}, {""type"": ""code"", ""content"": ""hasil <- 18.0 + 6.0 / 3.0""}, {""type"": ""text"", ""content"": ""Berapakah nilai hasil?""}]","[{""type"": ""text"", ""content"": ""Perhatikan ekspresi berikut.""}, {""type"": ""code"", ""content"": ""hasil <- 18.0 + 6.0 / 3.0""}, {""type"": ""text"", ""content"": ""Berapakah nilai hasil?""}]",[],[],1,OP-05,,,,,none,,"[{""answer_id"": ""A127"", ""label"": ""A"", ""text"": ""20.0"", ""is_correct"": true, ""misconceptions"": []}, {""answer_id"": ""A128"", ""label"": ""B"", ""text"": ""8.0"", ""is_correct"": false, ""misconceptions"": [""OP-05""]}, {""answer_id"": ""A129"", ""label"": ""C"", ""text"": ""24.0"", ""is_correct"": false, ""misconceptions"": []}, {""answer_id"": ""A130"", ""label"": ""D"", ""text"": ""6.0"", ""is_correct"": false, ""misconceptions"": []}]",A,FALSE,,MP-OP-05-1
Q047,Penjumlahan dianggap lebih dahulu daripada pembagian: Kasus 2,Addition is assumed to take precedence over division: Case 2,"Sebuah program harus menghitung rata-rata tiga bilangan real a, b, dan c. Manakah ekspresi yang benar?","Sebuah program harus menghitung rata-rata tiga bilangan real a, b, dan c. Manakah ekspresi yang benar?",OP-05,rata <- (a + b + c) / 3.0,Kunci: B,W02,186,47,TRUE,ready,MP,LMS,LMS-MP-W02-OP-05-Q2,OP-05,,"Uji pemahaman tentang Penjumlahan dianggap lebih dahulu daripada pembagian. Sebuah program harus menghitung rata-rata tiga bilangan real a, b, dan c.","Assess understanding of Addition is assumed to take precedence over division. Sebuah program harus menghitung rata-rata tiga bilangan real a, b, dan c.","[{""type"": ""text"", ""content"": ""Sebuah program harus menghitung rata-rata tiga bilangan real a, b, dan c. Manakah ekspresi yang benar?""}]","[{""type"": ""text"", ""content"": ""Sebuah program harus menghitung rata-rata tiga bilangan real a, b, dan c. Manakah ekspresi yang benar?""}]",[],[],2,OP-05,,,,,none,,"[{""answer_id"": ""A131"", ""label"": ""A"", ""text"": ""rata <- a + b + c / 3.0"", ""is_correct"": false, ""misconceptions"": [""OP-05""]}, {""answer_id"": ""A132"", ""label"": ""B"", ""text"": ""rata <- (a + b + c) / 3.0"", ""is_correct"": true, ""misconceptions"": []}, {""answer_id"": ""A133"", ""label"": ""C"", ""text"": ""rata <- a + (b / c) + 3.0"", ""is_correct"": false, ""misconceptions"": []}, {""answer_id"": ""A134"", ""label"": ""D"", ""text"": ""rata <- a / b / c / 3.0"", ""is_correct"": false, ""misconceptions"": []}]",B,FALSE,,MP-OP-05-2
Q048,Pengurangan dianggap lebih dahulu daripada pembagian: Kasus 1,Subtraction is assumed to take precedence over division: Case 1,"Perhatikan ekspresi berikut.
  
  hasil <- 100.0 - 20.0 / 4.0
  
  Berapakah nilai hasil?","Perhatikan ekspresi berikut.
  
  hasil <- 100.0 - 20.0 / 4.0
  
  Berapakah nilai hasil?",OP-06,95.0,Kunci: A,W02,187,48,TRUE,ready,MP,LMS,LMS-MP-W02-OP-06-Q1,OP-06,,Uji pemahaman tentang Pengurangan dianggap lebih dahulu daripada pembagian. Perhatikan ekspresi berikut. Berapakah nilai hasil?,Assess understanding of Subtraction is assumed to take precedence over division. Perhatikan ekspresi berikut. Berapakah nilai hasil?,"[{""type"": ""text"", ""content"": ""Perhatikan ekspresi berikut.""}, {""type"": ""code"", ""content"": ""hasil <- 100.0 - 20.0 / 4.0""}, {""type"": ""text"", ""content"": ""Berapakah nilai hasil?""}]","[{""type"": ""text"", ""content"": ""Perhatikan ekspresi berikut.""}, {""type"": ""code"", ""content"": ""hasil <- 100.0 - 20.0 / 4.0""}, {""type"": ""text"", ""content"": ""Berapakah nilai hasil?""}]",[],[],1,OP-06,,,,,none,,"[{""answer_id"": ""A135"", ""label"": ""A"", ""text"": ""95.0"", ""is_correct"": true, ""misconceptions"": []}, {""answer_id"": ""A136"", ""label"": ""B"", ""text"": ""20.0"", ""is_correct"": false, ""misconceptions"": [""OP-06""]}, {""answer_id"": ""A137"", ""label"": ""C"", ""text"": ""80.0"", ""is_correct"": false, ""misconceptions"": []}, {""answer_id"": ""A138"", ""label"": ""D"", ""text"": ""25.0"", ""is_correct"": false, ""misconceptions"": []}]",A,FALSE,,MP-OP-06-1
Q049,Pengurangan dianggap lebih dahulu daripada pembagian: Kasus 2,Subtraction is assumed to take precedence over division: Case 2,Program harus menghitung setengah dari selisih dua nilai real p dan q. Manakah assignment yang benar?,Program harus menghitung setengah dari selisih dua nilai real p dan q. Manakah assignment yang benar?,OP-06,hasil <- (p - q) / 2.0,Kunci: B,W02,188,49,TRUE,ready,MP,LMS,LMS-MP-W02-OP-06-Q2,OP-06,,Uji pemahaman tentang Pengurangan dianggap lebih dahulu daripada pembagian.,Assess understanding of Subtraction is assumed to take precedence over division.,"[{""type"": ""text"", ""content"": ""Program harus menghitung setengah dari selisih dua nilai real p dan q. Manakah assignment yang benar?""}]","[{""type"": ""code"", ""content"": ""Program harus menghitung setengah dari selisih dua nilai real p dan q. Manakah assignment yang benar?""}]",[],[],2,OP-06,,,,,none,,"[{""answer_id"": ""A139"", ""label"": ""A"", ""text"": ""hasil <- p - q / 2.0"", ""is_correct"": false, ""misconceptions"": [""OP-06""]}, {""answer_id"": ""A140"", ""label"": ""B"", ""text"": ""hasil <- (p - q) / 2.0"", ""is_correct"": true, ""misconceptions"": []}, {""answer_id"": ""A141"", ""label"": ""C"", ""text"": ""hasil <- p / q - 2.0"", ""is_correct"": false, ""misconceptions"": []}, {""answer_id"": ""A142"", ""label"": ""D"", ""text"": ""hasil <- p - (q - 2.0)"", ""is_correct"": false, ""misconceptions"": []}]",B,FALSE,,MP-OP-06-2
Q050,Penjumlahan dianggap lebih dahulu daripada perkalian: Kasus 1,Addition is assumed to take precedence over multiplication: Case 1,"Perhatikan ekspresi berikut.
  
  nilai <- 2 + 5 * 3
  
  Berapakah nilai variabel nilai?","Perhatikan ekspresi berikut.
  
  nilai <- 2 + 5 * 3
  
  Berapakah nilai variabel nilai?",OP-07,17,Kunci: A,W02,189,50,TRUE,ready,MP,LMS,LMS-MP-W02-OP-07-Q1,OP-07,,Uji pemahaman tentang Penjumlahan dianggap lebih dahulu daripada perkalian. Perhatikan ekspresi berikut. Berapakah nilai variabel nilai?,Assess understanding of Addition is assumed to take precedence over multiplication. Perhatikan ekspresi berikut. Berapakah nilai variabel nilai?,"[{""type"": ""text"", ""content"": ""Perhatikan ekspresi berikut.""}, {""type"": ""code"", ""content"": ""nilai <- 2 + 5 * 3""}, {""type"": ""text"", ""content"": ""Berapakah nilai variabel nilai?""}]","[{""type"": ""text"", ""content"": ""Perhatikan ekspresi berikut.""}, {""type"": ""code"", ""content"": ""nilai <- 2 + 5 * 3""}, {""type"": ""text"", ""content"": ""Berapakah nilai variabel nilai?""}]",[],[],1,OP-07,,,,,none,,"[{""answer_id"": ""A143"", ""label"": ""A"", ""text"": ""17"", ""is_correct"": true, ""misconceptions"": []}, {""answer_id"": ""A144"", ""label"": ""B"", ""text"": ""21"", ""is_correct"": false, ""misconceptions"": [""OP-07""]}, {""answer_id"": ""A145"", ""label"": ""C"", ""text"": ""30"", ""is_correct"": false, ""misconceptions"": []}, {""answer_id"": ""A146"", ""label"": ""D"", ""text"": ""13"", ""is_correct"": false, ""misconceptions"": []}]",A,FALSE,,MP-OP-07-1
Q051,Penjumlahan dianggap lebih dahulu daripada perkalian: Kasus 2,Addition is assumed to take precedence over multiplication: Case 2,Sebuah layanan mengenakan biaya tetap 10000 rupiah dan biaya 3000 rupiah untuk setiap barang. Variabel jumlah menyimpan banyak barang. Manakah ekspresi total yang benar?,Sebuah layanan mengenakan biaya tetap 10000 rupiah dan biaya 3000 rupiah untuk setiap barang. Variabel jumlah menyimpan banyak barang. Manakah ekspresi total yang benar?,OP-07,total <- 10000 + jumlah * 3000,Kunci: A,W02,190,51,TRUE,ready,MP,LMS,LMS-MP-W02-OP-07-Q2,OP-07,,Uji pemahaman tentang Penjumlahan dianggap lebih dahulu daripada perkalian. Sebuah layanan mengenakan biaya tetap 10000 rupiah dan biaya 3000 rupiah untuk setiap barang.,Assess understanding of Addition is assumed to take precedence over multiplication. Sebuah layanan mengenakan biaya tetap 10000 rupiah dan biaya 3000 rupiah untuk setiap barang.,"[{""type"": ""text"", ""content"": ""Sebuah layanan mengenakan biaya tetap 10000 rupiah dan biaya 3000 rupiah untuk setiap barang. Variabel jumlah menyimpan banyak barang. Manakah ekspresi total yang benar?""}]","[{""type"": ""text"", ""content"": ""Sebuah layanan mengenakan biaya tetap 10000 rupiah dan biaya 3000 rupiah untuk setiap barang. Variabel jumlah menyimpan banyak barang. Manakah ekspresi total yang benar?""}]",[],[],2,OP-07,,,,,none,,"[{""answer_id"": ""A147"", ""label"": ""A"", ""text"": ""total <- 10000 + jumlah * 3000"", ""is_correct"": true, ""misconceptions"": []}, {""answer_id"": ""A148"", ""label"": ""B"", ""text"": ""total <- (10000 + jumlah) * 3000"", ""is_correct"": false, ""misconceptions"": [""OP-07""]}, {""answer_id"": ""A149"", ""label"": ""C"", ""text"": ""total <- 10000 * jumlah + 3000"", ""is_correct"": false, ""misconceptions"": []}, {""answer_id"": ""A150"", ""label"": ""D"", ""text"": ""total <- jumlah + 10000 + 3000"", ""is_correct"": false, ""misconceptions"": []}]",A,FALSE,,MP-OP-07-2
Q052,Konversi tipe dianggap selalu diperlukan: Kasus 1,Explicit type conversion is assumed to always be required: Case 1,"Diketahui a, b, dan total sudah dideklarasikan sebagai integer.
  
  total <- integer(a) + integer(b)
  
  Pernyataan manakah yang paling tepat?","Diketahui a, b, dan total sudah dideklarasikan sebagai integer.
  
  total <- integer(a) + integer(b)
  
  Pernyataan manakah yang paling tepat?",VA-01,Konversi tersebut tidak diperlukan karena a dan b sudah bertipe integer.,Kunci: B,W02,191,52,TRUE,ready,MP,LMS,LMS-MP-W02-VA-01-Q1,VA-01,,"Uji pemahaman tentang Konversi tipe dianggap selalu diperlukan. Diketahui a, b, dan total sudah dideklarasikan sebagai integer.","Assess understanding of Explicit type conversion is assumed to always be required. Diketahui a, b, dan total sudah dideklarasikan sebagai integer.","[{""type"": ""text"", ""content"": ""Diketahui a, b, dan total sudah dideklarasikan sebagai integer.""}, {""type"": ""code"", ""content"": ""total <- integer(a) + integer(b)""}, {""type"": ""text"", ""content"": ""Pernyataan manakah yang paling tepat?""}]","[{""type"": ""text"", ""content"": ""Diketahui a, b, dan total sudah dideklarasikan sebagai integer.""}, {""type"": ""code"", ""content"": ""total <- integer(a) + integer(b)""}, {""type"": ""text"", ""content"": ""Pernyataan manakah yang paling tepat?""}]",[],[],1,VA-01,,,,,none,,"[{""answer_id"": ""A151"", ""label"": ""A"", ""text"": ""Konversi integer(a) dan integer(b) wajib agar penjumlahan valid."", ""is_correct"": false, ""misconceptions"": [""VA-01""]}, {""answer_id"": ""A152"", ""label"": ""B"", ""text"": ""Konversi tersebut tidak diperlukan karena a dan b sudah bertipe integer."", ""is_correct"": true, ""misconceptions"": []}, {""answer_id"": ""A153"", ""label"": ""C"", ""text"": ""Konversi diperlukan agar total berubah menjadi real."", ""is_correct"": false, ""misconceptions"": []}, {""answer_id"": ""A154"", ""label"": ""D"", ""text"": ""Tanpa konversi, a dan b dianggap string."", ""is_correct"": false, ""misconceptions"": []}]",B,FALSE,,MP-VA-01-1
Q053,Konversi tipe dianggap selalu diperlukan: Kasus 2,Explicit type conversion is assumed to always be required: Case 2,"Diketahui suhu dan hasil sudah bertipe real. Dengan asumsi fungsi real(x) tersedia sebagai konversi tipe, apakah real(suhu) diperlukan pada assignment berikut?
  
  hasil <- real(suhu) * 2.0","Diketahui suhu dan hasil sudah bertipe real. Dengan asumsi fungsi real(x) tersedia sebagai konversi tipe, apakah real(suhu) diperlukan pada assignment berikut?
  
  hasil <- real(suhu) * 2.0",VA-01,"Tidak, suhu sudah bertipe real sehingga konversi tersebut redundan.",Kunci: B,W02,192,53,TRUE,ready,MP,LMS,LMS-MP-W02-VA-01-Q2,VA-01,,Uji pemahaman tentang Konversi tipe dianggap selalu diperlukan. Diketahui suhu dan hasil sudah bertipe real.,Assess understanding of Explicit type conversion is assumed to always be required. Diketahui suhu dan hasil sudah bertipe real.,"[{""type"": ""text"", ""content"": ""Diketahui suhu dan hasil sudah bertipe real. Dengan asumsi fungsi real(x) tersedia sebagai konversi tipe, apakah real(suhu) diperlukan pada assignment berikut?""}, {""type"": ""code"", ""content"": ""hasil <- real(suhu) * 2.0""}]","[{""type"": ""text"", ""content"": ""Diketahui suhu dan hasil sudah bertipe real. Dengan asumsi fungsi real(x) tersedia sebagai konversi tipe, apakah real(suhu) diperlukan pada assignment berikut?""}, {""type"": ""code"", ""content"": ""hasil <- real(suhu) * 2.0""}]",[],[],2,VA-01,,,,,none,,"[{""answer_id"": ""A155"", ""label"": ""A"", ""text"": ""Ya, setiap penggunaan variabel real harus dikonversi kembali menjadi real."", ""is_correct"": false, ""misconceptions"": [""VA-01""]}, {""answer_id"": ""A156"", ""label"": ""B"", ""text"": ""Tidak, suhu sudah bertipe real sehingga konversi tersebut redundan."", ""is_correct"": true, ""misconceptions"": []}, {""answer_id"": ""A157"", ""label"": ""C"", ""text"": ""Ya, karena perkalian hanya menerima hasil konversi."", ""is_correct"": false, ""misconceptions"": []}, {""answer_id"": ""A158"", ""label"": ""D"", ""text"": ""Tidak, karena tipe variabel tidak pernah berpengaruh pada operasi."", ""is_correct"": false, ""misconceptions"": []}]",B,FALSE,,MP-VA-01-2
Q054,Assignment dianggap bersifat komutatif: Kasus 1,Assignment is assumed to be commutative: Case 1,"Perhatikan pseudocode berikut.
  
  a <- 4
  b <- 9
  a <- b
  
  Berapakah nilai akhir a dan b?","Perhatikan pseudocode berikut.
  
  a <- 4
  b <- 9
  a <- b
  
  Berapakah nilai akhir a dan b?",VA-06,a = 9 dan b = 9,Kunci: A,W02,193,54,TRUE,ready,MP,LMS,LMS-MP-W02-VA-06-Q1,VA-06,,Uji pemahaman tentang Assignment dianggap bersifat komutatif. Perhatikan pseudocode berikut. Berapakah nilai akhir a dan b?,Assess understanding of Assignment is assumed to be commutative. Perhatikan pseudocode berikut. Berapakah nilai akhir a dan b?,"[{""type"": ""text"", ""content"": ""Perhatikan pseudocode berikut.""}, {""type"": ""code"", ""content"": ""a <- 4\n b <- 9\n a <- b""}, {""type"": ""text"", ""content"": ""Berapakah nilai akhir a dan b?""}]","[{""type"": ""text"", ""content"": ""Perhatikan pseudocode berikut.""}, {""type"": ""code"", ""content"": ""a <- 4\n b <- 9\n a <- b""}, {""type"": ""text"", ""content"": ""Berapakah nilai akhir a dan b?""}]",[],[],1,VA-06,,,,,none,,"[{""answer_id"": ""A159"", ""label"": ""A"", ""text"": ""a = 9 dan b = 9"", ""is_correct"": true, ""misconceptions"": []}, {""answer_id"": ""A160"", ""label"": ""B"", ""text"": ""a = 4 dan b = 4"", ""is_correct"": false, ""misconceptions"": [""VA-06""]}, {""answer_id"": ""A161"", ""label"": ""C"", ""text"": ""a = 9 dan b = 4"", ""is_correct"": false, ""misconceptions"": []}, {""answer_id"": ""A162"", ""label"": ""D"", ""text"": ""a = 4 dan b = 9"", ""is_correct"": false, ""misconceptions"": []}]",A,FALSE,,MP-VA-06-1
Q055,Assignment dianggap bersifat komutatif: Kasus 2,Assignment is assumed to be commutative: Case 2,"Perhatikan pseudocode berikut.
  
  harga <- 12000
  bayar <- 20000
  bayar <- harga
  
  Apa akibat assignment terakhir?","Perhatikan pseudocode berikut.
  
  harga <- 12000
  bayar <- 20000
  bayar <- harga
  
  Apa akibat assignment terakhir?",VA-06,"bayar menjadi 12000, sedangkan harga tetap 12000.",Kunci: A,W02,194,55,TRUE,ready,MP,LMS,LMS-MP-W02-VA-06-Q2,VA-06,,Uji pemahaman tentang Assignment dianggap bersifat komutatif. Perhatikan pseudocode berikut. Apa akibat assignment terakhir?,Assess understanding of Assignment is assumed to be commutative. Perhatikan pseudocode berikut. Apa akibat assignment terakhir?,"[{""type"": ""text"", ""content"": ""Perhatikan pseudocode berikut.""}, {""type"": ""code"", ""content"": ""harga <- 12000\n bayar <- 20000\n bayar <- harga""}, {""type"": ""text"", ""content"": ""Apa akibat assignment terakhir?""}]","[{""type"": ""text"", ""content"": ""Perhatikan pseudocode berikut.""}, {""type"": ""code"", ""content"": ""harga <- 12000\n bayar <- 20000\n bayar <- harga""}, {""type"": ""text"", ""content"": ""Apa akibat assignment terakhir?""}]",[],[],2,VA-06,,,,,none,,"[{""answer_id"": ""A163"", ""label"": ""A"", ""text"": ""bayar menjadi 12000, sedangkan harga tetap 12000."", ""is_correct"": true, ""misconceptions"": []}, {""answer_id"": ""A164"", ""label"": ""B"", ""text"": ""harga menjadi 20000, sedangkan bayar tetap 20000."", ""is_correct"": false, ""misconceptions"": [""VA-06""]}, {""answer_id"": ""A165"", ""label"": ""C"", ""text"": ""harga dan bayar saling bertukar nilai."", ""is_correct"": false, ""misconceptions"": []}, {""answer_id"": ""A166"", ""label"": ""D"", ""text"": ""Assignment tidak mengubah apa pun karena kedua variabel berbeda."", ""is_correct"": false, ""misconceptions"": []}]",A,FALSE,,MP-VA-06-2
Q056,Assignment dianggap mengubah variabel di ruas kanan: Kasus 1,Assignment is assumed to change the variable on the right-hand side: Case 1,"Perhatikan pseudocode berikut.
  
  b <- 5
  a <- b + 1
  
  Berapakah nilai akhir a dan b?","Perhatikan pseudocode berikut.
  
  b <- 5
  a <- b + 1
  
  Berapakah nilai akhir a dan b?",VA-07,a = 6 dan b = 5,Kunci: A,W02,195,56,TRUE,ready,MP,LMS,LMS-MP-W02-VA-07-Q1,VA-07,,Uji pemahaman tentang Assignment dianggap mengubah variabel di ruas kanan. Perhatikan pseudocode berikut. Berapakah nilai akhir a dan b?,Assess understanding of Assignment is assumed to change the variable on the right-hand side. Perhatikan pseudocode berikut. Berapakah nilai akhir a dan b?,"[{""type"": ""text"", ""content"": ""Perhatikan pseudocode berikut.""}, {""type"": ""code"", ""content"": ""b <- 5\n a <- b + 1""}, {""type"": ""text"", ""content"": ""Berapakah nilai akhir a dan b?""}]","[{""type"": ""text"", ""content"": ""Perhatikan pseudocode berikut.""}, {""type"": ""code"", ""content"": ""b <- 5\n a <- b + 1""}, {""type"": ""text"", ""content"": ""Berapakah nilai akhir a dan b?""}]",[],[],1,VA-07,,,,,none,,"[{""answer_id"": ""A167"", ""label"": ""A"", ""text"": ""a = 6 dan b = 5"", ""is_correct"": true, ""misconceptions"": []}, {""answer_id"": ""A168"", ""label"": ""B"", ""text"": ""a = 6 dan b = 6"", ""is_correct"": false, ""misconceptions"": [""VA-07""]}, {""answer_id"": ""A169"", ""label"": ""C"", ""text"": ""a = 5 dan b = 6"", ""is_correct"": false, ""misconceptions"": []}, {""answer_id"": ""A170"", ""label"": ""D"", ""text"": ""a = 5 dan b = 5"", ""is_correct"": false, ""misconceptions"": []}]",A,FALSE,,MP-VA-07-1
Q057,Assignment dianggap mengubah variabel di ruas kanan: Kasus 2,Assignment is assumed to change the variable on the right-hand side: Case 2,"Perhatikan pseudocode berikut.
  
  hargaDasar <- 100
  hargaAkhir <- hargaDasar + 20
  
  Pernyataan manakah yang benar?","Perhatikan pseudocode berikut.
  
  hargaDasar <- 100
  hargaAkhir <- hargaDasar + 20
  
  Pernyataan manakah yang benar?",VA-07,hargaAkhir bernilai 120 dan hargaDasar tetap 100.,Kunci: A,W02,196,57,TRUE,ready,MP,LMS,LMS-MP-W02-VA-07-Q2,VA-07,,Uji pemahaman tentang Assignment dianggap mengubah variabel di ruas kanan. Perhatikan pseudocode berikut. Pernyataan manakah yang benar?,Assess understanding of Assignment is assumed to change the variable on the right-hand side. Perhatikan pseudocode berikut. Pernyataan manakah yang benar?,"[{""type"": ""text"", ""content"": ""Perhatikan pseudocode berikut.""}, {""type"": ""code"", ""content"": ""hargaDasar <- 100\n hargaAkhir <- hargaDasar + 20""}, {""type"": ""text"", ""content"": ""Pernyataan manakah yang benar?""}]","[{""type"": ""text"", ""content"": ""Perhatikan pseudocode berikut.""}, {""type"": ""code"", ""content"": ""hargaDasar <- 100\n hargaAkhir <- hargaDasar + 20""}, {""type"": ""text"", ""content"": ""Pernyataan manakah yang benar?""}]",[],[],2,VA-07,,,,,none,,"[{""answer_id"": ""A171"", ""label"": ""A"", ""text"": ""hargaAkhir bernilai 120 dan hargaDasar tetap 100."", ""is_correct"": true, ""misconceptions"": []}, {""answer_id"": ""A172"", ""label"": ""B"", ""text"": ""hargaAkhir dan hargaDasar sama-sama menjadi 120."", ""is_correct"": false, ""misconceptions"": [""VA-07""]}, {""answer_id"": ""A173"", ""label"": ""C"", ""text"": ""hargaDasar menjadi 120, sedangkan hargaAkhir tetap 100."", ""is_correct"": false, ""misconceptions"": []}, {""answer_id"": ""A174"", ""label"": ""D"", ""text"": ""Keduanya tetap 100 karena +20 tidak disimpan."", ""is_correct"": false, ""misconceptions"": []}]",A,FALSE,,MP-VA-07-2
Q058,Perubahan satu variabel dianggap otomatis mengubah variabel lain: Kasus 1,Changing one variable is assumed to automatically change another: Case 1,"Perhatikan pseudocode berikut.
  
  a <- 5
  b <- a
  a <- 9
  output(b)
  
  Apa yang ditampilkan?","Perhatikan pseudocode berikut.
  
  a <- 5
  b <- a
  a <- 9
  output(b)
  
  Apa yang ditampilkan?",VA-08,5,Kunci: A,W02,197,58,TRUE,ready,MP,LMS,LMS-MP-W02-VA-08-Q1,VA-08,,Uji pemahaman tentang Perubahan satu variabel dianggap otomatis mengubah variabel lain. Perhatikan pseudocode berikut. Apa yang ditampilkan?,Assess understanding of Changing one variable is assumed to automatically change another. Perhatikan pseudocode berikut. Apa yang ditampilkan?,"[{""type"": ""text"", ""content"": ""Perhatikan pseudocode berikut.""}, {""type"": ""code"", ""content"": ""a <- 5\n b <- a\n a <- 9\n output(b)""}, {""type"": ""text"", ""content"": ""Apa yang ditampilkan?""}]","[{""type"": ""text"", ""content"": ""Perhatikan pseudocode berikut.""}, {""type"": ""code"", ""content"": ""a <- 5\n b <- a\n a <- 9\n output(b)""}, {""type"": ""text"", ""content"": ""Apa yang ditampilkan?""}]",[],[],1,VA-08,,,,,none,,"[{""answer_id"": ""A175"", ""label"": ""A"", ""text"": ""5"", ""is_correct"": true, ""misconceptions"": []}, {""answer_id"": ""A176"", ""label"": ""B"", ""text"": ""9"", ""is_correct"": false, ""misconceptions"": [""VA-08""]}, {""answer_id"": ""A177"", ""label"": ""C"", ""text"": ""14"", ""is_correct"": false, ""misconceptions"": []}, {""answer_id"": ""A178"", ""label"": ""D"", ""text"": ""Tidak ada keluaran"", ""is_correct"": false, ""misconceptions"": []}]",A,FALSE,,MP-VA-08-1
Q059,Perubahan satu variabel dianggap otomatis mengubah variabel lain: Kasus 2,Changing one variable is assumed to automatically change another: Case 2,"Perhatikan pseudocode berikut.
  
  utama <- 30
  cadangan <- utama
  utama <- 50
  
  Pernyataan manakah yang paling tepat?","Perhatikan pseudocode berikut.
  
  utama <- 30
  cadangan <- utama
  utama <- 50
  
  Pernyataan manakah yang paling tepat?",VA-08,cadangan tetap 30 karena assignment menyalin nilai saat itu.,Kunci: A,W02,198,59,TRUE,ready,MP,LMS,LMS-MP-W02-VA-08-Q2,VA-08,,Uji pemahaman tentang Perubahan satu variabel dianggap otomatis mengubah variabel lain. Perhatikan pseudocode berikut. Pernyataan manakah yang paling tepat?,Assess understanding of Changing one variable is assumed to automatically change another. Perhatikan pseudocode berikut. Pernyataan manakah yang paling tepat?,"[{""type"": ""text"", ""content"": ""Perhatikan pseudocode berikut.""}, {""type"": ""code"", ""content"": ""utama <- 30\n cadangan <- utama\n utama <- 50""}, {""type"": ""text"", ""content"": ""Pernyataan manakah yang paling tepat?""}]","[{""type"": ""text"", ""content"": ""Perhatikan pseudocode berikut.""}, {""type"": ""code"", ""content"": ""utama <- 30\n cadangan <- utama\n utama <- 50""}, {""type"": ""text"", ""content"": ""Pernyataan manakah yang paling tepat?""}]",[],[],2,VA-08,,,,,none,,"[{""answer_id"": ""A179"", ""label"": ""A"", ""text"": ""cadangan tetap 30 karena assignment menyalin nilai saat itu."", ""is_correct"": true, ""misconceptions"": []}, {""answer_id"": ""A180"", ""label"": ""B"", ""text"": ""cadangan ikut menjadi 50 karena kedua variabel telah terhubung."", ""is_correct"": false, ""misconceptions"": [""VA-08""]}, {""answer_id"": ""A181"", ""label"": ""C"", ""text"": ""utama kembali menjadi 30 karena cadangan menyimpan nilai lama."", ""is_correct"": false, ""misconceptions"": []}, {""answer_id"": ""A182"", ""label"": ""D"", ""text"": ""Nilai kedua variabel tidak dapat diketahui."", ""is_correct"": false, ""misconceptions"": []}]",A,FALSE,,MP-VA-08-2
Q060,Menentukan Bilangan Genap,Menentukan Bilangan Genap,"Tulislah sebuah algoritma untuk menentukan apakah sebuah bilangan bulat merupakan bilangan genap. Bilangan genap adalah bilangan yang habis dibagi 2, yaitu memiliki sisa pembagian 0 ketika dibagi 2.
  Masukan berupa satu bilangan bulat.
  Keluaran berupa nilai Boolean true jika bilangan tersebut genap dan false jika tidak.
  Catatan: Jangan gunakan struktur percabangan.","Write an algorithm to determine whether a given integer is an even number. An even number is divisible by 2, meaning that its remainder when divided by 2 is zero.
  Input one integer.
  Output the Boolean value true if the number is even and false otherwise.
  Note: Do not use conditional statements.",022,"program BilanganGenap
  kamus
  bilangan : integer
  hasil : boolean
  algoritma
  input(bilangan)
  hasil <- bilangan mod 2 == 0
  output(hasil)
  endprogram","Test 1
  Input: 1
  Expected: false
  
  Test 2
  Input: 2
  Expected: true
  
  Test 3
  Input: 10
  Expected: true
  
  Test 4
  Input: -10
  Expected: true
  
  Test 5
  Input: 0
  Expected: true
  
  Test 6
  Input: 200
  Expected: true",W03,94,60,TRUE,ready,PS,LMS,LMS-PS-10416810,022.UAI genap (en),Easy,Tulislah sebuah algoritma untuk menentukan apakah sebuah bilangan bulat merupakan bilangan genap.,Write an algorithm to determine whether a given integer is an even number.,"[{""type"": ""text"", ""content"": ""Tulislah sebuah algoritma untuk menentukan apakah sebuah bilangan bulat merupakan bilangan genap. Bilangan genap adalah bilangan yang habis dibagi 2, yaitu memiliki sisa pembagian 0 ketika dibagi 2.\n Masukan berupa satu bilangan bulat.\n Keluaran berupa nilai Boolean true jika bilangan tersebut genap dan false jika tidak.\n Catatan: Jangan gunakan struktur percabangan.""}]","[{""type"": ""text"", ""content"": ""Write an algorithm to determine whether a given integer is an even number. An even number is divisible by 2, meaning that its remainder when divided by 2 is zero.\nInput one integer.\nOutput the Boolean value true if the number is even and false otherwise.\nNote: Do not use conditional statements.""}]","[""1"", ""2"", ""10"", ""-10"", ""0"", ""200""]","[""false"", ""true"", ""true"", ""true"", ""true"", ""true""]",,,berupa satu bilangan bulat.,one integer.,berupa nilai Boolean true jika bilangan tersebut genap dan false jika tidak.,the Boolean value true if the number is even and false otherwise.,text+table,"[{""case_no"": 1, ""input"": ""1"", ""output"": ""false""}, {""case_no"": 2, ""input"": ""2"", ""output"": ""true""}, {""case_no"": 3, ""input"": ""10"", ""output"": ""true""}, {""case_no"": 4, ""input"": ""-10"", ""output"": ""true""}, {""case_no"": 5, ""input"": ""0"", ""output"": ""true""}, {""case_no"": 6, ""input"": ""200"", ""output"": ""true""}]",,,TRUE,10416810,10416810
Q061,Menentukan Bilangan Negatif,Menentukan Bilangan Negatif,"Tulislah sebuah algoritma untuk menentukan apakah sebuah bilangan bulat bernilai negatif.
  Masukan berupa satu bilangan bulat.
  Keluaran berupa nilai Boolean true jika bilangan tersebut negatif dan false jika tidak.
  Catatan: Jangan gunakan struktur percabangan.","Write an algorithm to determine whether an integer is negative.
  Input one integer.
  Output the Boolean value true if the integer is negative and false otherwise.
  Note: Do not use conditional statements.",024,"program BilanganNegatif
  kamus
  bilangan : integer
  hasil : boolean
  algoritma
  input(bilangan)
  hasil <- bilangan < 0
  output(hasil)
  endprogram","Test 1
  Input: 1
  Expected: false
  
  Test 2
  Input: -1
  Expected: true
  
  Test 3
  Input: 0
  Expected: false
  
  Test 4
  Input: -10
  Expected: true
  
  Test 5
  Input: 20
  Expected: false
  
  Test 6
  Input: 200
  Expected: false",W03,95,61,TRUE,ready,PS,LMS,LMS-PS-10416811,024.UAI negatif (en),Easy,Tulislah sebuah algoritma untuk menentukan apakah sebuah bilangan bulat bernilai negatif.,Write an algorithm to determine whether an integer is negative.,"[{""type"": ""text"", ""content"": ""Tulislah sebuah algoritma untuk menentukan apakah sebuah bilangan bulat bernilai negatif.\n Masukan berupa satu bilangan bulat.\n Keluaran berupa nilai Boolean true jika bilangan tersebut negatif dan false jika tidak.\n Catatan: Jangan gunakan struktur percabangan.""}]","[{""type"": ""text"", ""content"": ""Write an algorithm to determine whether an integer is negative.\n Input one integer.\n Output the Boolean value true if the integer is negative and false otherwise.\n Note: Do not use conditional statements.""}]","[""1"", ""-1"", ""0"", ""-10"", ""20"", ""200""]","[""false"", ""true"", ""false"", ""true"", ""false"", ""false""]",,,berupa satu bilangan bulat.,one integer.,berupa nilai Boolean true jika bilangan tersebut negatif dan false jika tidak.,the Boolean value true if the integer is negative and false otherwise.,text+table,"[{""case_no"": 1, ""input"": ""1"", ""output"": ""false""}, {""case_no"": 2, ""input"": ""-1"", ""output"": ""true""}, {""case_no"": 3, ""input"": ""0"", ""output"": ""false""}, {""case_no"": 4, ""input"": ""-10"", ""output"": ""true""}, {""case_no"": 5, ""input"": ""20"", ""output"": ""false""}, {""case_no"": 6, ""input"": ""200"", ""output"": ""false""}]",,,TRUE,10416811,10416811
Q062,Membaca dan Membalik Nilai Boolean,Membaca dan Membalik Nilai Boolean,"Tulislah sebuah algoritma untuk membaca satu nilai Boolean dan menampilkan nilai kebalikannya.
  Masukan berupa satu nilai Boolean true atau false.
  Keluaran berupa false jika masukan true, dan true jika masukan false.
  Catatan: Jangan gunakan struktur percabangan.","Write an algorithm to read one Boolean value and output its opposite value.
  Input one Boolean value, true or false.
  Output false when the input is true, and true when the input is false.
  
  Note: Do not use conditional statements.",029,"program NegasiBoolean
  kamus
  kondisi : boolean
  algoritma
  input(kondisi)
  output(not kondisi)
  endprogram","Test 1
  Input: true
  Expected: false
  
  Test 2
  Input: false
  Expected: true
  
  Test 3
  Input: true
  Expected: false
  
  Test 4
  Input: true
  Expected: false
  
  Test 5
  Input: [kosong pada log]
  Expected: true
  
  Test 6
  Input: [kosong pada log]
  Expected: true",W03,96,62,TRUE,ready,PS,LMS,LMS-PS-10416813,029.UAI cetak boolean 1 (en),Easy,Tulislah sebuah algoritma untuk membaca satu nilai Boolean dan menampilkan nilai kebalikannya.,Write an algorithm to read one Boolean value and output its opposite value.,"[{""type"": ""text"", ""content"": ""Tulislah sebuah algoritma untuk membaca satu nilai Boolean dan menampilkan nilai kebalikannya.\n Masukan berupa satu nilai Boolean true atau false.\n Keluaran berupa false jika masukan true, dan true jika masukan false.\n Catatan: Jangan gunakan struktur percabangan.""}]","[{""type"": ""text"", ""content"": ""Write an algorithm to read one Boolean value and output its opposite value.\n Input one Boolean value, true or false.\n Output false when the input is true, and true when the input is false.\n\n Note: Do not use conditional statements.""}]","[""true"", ""false"", ""true"", ""true"", ""[kosong pada log]"", ""[kosong pada log]""]","[""false"", ""true"", ""false"", ""false"", ""true"", ""true""]",,,berupa satu nilai Boolean true atau false.,"one Boolean value, true or false.","berupa false jika masukan true, dan true jika masukan false.","false when the input is true, and true when the input is false.",text+table,"[{""case_no"": 1, ""input"": ""true"", ""output"": ""false""}, {""case_no"": 2, ""input"": ""false"", ""output"": ""true""}, {""case_no"": 3, ""input"": ""true"", ""output"": ""false""}, {""case_no"": 4, ""input"": ""true"", ""output"": ""false""}, {""case_no"": 5, ""input"": ""[kosong pada log]"", ""output"": ""true""}, {""case_no"": 6, ""input"": ""[kosong pada log]"", ""output"": ""true""}]",,,TRUE,10416813,10416813
Q063,Menentukan Kelipatan,Menentukan Kelipatan,"Tulislah sebuah algoritma untuk menentukan apakah bilangan bulat a merupakan kelipatan dari bilangan bulat b.
  Masukan berupa dua bilangan bulat a dan b, dengan b tidak sama dengan 0.
  Keluaran berupa nilai Boolean true jika a merupakan kelipatan b dan false jika tidak.
  Catatan: Jangan gunakan struktur percabangan.","Write an algorithm to determine whether integer a is a multiple of integer b.
  Input two integers, a and b, where b is not equal to 0.
  Output the Boolean value true if a is a multiple of b and false otherwise.
  Note: Do not use conditional statements.",030,"program Kelipatan
  kamus
  a, b : integer
  hasil : boolean
  algoritma
  input(a, b)
  hasil <- a mod b == 0
  output(hasil)
  endprogram","Test 1
  Input: 5 10
  Expected: false
  
  Test 2
  Input: 10 5
  Expected: true
  
  Test 3
  Input: 4 4
  Expected: true
  
  Test 4
  Input: 3 6
  Expected: false
  
  Test 5
  Input: 7 14
  Expected: false
  
  Test 6
  Input: 14 7
  Expected: true",W03,97,63,TRUE,ready,PS,LMS,LMS-PS-10422155,030.UAI kelipatan (en),Easy,Tulislah sebuah algoritma untuk menentukan apakah bilangan bulat a merupakan kelipatan dari bilangan bulat b.,Write an algorithm to determine whether integer a is a multiple of integer b.,"[{""type"": ""text"", ""content"": ""Tulislah sebuah algoritma untuk menentukan apakah bilangan bulat a merupakan kelipatan dari bilangan bulat b.\n Masukan berupa dua bilangan bulat a dan b, dengan b tidak sama dengan 0.\n Keluaran berupa nilai Boolean true jika a merupakan kelipatan b dan false jika tidak.\n Catatan: Jangan gunakan struktur percabangan.""}]","[{""type"": ""text"", ""content"": ""Write an algorithm to determine whether integer a is a multiple of integer b.\n Input two integers, a and b, where b is not equal to 0.\n Output the Boolean value true if a is a multiple of b and false otherwise.\n Note: Do not use conditional statements.""}]","[""5 10"", ""10 5"", ""4 4"", ""3 6"", ""7 14"", ""14 7""]","[""false"", ""true"", ""true"", ""false"", ""false"", ""true""]",,,"berupa dua bilangan bulat a dan b, dengan b tidak sama dengan 0.","two integers, a and b, where b is not equal to 0.",berupa nilai Boolean true jika a merupakan kelipatan b dan false jika tidak.,the Boolean value true if a is a multiple of b and false otherwise.,text+table,"[{""case_no"": 1, ""input"": ""5 10"", ""output"": ""false""}, {""case_no"": 2, ""input"": ""10 5"", ""output"": ""true""}, {""case_no"": 3, ""input"": ""4 4"", ""output"": ""true""}, {""case_no"": 4, ""input"": ""3 6"", ""output"": ""false""}, {""case_no"": 5, ""input"": ""7 14"", ""output"": ""false""}, {""case_no"": 6, ""input"": ""14 7"", ""output"": ""true""}]",,,TRUE,10422155,10422155
Q064,Validasi Nilai Ujian,Validasi Nilai Ujian,"Tulislah sebuah algoritma untuk menentukan apakah nilai ujian valid. Nilai valid hanya jika berada pada rentang 0 sampai 100, inklusif.
  Masukan berupa satu bilangan bulat.
  Keluaran berupa nilai Boolean true jika nilai valid dan false jika tidak.
  Catatan: Jangan gunakan struktur percabangan.","Write an algorithm to determine whether an exam score is valid. A score is valid only when it is within the inclusive range from 0 to 100.
  Input one integer.
  Output the Boolean value true if the score is valid and false otherwise.
  Note: Do not use conditional statements.",076,"program NilaiUjianValid
  kamus
  nilai : integer
  valid : boolean
  algoritma
  input(nilai)
  valid <- (nilai >= 0) and (nilai <= 100)
  output(valid)
  endprogram","Test 1
  Input: 0
  Expected: true
  
  Test 2
  Input: 100
  Expected: true
  
  Test 3
  Input: -1
  Expected: false
  
  Test 4
  Input: 101
  Expected: false
  
  Test 5
  Input: 78
  Expected: true
  
  Test 6
  Input: 55
  Expected: true",W03,98,64,TRUE,ready,PS,LMS,LMS-PS-10422159,076.UAI nilai valid (en),Easy,Tulislah sebuah algoritma untuk menentukan apakah nilai ujian valid.,Write an algorithm to determine whether an exam score is valid.,"[{""type"": ""text"", ""content"": ""Tulislah sebuah algoritma untuk menentukan apakah nilai ujian valid. Nilai valid hanya jika berada pada rentang 0 sampai 100, inklusif.\n Masukan berupa satu bilangan bulat.\n Keluaran berupa nilai Boolean true jika nilai valid dan false jika tidak.\n Catatan: Jangan gunakan struktur percabangan.""}]","[{""type"": ""text"", ""content"": ""Write an algorithm to determine whether an exam score is valid. A score is valid only when it is within the inclusive range from 0 to 100.\n Input one integer.\n Output the Boolean value true if the score is valid and false otherwise.\n Note: Do not use conditional statements.""}]","[""0"", ""100"", ""-1"", ""101"", ""78"", ""55""]","[""true"", ""true"", ""false"", ""false"", ""true"", ""true""]",,,berupa satu bilangan bulat.,one integer.,berupa nilai Boolean true jika nilai valid dan false jika tidak.,the Boolean value true if the score is valid and false otherwise.,text+table,"[{""case_no"": 1, ""input"": ""0"", ""output"": ""true""}, {""case_no"": 2, ""input"": ""100"", ""output"": ""true""}, {""case_no"": 3, ""input"": ""-1"", ""output"": ""false""}, {""case_no"": 4, ""input"": ""101"", ""output"": ""false""}, {""case_no"": 5, ""input"": ""78"", ""output"": ""true""}, {""case_no"": 6, ""input"": ""55"", ""output"": ""true""}]",,,TRUE,10422159,10422159
Q065,Menentukan Akar Kuadrat,Menentukan Akar Kuadrat,"Tulislah sebuah algoritma untuk menentukan apakah a merupakan akar kuadrat dari b.
  Masukan berupa dua bilangan bulat a dan b.
  Keluaran berupa nilai Boolean true jika a merupakan akar kuadrat b dan false jika tidak.
  Catatan: Jangan gunakan struktur percabangan.","Write an algorithm to determine whether a is the square root of b.
  Input two integers, a and b.
  Output the Boolean value true if a is the square root of b and false otherwise.
  Note: Do not use conditional statements.",083,"program AkarKuadrat
  kamus
  a, b : integer
  hasil : boolean
  algoritma
  input(a, b)
  hasil <- a * a == b
  output(hasil)
  endprogram","Test 1
  Input: 2 4
  Expected: true
  
  Test 2
  Input: 3 4
  Expected: false
  
  Test 3
  Input: 6 12
  Expected: false
  
  Test 4
  Input: 5 25
  Expected: true
  
  Test 5
  Input: 10 100
  Expected: true
  
  Test 6
  Input: 4 16
  Expected: true",W03,99,65,TRUE,ready,PS,LMS,LMS-PS-10506854,083.UAI akar (en),Easy,Tulislah sebuah algoritma untuk menentukan apakah a merupakan akar kuadrat dari b.,Write an algorithm to determine whether a is the square root of b.,"[{""type"": ""text"", ""content"": ""Tulislah sebuah algoritma untuk menentukan apakah a merupakan akar kuadrat dari b.\n Masukan berupa dua bilangan bulat a dan b.\n Keluaran berupa nilai Boolean true jika a merupakan akar kuadrat b dan false jika tidak.\n Catatan: Jangan gunakan struktur percabangan.""}]","[{""type"": ""text"", ""content"": ""Write an algorithm to determine whether a is the square root of b.\n Input two integers, a and b.\n Output the Boolean value true if a is the square root of b and false otherwise.\n Note: Do not use conditional statements.""}]","[""2 4"", ""3 4"", ""6 12"", ""5 25"", ""10 100"", ""4 16""]","[""true"", ""false"", ""false"", ""true"", ""true"", ""true""]",,,berupa dua bilangan bulat a dan b.,"two integers, a and b.",berupa nilai Boolean true jika a merupakan akar kuadrat b dan false jika tidak.,the Boolean value true if a is the square root of b and false otherwise.,text+table,"[{""case_no"": 1, ""input"": ""2 4"", ""output"": ""true""}, {""case_no"": 2, ""input"": ""3 4"", ""output"": ""false""}, {""case_no"": 3, ""input"": ""6 12"", ""output"": ""false""}, {""case_no"": 4, ""input"": ""5 25"", ""output"": ""true""}, {""case_no"": 5, ""input"": ""10 100"", ""output"": ""true""}, {""case_no"": 6, ""input"": ""4 16"", ""output"": ""true""}]",,,FALSE,10506854,10506854
Q066,Menentukan Tahun Kabisat,Menentukan Tahun Kabisat,"Tulislah sebuah algoritma untuk menentukan apakah sebuah tahun merupakan tahun kabisat.
  Masukan berupa satu bilangan bulat positif.
  Keluaran berupa nilai Boolean true jika tahun tersebut kabisat dan false jika tidak.
  Petunjuk: versi sederhana tahun kabisat adalah tahun yang habis dibagi 400, atau habis dibagi 4 tetapi tidak habis dibagi 100.
  Catatan: Jangan gunakan struktur percabangan.","Write an algorithm to determine whether a given year is a leap year.
  Input one positive integer.
  Output the Boolean value true if the year is a leap year and false otherwise.
  Hint: In the simplified leap-year rule, a year is a leap year if it is divisible by 400, or divisible by 4 but not divisible by 100.
  Note: Do not use conditional statements.",080,"program TahunKabisat
  kamus
  tahun : integer
  kabisat : boolean
  algoritma
  input(tahun)
  kabisat <- (tahun mod 400 == 0) or ((tahun mod 4 == 0) and (tahun mod 100 != 0))
  output(kabisat)
  endprogram","Test 1
  Input: 2016
  Expected: true
  
  Test 2
  Input: 2200
  Expected: false
  
  Test 3
  Input: 2000
  Expected: true
  
  Test 4
  Input: 2018
  Expected: false
  
  Test 5
  Input: 3000
  Expected: false
  
  Test 6
  Input: 2023
  Expected: false",W03,100,66,TRUE,ready,PS,LMS,LMS-PS-10503707,080.ANO tahun kabisat (en),Challenger,Tulislah sebuah algoritma untuk menentukan apakah sebuah tahun merupakan tahun kabisat.,Write an algorithm to determine whether a given year is a leap year.,"[{""type"": ""text"", ""content"": ""Tulislah sebuah algoritma untuk menentukan apakah sebuah tahun merupakan tahun kabisat.\n Masukan berupa satu bilangan bulat positif.\n Keluaran berupa nilai Boolean true jika tahun tersebut kabisat dan false jika tidak.\n Petunjuk: versi sederhana tahun kabisat adalah tahun yang habis dibagi 400, atau habis dibagi 4 tetapi tidak habis dibagi 100.\nCatatan: Jangan gunakan struktur percabangan.""}]","[{""type"": ""text"", ""content"": ""Write an algorithm to determine whether a given year is a leap year.\n Input one positive integer.\n Output the Boolean value true if the year is a leap year and false otherwise.\n Hint: In the simplified leap-year rule, a year is a leap year if it is divisible by 400, or divisible by 4 but not divisible by 100.\n Note: Do not use conditional statements.""}]","[""2016"", ""2200"", ""2000"", ""2018"", ""3000"", ""2023""]","[""true"", ""false"", ""true"", ""false"", ""false"", ""false""]",,,berupa satu bilangan bulat positif.,one positive integer.,berupa nilai Boolean true jika tahun tersebut kabisat dan false jika tidak.,the Boolean value true if the year is a leap year and false otherwise.,text+table,"[{""case_no"": 1, ""input"": ""2016"", ""output"": ""true""}, {""case_no"": 2, ""input"": ""2200"", ""output"": ""false""}, {""case_no"": 3, ""input"": ""2000"", ""output"": ""true""}, {""case_no"": 4, ""input"": ""2018"", ""output"": ""false""}, {""case_no"": 5, ""input"": ""3000"", ""output"": ""false""}, {""case_no"": 6, ""input"": ""2023"", ""output"": ""false""}]",,,TRUE,10503707,10503707
Q067,Kelayakan Pengiriman Paket,Kelayakan Pengiriman Paket,"Tulislah sebuah algoritma untuk menentukan apakah sebuah paket dapat dikirim. Paket dapat dikirim jika volumenya tidak melebihi 1 m³ dan beratnya tidak lebih dari 30 kg.
  Masukan berupa empat bilangan bulat: panjang, lebar, tinggi, dan berat paket. Dimensi dinyatakan dalam cm dan berat dalam gram.
  Keluaran berupa nilai Boolean true jika paket dapat dikirim dan false jika tidak.
  Petunjuk: jangan gunakan struktur kontrol. Operasi aritmetika dan logika sudah cukup.","Write an algorithm to determine whether a package can be delivered. A package is deliverable when its volume does not exceed 1 m³ and its weight is not more than 30 kg.
  Input four integers: the package length, width, height, and weight. The dimensions are given in centimeters and the weight is given in grams.
  Output the Boolean value true if the package is deliverable and false otherwise.
  Hint: Do not use a control structure. Arithmetic and logical operations are sufficient.",081,"program KelayakanPaket
  kamus
  constant MAX_VOLUME = 1000000
  constant MAX_BERAT = 30000
  panjang, lebar, tinggi, berat, volume : integer
  dapatDikirim : boolean
  algoritma
  input(panjang, lebar, tinggi, berat)
  volume <- panjang * lebar * tinggi
  dapatDikirim <- (volume <= MAX_VOLUME) and (berat <= MAX_BERAT)
  output(dapatDikirim)
  endprogram","Test 1
  Input: 10 100 10 35000
  Expected: false
  
  Test 2
  Input: 100 100 100 25000
  Expected: true
  
  Test 3
  Input: 100 100 100 30000
  Expected: true
  
  Test 4
  Input: 100 100 100 30001
  Expected: false",W03,101,67,TRUE,ready,PS,LMS,LMS-PS-10504023,081.JMT overweight (en),Challenger,Tulislah sebuah algoritma untuk menentukan apakah sebuah paket dapat dikirim.,Write an algorithm to determine whether a package can be delivered.,"[{""type"": ""text"", ""content"": ""Tulislah sebuah algoritma untuk menentukan apakah sebuah paket dapat dikirim. Paket dapat dikirim jika volumenya tidak melebihi 1 m³ dan beratnya tidak lebih dari 30 kg.\n Masukan berupa empat bilangan bulat: panjang, lebar, tinggi, dan berat paket. Dimensi dinyatakan dalam cm dan berat dalam gram.\n Keluaran berupa nilai Boolean true jika paket dapat dikirim dan false jika tidak.\n Petunjuk: jangan gunakan struktur kontrol. Operasi aritmetika dan logika sudah cukup.""}]","[{""type"": ""text"", ""content"": ""Write an algorithm to determine whether a package can be delivered. A package is deliverable when its volume does not exceed 1 m³ and its weight is not more than 30 kg.\n Input four integers: the package length, width, height, and weight. The dimensions are given in centimeters and the weight is given in grams.\n Output the Boolean value true if the package is deliverable and false otherwise.\n Hint: Do not use a control structure. Arithmetic and logical operations are sufficient.""}]","[""10 100 10 35000"", ""100 100 100 25000"", ""100 100 100 30000"", ""100 100 100 30001""]","[""false"", ""true"", ""true"", ""false""]",,,"berupa empat bilangan bulat: panjang, lebar, tinggi, dan berat paket. Dimensi dinyatakan dalam cm dan berat dalam gram.","four integers: the package length, width, height, and weight. The dimensions are given in centimeters and the weight is given in grams.",berupa nilai Boolean true jika paket dapat dikirim dan false jika tidak.,the Boolean value true if the package is deliverable and false otherwise.,text+table,"[{""case_no"": 1, ""input"": ""10 100 10 35000"", ""output"": ""false""}, {""case_no"": 2, ""input"": ""100 100 100 25000"", ""output"": ""true""}, {""case_no"": 3, ""input"": ""100 100 100 30000"", ""output"": ""true""}, {""case_no"": 4, ""input"": ""100 100 100 30001"", ""output"": ""false""}]",,,TRUE,10504023,10504023
Q068,Konversi Koin Drachma,Konversi Koin Drachma,"Argos ingin menukar koin drachma ke koin lain. Satu drachma setara dengan 6 oboli, 100 drachma setara dengan 1 mine, dan 60 mine setara dengan 1 attic talent.
  Tulislah algoritma untuk menghitung jumlah attic talent, mine, dan oboli yang setara dengan sejumlah drachma.
  Masukan berupa jumlah drachma sebagai bilangan bulat.
  Keluaran berupa tiga bilangan bulat: attic talent, mine, dan oboli.
  Petunjuk: jangan gunakan struktur kontrol.
  
  Argos wants to exchange drachma coins for other coins. One drachma is equivalent to 6 oboli, 100 drachma are equivalent to 1 mine, and 60 mine are equivalent to 1 attic talent.","Write an algorithm to compute how many attic talent, mine, and oboli are equivalent to a given number of drachma coins.
  Input the number of drachma coins as an integer.
  Output three integers: the number of attic talent, mine, and oboli.
  Hint: Do not use a control structure.",082,"program KonversiDrachma
  kamus
  drachma, atticTalent, mine, oboli : integer
  algoritma
  input(drachma)
  atticTalent <- drachma div 6000
  drachma <- drachma mod 6000
  mine <- drachma div 100
  drachma <- drachma mod 100
  oboli <- 6 * drachma
  output(atticTalent, mine, oboli)
  endprogram","Test 1
  Input: 20
  Expected: 0
  0
  120
  
  Test 2
  Input: 100
  Expected: 0
  1
  0
  
  Test 3
  Input: 120
  Expected: 0
  1
  120
  
  Test 4
  Input: 600
  Expected: 0
  6
  0
  
  Test 5
  Input: 6000
  Expected: 1
  0
  0
  
  Test 6
  Input: 6001
  Expected: 1
  0
  6
  
  Test 7
  Input: 6120
  Expected: 1
  1
  120
  
  Test 8
  Input: 12120
  Expected: 2
  1
  120
  
  Test 9
  Input: 20000
  Expected: 3
  20
  0
  
  Test 10
  Input: 0
  Expected: 0
  0
  0",W03,102,68,TRUE,ready,PS,LMS,LMS-PS-10506833,082.UAI/JMT drachma (en),Challenger,Argos ingin menukar koin drachma ke koin lain.,"Write an algorithm to compute how many attic talent, mine, and oboli are equivalent to a given number of drachma coins.","[{""type"": ""text"", ""content"": ""Argos ingin menukar koin drachma ke koin lain. Satu drachma setara dengan 6 oboli, 100 drachma setara dengan 1 mine, dan 60 mine setara dengan 1 attic talent.\n Tulislah algoritma untuk menghitung jumlah attic talent, mine, dan oboli yang setara dengan sejumlah drachma.\n Masukan berupa jumlah drachma sebagai bilangan bulat.\n Keluaran berupa tiga bilangan bulat: attic talent, mine, dan oboli.\n Petunjuk: jangan gunakan struktur kontrol.\n\n Argos wants to exchange drachma coins for other coins. One drachma is equivalent to 6 oboli, 100 drachma are equivalent to 1 mine, and 60 mine are equivalent to 1 attic talent.""}]","[{""type"": ""text"", ""content"": ""Write an algorithm to compute how many attic talent, mine, and oboli are equivalent to a given number of drachma coins.\n Input the number of drachma coins as an integer.\n Output three integers: the number of attic talent, mine, and oboli.\n Hint: Do not use a control structure.""}]","[""20"", ""100"", ""120"", ""600"", ""6000"", ""6001"", ""6120"", ""12120"", ""20000"", ""0""]","[""0\n0\n120"", ""0\n1\n0"", ""0\n1\n120"", ""0\n6\n0"", ""1\n0\n0"", ""1\n0\n6"", ""1\n1\n120"", ""2\n1\n120"", ""3\n20\n0"", ""0\n0\n0""]",,,berupa jumlah drachma sebagai bilangan bulat.,the number of drachma coins as an integer.,"berupa tiga bilangan bulat: attic talent, mine, dan oboli.","three integers: the number of attic talent, mine, and oboli.",text+table,"[{""case_no"": 1, ""input"": ""20"", ""output"": ""0\n0\n120""}, {""case_no"": 2, ""input"": ""100"", ""output"": ""0\n1\n0""}, {""case_no"": 3, ""input"": ""120"", ""output"": ""0\n1\n120""}, {""case_no"": 4, ""input"": ""600"", ""output"": ""0\n6\n0""}, {""case_no"": 5, ""input"": ""6000"", ""output"": ""1\n0\n0""}, {""case_no"": 6, ""input"": ""6001"", ""output"": ""1\n0\n6""}, {""case_no"": 7, ""input"": ""6120"", ""output"": ""1\n1\n120""}, {""case_no"": 8, ""input"": ""12120"", ""output"": ""2\n1\n120""}, {""case_no"": 9, ""input"": ""20000"", ""output"": ""3\n20\n0""}, {""case_no"": 10, ""input"": ""0"", ""output"": ""0\n0\n0""}]",,,TRUE,10506833,10506833
Q069,Digit Terurut Menaik,Digit Terurut Menaik,"Tulislah sebuah algoritma untuk menentukan apakah semua digit pada sebuah bilangan empat digit tersusun menaik.
  Masukan berupa satu bilangan bulat positif dalam rentang 1000 sampai 9999, inklusif.
  Keluaran berupa nilai Boolean true jika semua digit tersusun menaik dan false jika tidak.
  Petunjuk: bilangan dibaca sebagai satu bilangan bulat, bukan empat karakter atau empat bilangan satu digit. Gunakan tanda kurung untuk menyusun ekspresi Boolean dengan benar.
  Catatan: Jangan gunakan struktur percabangan.","Write an algorithm to determine whether all digits of a four-digit number are in increasing order.
  Input one positive integer within the inclusive range from 1000 to 9999.
  Output the Boolean value true if all digits are in increasing order and false otherwise.
  Hint: Read the number as one integer, not as four characters or four one-digit numbers. Use parentheses to structure the Boolean expression correctly.
  
  Note: Do not use conditional statements.",086,"program DigitMenaik
  kamus
  bilangan, d1, d2, d3, d4 : integer
  menaik : boolean
  algoritma
  input(bilangan)
  d1 <- bilangan div 1000
  d2 <- bilangan div 100 mod 10
  d3 <- bilangan div 10 mod 10
  d4 <- bilangan mod 10
  menaik <- (d1 < d2) and (d2 < d3) and (d3 < d4)
  output(menaik)
  endprogram","Test 1
  Input: 4321
  Expected: false
  
  Test 2
  Input: 2345
  Expected: true
  
  Test 3
  Input: 1010
  Expected: false
  
  Test 4
  Input: 5555
  Expected: false
  
  Test 5
  Input: 4789
  Expected: true
  
  Test 6
  Input: 4567
  Expected: true",W03,103,69,TRUE,ready,PS,LMS,LMS-PS-10514212,086.ANO terurut menaik (en),Challenger,Tulislah sebuah algoritma untuk menentukan apakah semua digit pada sebuah bilangan empat digit tersusun menaik.,Write an algorithm to determine whether all digits of a four-digit number are in increasing order.,"[{""type"": ""text"", ""content"": ""Tulislah sebuah algoritma untuk menentukan apakah semua digit pada sebuah bilangan empat digit tersusun menaik.\n Masukan berupa satu bilangan bulat positif dalam rentang 1000 sampai 9999, inklusif.\n Keluaran berupa nilai Boolean true jika semua digit tersusun menaik dan false jika tidak.\n Petunjuk: bilangan dibaca sebagai satu bilangan bulat, bukan empat karakter atau empat bilangan satu digit. Gunakan tanda kurung untuk menyusun ekspresi Boolean dengan benar.\n Catatan: Jangan gunakan struktur percabangan.""}]","[{""type"": ""text"", ""content"": ""Write an algorithm to determine whether all digits of a four-digit number are in increasing order.\n Input one positive integer within the inclusive range from 1000 to 9999.\n Output the Boolean value true if all digits are in increasing order and false otherwise.\n Hint: Read the number as one integer, not as four characters or four one-digit numbers. Use parentheses to structure the Boolean expression correctly.\n\n Note: Do not use conditional statements.""}]","[""4321"", ""2345"", ""1010"", ""5555"", ""4789"", ""4567""]","[""false"", ""true"", ""false"", ""false"", ""true"", ""true""]",,,"berupa satu bilangan bulat positif dalam rentang 1000 sampai 9999, inklusif.",one positive integer within the inclusive range from 1000 to 9999.,berupa nilai Boolean true jika semua digit tersusun menaik dan false jika tidak.,the Boolean value true if all digits are in increasing order and false otherwise.,text+table,"[{""case_no"": 1, ""input"": ""4321"", ""output"": ""false""}, {""case_no"": 2, ""input"": ""2345"", ""output"": ""true""}, {""case_no"": 3, ""input"": ""1010"", ""output"": ""false""}, {""case_no"": 4, ""input"": ""5555"", ""output"": ""false""}, {""case_no"": 5, ""input"": ""4789"", ""output"": ""true""}, {""case_no"": 6, ""input"": ""4567"", ""output"": ""true""}]",,,TRUE,10514212,10514212
Q070,Menentukan Huruf Vokal,Menentukan Huruf Vokal,"Tulislah sebuah algoritma untuk memeriksa apakah sebuah karakter merupakan huruf vokal.
  Masukan berupa satu karakter huruf kecil.
  Keluaran berupa nilai Boolean true jika karakter tersebut vokal dan false jika tidak.
  Petunjuk: kelompokkan ekspresi Boolean menggunakan tanda kurung.
  Catatan: Jangan gunakan struktur percabangan.","Write an algorithm to check whether a character is a vowel.
  Input one lowercase character.
  Output the Boolean value true if the character is a vowel and false otherwise.
  Hint: Group the Boolean expressions using parentheses.
  
  Note: Do not use conditional statements.",041,"program HurufVokal
  kamus
  huruf : char
  vokal : boolean
  algoritma
  input(huruf)
  vokal <- (huruf == 'a') or (huruf == 'i') or (huruf == 'u') or (huruf == 'e') or (huruf == 'o')
  output(vokal)
  endprogram","Test 1
  Input: a
  Expected: true
  
  Test 2
  Input: b
  Expected: false
  
  Test 3
  Input: u
  Expected: true
  
  Test 4
  Input: i
  Expected: true
  
  Test 5
  Input: e
  Expected: true",W03,104,70,TRUE,ready,PS,LMS,LMS-PS-10564820,041.UAI huruf vokal (en),Ultimate,Tulislah sebuah algoritma untuk memeriksa apakah sebuah karakter merupakan huruf vokal.,Write an algorithm to check whether a character is a vowel.,"[{""type"": ""text"", ""content"": ""Tulislah sebuah algoritma untuk memeriksa apakah sebuah karakter merupakan huruf vokal.\n Masukan berupa satu karakter huruf kecil.\n Keluaran berupa nilai Boolean true jika karakter tersebut vokal dan false jika tidak.\n Petunjuk: kelompokkan ekspresi Boolean menggunakan tanda kurung.\n Catatan: Jangan gunakan struktur percabangan.""}]","[{""type"": ""text"", ""content"": ""Write an algorithm to check whether a character is a vowel.\n Input one lowercase character.\n Output the Boolean value true if the character is a vowel and false otherwise.\n Hint: Group the Boolean expressions using parentheses.\n\n Note: Do not use conditional statements.""}]","[""a"", ""b"", ""u"", ""i"", ""e""]","[""true"", ""false"", ""true"", ""true"", ""true""]",,,berupa satu karakter huruf kecil.,one lowercase character.,berupa nilai Boolean true jika karakter tersebut vokal dan false jika tidak.,the Boolean value true if the character is a vowel and false otherwise.,text+table,"[{""case_no"": 1, ""input"": ""a"", ""output"": ""true""}, {""case_no"": 2, ""input"": ""b"", ""output"": ""false""}, {""case_no"": 3, ""input"": ""u"", ""output"": ""true""}, {""case_no"": 4, ""input"": ""i"", ""output"": ""true""}, {""case_no"": 5, ""input"": ""e"", ""output"": ""true""}]",,,TRUE,10564820,10564820
Q071,Menentukan Huruf Konsonan,Menentukan Huruf Konsonan,"Tulislah sebuah algoritma untuk memeriksa apakah sebuah huruf merupakan konsonan.
  Masukan berupa satu huruf kecil.
  Keluaran berupa nilai Boolean true jika huruf tersebut konsonan dan false jika tidak.
  Catatan: Jangan gunakan struktur percabangan.","Write an algorithm to check whether a letter is a consonant.
  Input one lowercase letter.
  Output the Boolean value true if the letter is a consonant and false otherwise.
  
  Note: Do not use conditional statements.",042,"program HurufKonsonan
  kamus
  huruf : char
  konsonan : boolean
  algoritma
  input(huruf)
  konsonan <- not ((huruf == 'a') or (huruf == 'i') or (huruf == 'u') or (huruf == 'e') or (huruf == 'o'))
  output(konsonan)
  endprogram","Test 1
  Input: a
  Expected: false
  
  Test 2
  Input: b
  Expected: true
  
  Test 3
  Input: u
  Expected: false
  
  Test 4
  Input: i
  Expected: false
  
  Test 5
  Input: e
  Expected: false",W03,105,71,TRUE,ready,PS,LMS,LMS-PS-10564821,042.UAI huruf konsonan (en),Ultimate,Tulislah sebuah algoritma untuk memeriksa apakah sebuah huruf merupakan konsonan.,Write an algorithm to check whether a letter is a consonant.,"[{""type"": ""text"", ""content"": ""Tulislah sebuah algoritma untuk memeriksa apakah sebuah huruf merupakan konsonan.\n Masukan berupa satu huruf kecil.\n Keluaran berupa nilai Boolean true jika huruf tersebut konsonan dan false jika tidak.\n Catatan: Jangan gunakan struktur percabangan.""}]","[{""type"": ""text"", ""content"": ""Write an algorithm to check whether a letter is a consonant.\n Input one lowercase letter.\n Output the Boolean value true if the letter is a consonant and false otherwise.\n\n Note: Do not use conditional statements.""}]","[""a"", ""b"", ""u"", ""i"", ""e""]","[""false"", ""true"", ""false"", ""false"", ""false""]",,,berupa satu huruf kecil.,one lowercase letter.,berupa nilai Boolean true jika huruf tersebut konsonan dan false jika tidak.,the Boolean value true if the letter is a consonant and false otherwise.,text+table,"[{""case_no"": 1, ""input"": ""a"", ""output"": ""false""}, {""case_no"": 2, ""input"": ""b"", ""output"": ""true""}, {""case_no"": 3, ""input"": ""u"", ""output"": ""false""}, {""case_no"": 4, ""input"": ""i"", ""output"": ""false""}, {""case_no"": 5, ""input"": ""e"", ""output"": ""false""}]",,,TRUE,10564821,10564821
Q072,"Tebak Angka: Selisih 0, 1, atau 5","Tebak Angka: Selisih 0, 1, atau 5","Dua saudara masing-masing menulis angka 0 sampai 9. Adik menang jika kedua angka sama atau selisih absolut kedua angka adalah 1 atau 5.
  
  Masukan berupa dua bilangan bulat: angka adik dan angka kakak.
  
  Keluaran berupa nilai Boolean true jika adik menang dan false jika tidak.
  Catatan: Jangan gunakan struktur percabangan.
  
  Two siblings each secretly write a number from 0 to 9. The younger sibling wins when both numbers are the same, or when the absolute difference between the two numbers is 1 or 5.","Input two integers: the younger sibling's number and the older sibling's number.
  
  Output the Boolean value true if the younger sibling wins and false otherwise.
  
  Note: Do not use conditional statements.",043,"program TebakSelisih
  kamus
  adik, kakak : integer
  menang : boolean
  algoritma
  input(adik, kakak)
  menang <- (adik == kakak) or (adik - kakak == 1) or (kakak - adik == 1) or (adik - kakak == 5) or (kakak - adik == 5)
  output(menang)
  endprogram","Test 1
  Input: 1 1
  Expected: true
  
  Test 2
  Input: 1 2
  Expected: true
  
  Test 3
  Input: 2 1
  Expected: true
  
  Test 4
  Input: 1 2
  Expected: true
  
  Test 5
  Input: 6 1
  Expected: true
  
  Test 6
  Input: 1 6
  Expected: true
  
  Test 7
  Input: 1 3
  Expected: false
  
  Test 8
  Input: 3 1
  Expected: false",W03,106,72,TRUE,ready,PS,LMS,LMS-PS-10564822,043.UAI tebak-tebakan 1 (en),Ultimate,Dua saudara masing-masing menulis angka 0 sampai 9.,Input two integers: the younger sibling's number and the older sibling's number.,"[{""type"": ""text"", ""content"": ""Dua saudara masing-masing menulis angka 0 sampai 9. Adik menang jika kedua angka sama atau selisih absolut kedua angka adalah 1 atau 5.\n\n Masukan berupa dua bilangan bulat: angka adik dan angka kakak.\n\n Keluaran berupa nilai Boolean true jika adik menang dan false jika tidak.\n Catatan: Jangan gunakan struktur percabangan.\n\n Two siblings each secretly write a number from 0 to 9. The younger sibling wins when both numbers are the same, or when the absolute difference between the two numbers is 1 or 5.""}]","[{""type"": ""text"", ""content"": ""Input two integers: the younger sibling's number and the older sibling's number.\n\n Output the Boolean value true if the younger sibling wins and false otherwise.\n\n Note: Do not use conditional statements.""}]","[""1 1"", ""1 2"", ""2 1"", ""1 2"", ""6 1"", ""1 6"", ""1 3"", ""3 1""]","[""true"", ""true"", ""true"", ""true"", ""true"", ""true"", ""false"", ""false""]",,,berupa dua bilangan bulat: angka adik dan angka kakak.,two integers: the younger sibling's number and the older sibling's number.,berupa nilai Boolean true jika adik menang dan false jika tidak.,the Boolean value true if the younger sibling wins and false otherwise.,text+table,"[{""case_no"": 1, ""input"": ""1 1"", ""output"": ""true""}, {""case_no"": 2, ""input"": ""1 2"", ""output"": ""true""}, {""case_no"": 3, ""input"": ""2 1"", ""output"": ""true""}, {""case_no"": 4, ""input"": ""1 2"", ""output"": ""true""}, {""case_no"": 5, ""input"": ""6 1"", ""output"": ""true""}, {""case_no"": 6, ""input"": ""1 6"", ""output"": ""true""}, {""case_no"": 7, ""input"": ""1 3"", ""output"": ""false""}, {""case_no"": 8, ""input"": ""3 1"", ""output"": ""false""}]",,,TRUE,10564822,10564822
Q073,Tebak Angka: Selisih Prima,Tebak Angka: Selisih Prima,"Dua saudara masing-masing menulis angka 1 sampai 9. Adik menang jika selisih absolut kedua angka merupakan bilangan prima.
  
  Masukan berupa dua bilangan bulat positif dalam rentang 1 sampai 9, inklusif.
  
  Keluaran berupa nilai Boolean true jika adik menang dan false jika tidak.
  Catatan: Jangan gunakan struktur percabangan.
  
  Two siblings each secretly write a number from 1 to 9. The younger sibling wins when the absolute difference between the two numbers is a prime number.","Input two positive integers within the inclusive range from 1 to 9.
  
  Output the Boolean value true if the younger sibling wins and false otherwise.
  
  Note: Do not use conditional statements.",050,"program TebakSelisihPrima
  kamus
  adik, kakak : integer
  menang : boolean
  algoritma
  input(adik, kakak)
  menang <- (adik - kakak == 2) or (kakak - adik == 2) or
  (adik - kakak == 3) or (kakak - adik == 3) or
  (adik - kakak == 5) or (kakak - adik == 5) or
  (adik - kakak == 7) or (kakak - adik == 7)
  output(menang)
  endprogram","Test 1
  Input: 3 1
  Expected: true
  
  Test 2
  Input: 1 3
  Expected: true
  
  Test 3
  Input: 5 2
  Expected: true
  
  Test 4
  Input: 2 5
  Expected: true
  
  Test 5
  Input: 7 2
  Expected: true
  
  Test 6
  Input: 2 7
  Expected: true
  
  Test 7
  Input: 9 2
  Expected: true
  
  Test 8
  Input: 2 9
  Expected: true
  
  Test 9
  Input: 4 3
  Expected: false
  
  Test 10
  Input: 3 4
  Expected: false
  
  Test 11
  Input: 9 9
  Expected: false
  
  Test 12
  Input: 0 0
  Expected: false
  
  Test 13
  Input: 5 4
  Expected: false
  
  Test 14
  Input: 9 5
  Expected: false",W03,107,73,TRUE,ready,PS,LMS,LMS-PS-10564823,050.UAI tebak-tebakan 10 (en),Ultimate,Dua saudara masing-masing menulis angka 1 sampai 9.,Input two positive integers within the inclusive range from 1 to 9.,"[{""type"": ""text"", ""content"": ""Dua saudara masing-masing menulis angka 1 sampai 9. Adik menang jika selisih absolut kedua angka merupakan bilangan prima.\n\n Masukan berupa dua bilangan bulat positif dalam rentang 1 sampai 9, inklusif.\n\n Keluaran berupa nilai Boolean true jika adik menang dan false jika tidak.\n Catatan: Jangan gunakan struktur percabangan.\n\n Two siblings each secretly write a number from 1 to 9. The younger sibling wins when the absolute difference between the two numbers is a prime number.""}]","[{""type"": ""text"", ""content"": ""Input two positive integers within the inclusive range from 1 to 9.\n\n Output the Boolean value true if the younger sibling wins and false otherwise.\n\n Note: Do not use conditional statements.""}]","[""3 1"", ""1 3"", ""5 2"", ""2 5"", ""7 2"", ""2 7"", ""9 2"", ""2 9"", ""4 3"", ""3 4"", ""9 9"", ""0 0"", ""5 4"", ""9 5""]","[""true"", ""true"", ""true"", ""true"", ""true"", ""true"", ""true"", ""true"", ""false"", ""false"", ""false"", ""false"", ""false"", ""false""]",,,"berupa dua bilangan bulat positif dalam rentang 1 sampai 9, inklusif.",two positive integers within the inclusive range from 1 to 9.,berupa nilai Boolean true jika adik menang dan false jika tidak.,the Boolean value true if the younger sibling wins and false otherwise.,text+table,"[{""case_no"": 1, ""input"": ""3 1"", ""output"": ""true""}, {""case_no"": 2, ""input"": ""1 3"", ""output"": ""true""}, {""case_no"": 3, ""input"": ""5 2"", ""output"": ""true""}, {""case_no"": 4, ""input"": ""2 5"", ""output"": ""true""}, {""case_no"": 5, ""input"": ""7 2"", ""output"": ""true""}, {""case_no"": 6, ""input"": ""2 7"", ""output"": ""true""}, {""case_no"": 7, ""input"": ""9 2"", ""output"": ""true""}, {""case_no"": 8, ""input"": ""2 9"", ""output"": ""true""}, {""case_no"": 9, ""input"": ""4 3"", ""output"": ""false""}, {""case_no"": 10, ""input"": ""3 4"", ""output"": ""false""}, {""case_no"": 11, ""input"": ""9 9"", ""output"": ""false""}, {""case_no"": 12, ""input"": ""0 0"", ""output"": ""false""}, {""case_no"": 13, ""input"": ""5 4"", ""output"": ""false""}, {""case_no"": 14, ""input"": ""9 5"", ""output"": ""false""}]",,,TRUE,10564823,10564823
Q074,Tebak Bilangan Riil: Selisih Sangat Kecil,Tebak Bilangan Riil: Selisih Sangat Kecil,"Dua saudara masing-masing menulis sebuah bilangan riil. Adik menang jika selisih absolut kedua bilangan lebih kecil dari 0.0001.
  Masukan berupa dua bilangan riil: bilangan adik dan bilangan kakak.
  Keluaran berupa nilai Boolean true jika adik menang dan false jika tidak.
  
  Two siblings each secretly write a real number. The younger sibling wins when the absolute difference between the two numbers is less than 0.0001.","Input two real numbers: the younger sibling's number and the older sibling's number.
  Output the Boolean value true if the younger sibling wins and false otherwise.",050,"program SelisihKecil
  kamus
  adik, kakak, selisih : real
  menang : boolean
  algoritma
  input(adik, kakak)
  selisih <- adik - kakak
  menang <- selisih * selisih < 0.00000001
  output(menang)
  endprogram","Test 1
  Input: 3 1
  Expected: false
  
  Test 2
  Input: 1.1 1.1
  Expected: true
  
  Test 3
  Input: 3.14159 3.1416
  Expected: true
  
  Test 4
  Input: 3.14159 3.14155
  Expected: true
  
  Test 5
  Input: 3.141 3.142
  Expected: false
  
  Test 6
  Input: 3.141 3.14
  Expected: false
  
  Test 7
  Input: 2.71828 3.14159
  Expected: false
  
  Test 8
  Input: 2 9
  Expected: false
  
  Test 9
  Input: 4 4
  Expected: true
  
  Test 10
  Input: 300.0000001 300.0000002
  Expected: true
  
  Test 11
  Input: 300.0000002 300.0000001
  Expected: true
  
  Test 12
  Input: 0 0
  Expected: true
  
  Test 13
  Input: -5 -4
  Expected: false
  
  Test 14
  Input: -3.14159 -3.14160
  Expected: true",W03,108,74,TRUE,ready,PS,LMS,LMS-PS-11318698,050.UAI tebak-tebakan 11 (en),Ultimate,Dua saudara masing-masing menulis sebuah bilangan riil.,Input two real numbers: the younger sibling's number and the older sibling's number.,"[{""type"": ""text"", ""content"": ""Dua saudara masing-masing menulis sebuah bilangan riil. Adik menang jika selisih absolut kedua bilangan lebih kecil dari 0.0001.\nMasukan berupa dua bilangan riil: bilangan adik dan bilangan kakak.\nKeluaran berupa nilai Boolean true jika adik menang dan false jika tidak.\n\nTwo siblings each secretly write a real number. The younger sibling wins when the absolute difference between the two numbers is less than 0.0001.""}]","[{""type"": ""text"", ""content"": ""Input two real numbers: the younger sibling's number and the older sibling's number.\nOutput the Boolean value true if the younger sibling wins and false otherwise.""}]","[""3 1"", ""1.1 1.1"", ""3.14159 3.1416"", ""3.14159 3.14155"", ""3.141 3.142"", ""3.141 3.14"", ""2.71828 3.14159"", ""2 9"", ""4 4"", ""300.0000001 300.0000002"", ""300.0000002 300.0000001"", ""0 0"", ""-5 -4"", ""-3.14159 -3.14160""]","[""false"", ""true"", ""true"", ""true"", ""false"", ""false"", ""false"", ""false"", ""true"", ""true"", ""true"", ""true"", ""false"", ""true""]",,,berupa dua bilangan riil: bilangan adik dan bilangan kakak.,two real numbers: the younger sibling's number and the older sibling's number.,berupa nilai Boolean true jika adik menang dan false jika tidak.,the Boolean value true if the younger sibling wins and false otherwise.,text+table,"[{""case_no"": 1, ""input"": ""3 1"", ""output"": ""false""}, {""case_no"": 2, ""input"": ""1.1 1.1"", ""output"": ""true""}, {""case_no"": 3, ""input"": ""3.14159 3.1416"", ""output"": ""true""}, {""case_no"": 4, ""input"": ""3.14159 3.14155"", ""output"": ""true""}, {""case_no"": 5, ""input"": ""3.141 3.142"", ""output"": ""false""}, {""case_no"": 6, ""input"": ""3.141 3.14"", ""output"": ""false""}, {""case_no"": 7, ""input"": ""2.71828 3.14159"", ""output"": ""false""}, {""case_no"": 8, ""input"": ""2 9"", ""output"": ""false""}, {""case_no"": 9, ""input"": ""4 4"", ""output"": ""true""}, {""case_no"": 10, ""input"": ""300.0000001 300.0000002"", ""output"": ""true""}, {""case_no"": 11, ""input"": ""300.0000002 300.0000001"", ""output"": ""true""}, {""case_no"": 12, ""input"": ""0 0"", ""output"": ""true""}, {""case_no"": 13, ""input"": ""-5 -4"", ""output"": ""false""}, {""case_no"": 14, ""input"": ""-3.14159 -3.14160"", ""output"": ""true""}]",,,FALSE,11318698,11318698
Q075,Status Game Fall Guys Three,Status Game Fall Guys Three,"Dalam game Fall Guys Three, permainan dapat dilanjutkan jika health lebih besar dari 0 dan salah satu syarat berikut terpenuhi: pemain berada pada level 1 dengan skor sedikitnya 1000; pemain berada pada level 2 dengan skor sedikitnya 3000; atau skor pemain sedikitnya 7000.
  
  Masukan berupa tiga bilangan bulat: health, score, dan level.
  
  Keluaran berupa nilai Boolean true jika game over dan false jika pemain masih dapat melanjutkan permainan.
  Catatan: Jangan gunakan struktur percabangan.
  
  In the Fall Guys Three game, the game can continue when health is greater than 0 and at least one of the following conditions is satisfied: the player is at level 1 with a score of at least 1000; the player is at level 2 with a score of at least 3000; or the player's score is at least 7000.","Input three integers: health, score, and level.
  
  Output the Boolean value true if the game is over and false if the player can continue the game.
  
  Note: Do not use conditional statements.",056,"program StatusGame
  kamus
  health, score, level : integer
  hidup, syarat1, syarat2, syarat3, gameOver : boolean
  algoritma
  input(health, score, level)
  hidup <- health > 0
  syarat1 <- (level == 1) and (score >= 1000)
  syarat2 <- (level == 2) and (score >= 3000)
  syarat3 <- score >= 7000
  gameOver <- not (hidup and (syarat1 or syarat2 or syarat3))
  output(gameOver)
  endprogram","Test 1
  Input: 544 28387 9
  Expected: false
  
  Test 2
  Input: 381 31246 8
  Expected: false
  
  Test 3
  Input: 49 6101 1
  Expected: false
  
  Test 4
  Input: 208 3214 4
  Expected: true
  
  Test 5
  Input: 413 9468 10
  Expected: false
  
  Test 6
  Input: 0 8572 8
  Expected: true
  
  Test 7
  Input: 853 40208 4
  Expected: false",W03,109,75,TRUE,ready,PS,LMS,LMS-PS-10564826,056.ANO game fall guys three (en),Ultimate,"Dalam game Fall Guys Three, permainan dapat dilanjutkan jika health lebih besar dari 0 dan salah satu syarat berikut terpenuhi: pemain berada pada level 1 dengan skor sedikitnya 1…","Input three integers: health, score, and level.","[{""type"": ""text"", ""content"": ""Dalam game Fall Guys Three, permainan dapat dilanjutkan jika health lebih besar dari 0 dan salah satu syarat berikut terpenuhi: pemain berada pada level 1 dengan skor sedikitnya 1000; pemain berada pada level 2 dengan skor sedikitnya 3000; atau skor pemain sedikitnya 7000.\n\n Masukan berupa tiga bilangan bulat: health, score, dan level.\n\n Keluaran berupa nilai Boolean true jika game over dan false jika pemain masih dapat melanjutkan permainan.\n Catatan: Jangan gunakan struktur percabangan.\n\n In the Fall Guys Three game, the game can continue when health is greater than 0 and at least one of the following conditions is satisfied: the player is at level 1 with a score of at least 1000; the player is at level 2 with a score of at least 3000; or the player's score is at least 7000.""}]","[{""type"": ""text"", ""content"": ""Input three integers: health, score, and level.\n\n Output the Boolean value true if the game is over and false if the player can continue the game.\n\n Note: Do not use conditional statements.""}]","[""544 28387 9"", ""381 31246 8"", ""49 6101 1"", ""208 3214 4"", ""413 9468 10"", ""0 8572 8"", ""853 40208 4""]","[""false"", ""false"", ""false"", ""true"", ""false"", ""true"", ""false""]",,,"berupa tiga bilangan bulat: health, score, dan level.","three integers: health, score, and level.",berupa nilai Boolean true jika game over dan false jika pemain masih dapat melanjutkan permainan.,the Boolean value true if the game is over and false if the player can continue the game.,text+table,"[{""case_no"": 1, ""input"": ""544 28387 9"", ""output"": ""false""}, {""case_no"": 2, ""input"": ""381 31246 8"", ""output"": ""false""}, {""case_no"": 3, ""input"": ""49 6101 1"", ""output"": ""false""}, {""case_no"": 4, ""input"": ""208 3214 4"", ""output"": ""true""}, {""case_no"": 5, ""input"": ""413 9468 10"", ""output"": ""false""}, {""case_no"": 6, ""input"": ""0 8572 8"", ""output"": ""true""}, {""case_no"": 7, ""input"": ""853 40208 4"", ""output"": ""false""}]",,,TRUE,10564826,10564826
Q076,Semua Dadu Bernilai Ganjil,Semua Dadu Bernilai Ganjil,"Diberikan tiga dadu bersisi enam. Tulislah sebuah algoritma untuk memeriksa apakah semua dadu menunjukkan bilangan ganjil.
  
  Masukan berupa tiga bilangan bulat positif 1 sampai 6 yang menyatakan nilai ketiga dadu.
  
  Keluaran berupa nilai Boolean true jika semua dadu ganjil dan false jika tidak.
  Catatan: Jangan gunakan struktur percabangan.","Given three six-sided dice, write an algorithm to check whether all dice show odd numbers.
  
  Input three positive integers from 1 to 6 representing the values of the three dice.
  
  Output the Boolean value true if all dice show odd numbers and false otherwise.
  
  Note: Do not use conditional statements.",063,"program SemuaDaduGanjil
  kamus
  d1, d2, d3 : integer
  hasil : boolean
  algoritma
  input(d1, d2, d3)
  hasil <- (d1 mod 2 != 0) and (d2 mod 2 != 0) and (d3 mod 2 != 0)
  output(hasil)
  endprogram","Test 1
  Input: 1 1 1
  Expected: true
  
  Test 2
  Input: 1 3 5
  Expected: true
  
  Test 3
  Input: 1 2 3
  Expected: false
  
  Test 4
  Input: 6 6 6
  Expected: false",W03,110,76,TRUE,ready,PS,LMS,LMS-PS-10564829,063.UAI dadu semua ganjil (en),Ultimate,Diberikan tiga dadu bersisi enam.,"Given three six-sided dice, write an algorithm to check whether all dice show odd numbers.","[{""type"": ""text"", ""content"": ""Diberikan tiga dadu bersisi enam. Tulislah sebuah algoritma untuk memeriksa apakah semua dadu menunjukkan bilangan ganjil.\n\n Masukan berupa tiga bilangan bulat positif 1 sampai 6 yang menyatakan nilai ketiga dadu.\n\n Keluaran berupa nilai Boolean true jika semua dadu ganjil dan false jika tidak.\n Catatan: Jangan gunakan struktur percabangan.""}]","[{""type"": ""text"", ""content"": ""Given three six-sided dice, write an algorithm to check whether all dice show odd numbers.\n\n Input three positive integers from 1 to 6 representing the values of the three dice.\n\n Output the Boolean value true if all dice show odd numbers and false otherwise.\n\n Note: Do not use conditional statements.""}]","[""1 1 1"", ""1 3 5"", ""1 2 3"", ""6 6 6""]","[""true"", ""true"", ""false"", ""false""]",,,berupa tiga bilangan bulat positif 1 sampai 6 yang menyatakan nilai ketiga dadu.,three positive integers from 1 to 6 representing the values of the three dice.,berupa nilai Boolean true jika semua dadu ganjil dan false jika tidak.,the Boolean value true if all dice show odd numbers and false otherwise.,text+table,"[{""case_no"": 1, ""input"": ""1 1 1"", ""output"": ""true""}, {""case_no"": 2, ""input"": ""1 3 5"", ""output"": ""true""}, {""case_no"": 3, ""input"": ""1 2 3"", ""output"": ""false""}, {""case_no"": 4, ""input"": ""6 6 6"", ""output"": ""false""}]",,,TRUE,10564829,10564829
Q077,Nilai Dadu Berurutan,Nilai Dadu Berurutan,"Diberikan tiga dadu bersisi enam d1, d2, dan d3. Nilai ketiga dadu dianggap berurutan jika selisih absolut d1 dan d2 adalah 1, serta selisih absolut d2 dan d3 juga 1.
  
  Masukan berupa tiga bilangan bulat positif dalam rentang 1 sampai 6.
  
  Keluaran berupa nilai Boolean true jika nilai dadu berurutan sesuai urutan d1, d2, d3 dan false jika tidak.
  Catatan: Jangan gunakan struktur percabangan.","Given three six-sided dice d1, d2, and d3, their values are considered consecutive when the absolute difference between d1 and d2 is 1 and the absolute difference between d2 and d3 is also 1.
  
  Input three positive integers within the range from 1 to 6.
  
  Output the Boolean value true if the dice values are consecutive in the order d1, d2, d3 and false otherwise.
  
  Note: Do not use conditional statements.",067,"program DaduBerurutan
  kamus
  d1, d2, d3 : integer
  hasil : boolean
  algoritma
  input(d1, d2, d3)
  hasil <- (((d1 - d2) == 1) or ((d2 - d1) == 1)) and
  (((d2 - d3) == 1) or ((d3 - d2) == 1))
  output(hasil)
  endprogram","Test 1
  Input: 1 2 3
  Expected: true
  
  Test 2
  Input: 1 2 4
  Expected: false
  
  Test 3
  Input: 1 3 2
  Expected: false
  
  Test 4
  Input: 3 3 3
  Expected: false
  
  Test 5
  Input: 6 5 4
  Expected: true
  
  Test 6
  Input: 5 4 3
  Expected: true
  
  Test 7
  Input: 3 4 5
  Expected: true",W03,111,77,TRUE,ready,PS,LMS,LMS-PS-10564830,067.UAI dadu konsekutif (en),Ultimate,"Diberikan tiga dadu bersisi enam d1, d2, dan d3.","Given three six-sided dice d1, d2, and d3, their values are considered consecutive when the absolute difference between d1 and d2 is 1 and the absolute difference between d2 and d…","[{""type"": ""text"", ""content"": ""Diberikan tiga dadu bersisi enam d1, d2, dan d3. Nilai ketiga dadu dianggap berurutan jika selisih absolut d1 dan d2 adalah 1, serta selisih absolut d2 dan d3 juga 1.\n\n Masukan berupa tiga bilangan bulat positif dalam rentang 1 sampai 6.\n\n Keluaran berupa nilai Boolean true jika nilai dadu berurutan sesuai urutan d1, d2, d3 dan false jika tidak.\n Catatan: Jangan gunakan struktur percabangan.""}]","[{""type"": ""text"", ""content"": ""Given three six-sided dice d1, d2, and d3, their values are considered consecutive when the absolute difference between d1 and d2 is 1 and the absolute difference between d2 and d3 is also 1.\n\n Input three positive integers within the range from 1 to 6.\n\n Output the Boolean value true if the dice values are consecutive in the order d1, d2, d3 and false otherwise.\n\n Note: Do not use conditional statements.""}]","[""1 2 3"", ""1 2 4"", ""1 3 2"", ""3 3 3"", ""6 5 4"", ""5 4 3"", ""3 4 5""]","[""true"", ""false"", ""false"", ""false"", ""true"", ""true"", ""true""]",,,berupa tiga bilangan bulat positif dalam rentang 1 sampai 6.,three positive integers within the range from 1 to 6.,"berupa nilai Boolean true jika nilai dadu berurutan sesuai urutan d1, d2, d3 dan false jika tidak.","the Boolean value true if the dice values are consecutive in the order d1, d2, d3 and false otherwise.",text+table,"[{""case_no"": 1, ""input"": ""1 2 3"", ""output"": ""true""}, {""case_no"": 2, ""input"": ""1 2 4"", ""output"": ""false""}, {""case_no"": 3, ""input"": ""1 3 2"", ""output"": ""false""}, {""case_no"": 4, ""input"": ""3 3 3"", ""output"": ""false""}, {""case_no"": 5, ""input"": ""6 5 4"", ""output"": ""true""}, {""case_no"": 6, ""input"": ""5 4 3"", ""output"": ""true""}, {""case_no"": 7, ""input"": ""3 4 5"", ""output"": ""true""}]",,,TRUE,10564830,10564830
Q078,Assignment dan perbandingan kesetaraan tertukar: Kasus 1,Assignment and equality comparison are confused: Case 1,"Perhatikan pseudocode berikut.
  
  x <- 5
  hasil <- (x = 5)
  output(hasil)
  
  Manakah pernyataan yang tepat?","Perhatikan pseudocode berikut.
  
  x <- 5
  hasil <- (x = 5)
  output(hasil)
  
  Manakah pernyataan yang tepat?",OP-01,Tidak tepat; assignment memakai <- dan pembandingan kesamaan memakai ==.,Kunci: B,W03,199,78,TRUE,ready,MP,LMS,LMS-MP-W03-OP-01-Q1,OP-01,,Uji pemahaman tentang Assignment dan perbandingan kesetaraan tertukar. Perhatikan pseudocode berikut. Manakah pernyataan yang tepat?,Assess understanding of Assignment and equality comparison are confused. Perhatikan pseudocode berikut. Manakah pernyataan yang tepat?,"[{""type"": ""text"", ""content"": ""Perhatikan pseudocode berikut.""}, {""type"": ""code"", ""content"": ""x <- 5\n hasil <- (x = 5)\n output(hasil)""}, {""type"": ""text"", ""content"": ""Manakah pernyataan yang tepat?""}]","[{""type"": ""text"", ""content"": ""Perhatikan pseudocode berikut.""}, {""type"": ""code"", ""content"": ""x <- 5\n hasil <- (x = 5)\n output(hasil)""}, {""type"": ""text"", ""content"": ""Manakah pernyataan yang tepat?""}]",[],[],1,OP-01,,,,,none,,"[{""answer_id"": ""A219"", ""label"": ""A"", ""text"": ""Valid; tanda = selalu membandingkan dua nilai."", ""is_correct"": false, ""misconceptions"": [""OP-01""]}, {""answer_id"": ""A220"", ""label"": ""B"", ""text"": ""Tidak tepat; assignment memakai <- dan pembandingan kesamaan memakai ==."", ""is_correct"": true, ""misconceptions"": []}, {""answer_id"": ""A221"", ""label"": ""C"", ""text"": ""Tidak tepat; nilai Boolean tidak boleh disimpan ke variabel."", ""is_correct"": false, ""misconceptions"": []}, {""answer_id"": ""A222"", ""label"": ""D"", ""text"": ""Valid hanya ketika x bertipe integer."", ""is_correct"": false, ""misconceptions"": []}]",B,TRUE,,MP-OP-01-1
Q079,Assignment dan perbandingan kesetaraan tertukar: Kasus 2,Assignment and equality comparison are confused: Case 2,Sebuah algoritma harus menyimpan apakah dua karakter sama. Manakah instruksi yang benar?,Sebuah algoritma harus menyimpan apakah dua karakter sama. Manakah instruksi yang benar?,OP-01,sama <- (huruf1 == huruf2),Kunci: A,W03,200,79,TRUE,ready,MP,LMS,LMS-MP-W03-OP-01-Q2,OP-01,,Uji pemahaman tentang Assignment dan perbandingan kesetaraan tertukar. Sebuah algoritma harus menyimpan apakah dua karakter sama.,Assess understanding of Assignment and equality comparison are confused. Sebuah algoritma harus menyimpan apakah dua karakter sama.,"[{""type"": ""text"", ""content"": ""Sebuah algoritma harus menyimpan apakah dua karakter sama. Manakah instruksi yang benar?""}]","[{""type"": ""text"", ""content"": ""Sebuah algoritma harus menyimpan apakah dua karakter sama. Manakah instruksi yang benar?""}]",[],[],2,OP-01,,,,,none,,"[{""answer_id"": ""A223"", ""label"": ""A"", ""text"": ""sama <- (huruf1 == huruf2)"", ""is_correct"": true, ""misconceptions"": []}, {""answer_id"": ""A224"", ""label"": ""B"", ""text"": ""sama == (huruf1 <- huruf2)"", ""is_correct"": false, ""misconceptions"": []}, {""answer_id"": ""A225"", ""label"": ""C"", ""text"": ""huruf1 <- huruf2 == sama"", ""is_correct"": false, ""misconceptions"": []}, {""answer_id"": ""A226"", ""label"": ""D"", ""text"": ""sama <- huruf1 = huruf2"", ""is_correct"": false, ""misconceptions"": [""OP-01""]}]",A,TRUE,,MP-OP-01-2
Q080,Operator OR dianggap sama dengan XOR: Kasus 1,OR is assumed to behave like XOR: Case 1,Diketahui p = true dan q = true. Berapakah nilai p or q?,Diketahui p = true dan q = true. Berapakah nilai p or q?,OP-08,true,Kunci: A,W03,201,80,TRUE,ready,MP,LMS,LMS-MP-W03-OP-08-Q1,OP-08,,Uji pemahaman tentang Operator OR dianggap sama dengan XOR. Diketahui p = true dan q = true.,Assess understanding of OR is assumed to behave like XOR. Diketahui p = true dan q = true.,"[{""type"": ""text"", ""content"": ""Diketahui p = true dan q = true. Berapakah nilai p or q?""}]","[{""type"": ""text"", ""content"": ""Diketahui p = true dan q = true. Berapakah nilai p or q?""}]",[],[],1,OP-08,,,,,none,,"[{""answer_id"": ""A227"", ""label"": ""A"", ""text"": ""true"", ""is_correct"": true, ""misconceptions"": []}, {""answer_id"": ""A228"", ""label"": ""B"", ""text"": ""false, karena keduanya true bersamaan"", ""is_correct"": false, ""misconceptions"": [""OP-08""]}, {""answer_id"": ""A229"", ""label"": ""C"", ""text"": ""error"", ""is_correct"": false, ""misconceptions"": []}, {""answer_id"": ""A230"", ""label"": ""D"", ""text"": ""bergantung urutan evaluasi"", ""is_correct"": false, ""misconceptions"": []}]",A,FALSE,,MP-OP-08-1
Q081,Operator OR dianggap sama dengan XOR: Kasus 2,OR is assumed to behave like XOR: Case 2,Seseorang boleh masuk jika memiliki kartu anggota atau undangan. Rina memiliki keduanya. Apakah ekspresi memilikiKartu or memilikiUndangan bernilai true?,Seseorang boleh masuk jika memiliki kartu anggota atau undangan. Rina memiliki keduanya. Apakah ekspresi memilikiKartu or memilikiUndangan bernilai true?,OP-08,"Ya, karena satu atau kedua syarat yang true membuat or bernilai true.",Kunci: B,W03,202,81,TRUE,ready,MP,LMS,LMS-MP-W03-OP-08-Q2,OP-08,,Uji pemahaman tentang Operator OR dianggap sama dengan XOR. Seseorang boleh masuk jika memiliki kartu anggota atau undangan.,Assess understanding of OR is assumed to behave like XOR. Seseorang boleh masuk jika memiliki kartu anggota atau undangan.,"[{""type"": ""text"", ""content"": ""Seseorang boleh masuk jika memiliki kartu anggota atau undangan. Rina memiliki keduanya. Apakah ekspresi memilikiKartu or memilikiUndangan bernilai true?""}]","[{""type"": ""text"", ""content"": ""Seseorang boleh masuk jika memiliki kartu anggota atau undangan. Rina memiliki keduanya. Apakah ekspresi memilikiKartu or memilikiUndangan bernilai true?""}]",[],[],2,OP-08,,,,,none,,"[{""answer_id"": ""A231"", ""label"": ""A"", ""text"": ""Tidak, karena tepat satu syarat saja yang boleh true."", ""is_correct"": false, ""misconceptions"": [""OP-08""]}, {""answer_id"": ""A232"", ""label"": ""B"", ""text"": ""Ya, karena satu atau kedua syarat yang true membuat or bernilai true."", ""is_correct"": true, ""misconceptions"": []}, {""answer_id"": ""A233"", ""label"": ""C"", ""text"": ""Tidak, karena seharusnya memakai and."", ""is_correct"": false, ""misconceptions"": []}, {""answer_id"": ""A234"", ""label"": ""D"", ""text"": ""Error karena dua Boolean tidak dapat digabung."", ""is_correct"": false, ""misconceptions"": []}]",B,FALSE,,MP-OP-08-2
Q082,Hasil bagi bulat dan sisa pembagian tertukar: Kasus 1,Integer quotient and remainder are confused: Case 1,Manakah ekspresi yang benar untuk menentukan apakah bilangan bulat x adalah genap?,Manakah ekspresi yang benar untuk menentukan apakah bilangan bulat x adalah genap?,OP-09,hasil <- x mod 2 == 0,Kunci: B,W03,203,82,TRUE,ready,MP,LMS,LMS-MP-W03-OP-09-Q1,OP-09,,Uji pemahaman tentang Hasil bagi bulat dan sisa pembagian tertukar. Manakah ekspresi yang benar untuk menentukan apakah bilangan bulat x adalah genap?,Assess understanding of Integer quotient and remainder are confused. Manakah ekspresi yang benar untuk menentukan apakah bilangan bulat x adalah genap?,"[{""type"": ""text"", ""content"": ""Manakah ekspresi yang benar untuk menentukan apakah bilangan bulat x adalah genap?""}]","[{""type"": ""text"", ""content"": ""Manakah ekspresi yang benar untuk menentukan apakah bilangan bulat x adalah genap?""}]",[],[],1,OP-09,,,,,none,,"[{""answer_id"": ""A235"", ""label"": ""A"", ""text"": ""hasil <- x div 2 == 0"", ""is_correct"": false, ""misconceptions"": [""OP-09""]}, {""answer_id"": ""A236"", ""label"": ""B"", ""text"": ""hasil <- x mod 2 == 0"", ""is_correct"": true, ""misconceptions"": []}, {""answer_id"": ""A237"", ""label"": ""C"", ""text"": ""hasil <- x mod 2 == 2"", ""is_correct"": false, ""misconceptions"": []}, {""answer_id"": ""A238"", ""label"": ""D"", ""text"": ""hasil <- x == 2"", ""is_correct"": false, ""misconceptions"": []}]",B,TRUE,,MP-OP-09-1
Q083,Hasil bagi bulat dan sisa pembagian tertukar: Kasus 2,Integer quotient and remainder are confused: Case 2,"Bilangan a merupakan kelipatan dari b jika a habis dibagi b.
  Manakah ekspresi yang benar?","Bilangan a merupakan kelipatan dari b jika a habis dibagi b.
  Manakah ekspresi yang benar?",OP-09,hasil <- a mod b == 0,Kunci: B,W03,204,83,TRUE,ready,MP,LMS,LMS-MP-W03-OP-09-Q2,OP-09,,Uji pemahaman tentang Hasil bagi bulat dan sisa pembagian tertukar. Bilangan a merupakan kelipatan dari b jika a habis dibagi b.,Assess understanding of Integer quotient and remainder are confused. Bilangan a merupakan kelipatan dari b jika a habis dibagi b.,"[{""type"": ""text"", ""content"": ""Bilangan a merupakan kelipatan dari b jika a habis dibagi b.\nManakah ekspresi yang benar?""}]","[{""type"": ""text"", ""content"": ""Bilangan a merupakan kelipatan dari b jika a habis dibagi b.\n Manakah ekspresi yang benar?""}]",[],[],2,OP-09,,,,,none,,"[{""answer_id"": ""A239"", ""label"": ""A"", ""text"": ""hasil <- a div b == 0"", ""is_correct"": false, ""misconceptions"": [""OP-09""]}, {""answer_id"": ""A240"", ""label"": ""B"", ""text"": ""hasil <- a mod b == 0"", ""is_correct"": true, ""misconceptions"": []}, {""answer_id"": ""A241"", ""label"": ""C"", ""text"": ""hasil <- a mod b == 1"", ""is_correct"": false, ""misconceptions"": []}, {""answer_id"": ""A242"", ""label"": ""D"", ""text"": ""hasil <- a == b"", ""is_correct"": false, ""misconceptions"": []}]",B,TRUE,,MP-OP-09-2
Q084,Urutan operand pada operasi sensitif dianggap dapat dibalik: Kasus 1,Operands of an order-sensitive operation are assumed reversible: Case 1,"Satu attic talent setara dengan 6000 drachma.
  Manakah instruksi yang benar untuk menghitung jumlah attic talent?","Satu attic talent setara dengan 6000 drachma.
  Manakah instruksi yang benar untuk menghitung jumlah attic talent?",OP-10,attic <- drachma div 6000,Kunci: B,W03,205,84,TRUE,ready,MP,LMS,LMS-MP-W03-OP-10-Q1,OP-10,,Uji pemahaman tentang Urutan operand pada operasi sensitif dianggap dapat dibalik. Satu attic talent setara dengan 6000 drachma.,Assess understanding of Operands of an order-sensitive operation are assumed reversible. Satu attic talent setara dengan 6000 drachma.,"[{""type"": ""text"", ""content"": ""Satu attic talent setara dengan 6000 drachma.\nManakah instruksi yang benar untuk menghitung jumlah attic talent?""}]","[{""type"": ""text"", ""content"": ""Satu attic talent setara dengan 6000 drachma.\n Manakah instruksi yang benar untuk menghitung jumlah attic talent?""}]",[],[],1,OP-10,,,,,none,,"[{""answer_id"": ""A243"", ""label"": ""A"", ""text"": ""attic <- 6000 div drachma"", ""is_correct"": false, ""misconceptions"": [""OP-10""]}, {""answer_id"": ""A244"", ""label"": ""B"", ""text"": ""attic <- drachma div 6000"", ""is_correct"": true, ""misconceptions"": []}, {""answer_id"": ""A245"", ""label"": ""C"", ""text"": ""attic <- drachma mod 6000"", ""is_correct"": false, ""misconceptions"": []}, {""answer_id"": ""A246"", ""label"": ""D"", ""text"": ""attic <- 6000 mod drachma"", ""is_correct"": false, ""misconceptions"": []}]",B,TRUE,,MP-OP-10-1
Q085,Urutan operand pada operasi sensitif dianggap dapat dibalik: Kasus 2,Operands of an order-sensitive operation are assumed reversible: Case 2,"Diketahui a = 14 dan b = 5. Manakah ekspresi yang menghasilkan sisa pembagian
  a oleh b?","Diketahui a = 14 dan b = 5. Manakah ekspresi yang menghasilkan sisa pembagian
  a oleh b?",OP-10,a mod b,Kunci: B,W03,206,85,TRUE,ready,MP,LMS,LMS-MP-W03-OP-10-Q2,OP-10,,Uji pemahaman tentang Urutan operand pada operasi sensitif dianggap dapat dibalik. Diketahui a = 14 dan b = 5. Manakah ekspresi yang menghasilkan sisa pembagian a oleh b?,Assess understanding of Operands of an order-sensitive operation are assumed reversible. Diketahui a = 14 dan b = 5. Manakah ekspresi yang menghasilkan sisa pembagian a oleh b?,"[{""type"": ""text"", ""content"": ""Diketahui a = 14 dan b = 5. Manakah ekspresi yang menghasilkan sisa pembagian\na oleh b?""}]","[{""type"": ""text"", ""content"": ""Diketahui a = 14 dan b = 5. Manakah ekspresi yang menghasilkan sisa pembagian\n a oleh b?""}]",[],[],2,OP-10,,,,,none,,"[{""answer_id"": ""A247"", ""label"": ""A"", ""text"": ""b mod a"", ""is_correct"": false, ""misconceptions"": [""OP-10""]}, {""answer_id"": ""A248"", ""label"": ""B"", ""text"": ""a mod b"", ""is_correct"": true, ""misconceptions"": []}, {""answer_id"": ""A249"", ""label"": ""C"", ""text"": ""a div b"", ""is_correct"": false, ""misconceptions"": []}, {""answer_id"": ""A250"", ""label"": ""D"", ""text"": ""b div a"", ""is_correct"": false, ""misconceptions"": []}]",B,TRUE,,MP-OP-10-2
Q086,Batas inklusif dan eksklusif tertukar: Kasus 1,Inclusive and exclusive boundaries are confused: Case 1,Manakah ekspresi yang benar untuk menentukan apakah x merupakan bilangan negatif?,Manakah ekspresi yang benar untuk menentukan apakah x merupakan bilangan negatif?,OP-11,hasil <- x < 0,Kunci: B,W03,207,86,TRUE,ready,MP,LMS,LMS-MP-W03-OP-11-Q1,OP-11,,Uji pemahaman tentang Batas inklusif dan eksklusif tertukar. Manakah ekspresi yang benar untuk menentukan apakah x merupakan bilangan negatif?,Assess understanding of Inclusive and exclusive boundaries are confused. Manakah ekspresi yang benar untuk menentukan apakah x merupakan bilangan negatif?,"[{""type"": ""text"", ""content"": ""Manakah ekspresi yang benar untuk menentukan apakah x merupakan bilangan negatif?""}]","[{""type"": ""text"", ""content"": ""Manakah ekspresi yang benar untuk menentukan apakah x merupakan bilangan negatif?""}]",[],[],1,OP-11,,,,,none,,"[{""answer_id"": ""A251"", ""label"": ""A"", ""text"": ""hasil <- x <= 0"", ""is_correct"": false, ""misconceptions"": [""OP-11""]}, {""answer_id"": ""A252"", ""label"": ""B"", ""text"": ""hasil <- x < 0"", ""is_correct"": true, ""misconceptions"": []}, {""answer_id"": ""A253"", ""label"": ""C"", ""text"": ""hasil <- x >= 0"", ""is_correct"": false, ""misconceptions"": []}, {""answer_id"": ""A254"", ""label"": ""D"", ""text"": ""hasil <- x == 0"", ""is_correct"": false, ""misconceptions"": []}]",B,TRUE,,MP-OP-11-1
Q087,Batas inklusif dan eksklusif tertukar: Kasus 2,Inclusive and exclusive boundaries are confused: Case 2,"Nilai ujian valid jika berada pada rentang 0 sampai 100, inklusif.
  Manakah ekspresi yang benar?","Nilai ujian valid jika berada pada rentang 0 sampai 100, inklusif.
  Manakah ekspresi yang benar?",OP-11,valid <- nilai >= 0 and nilai <= 100,Kunci: B,W03,208,87,TRUE,ready,MP,LMS,LMS-MP-W03-OP-11-Q2,OP-11,,"Uji pemahaman tentang Batas inklusif dan eksklusif tertukar. Nilai ujian valid jika berada pada rentang 0 sampai 100, inklusif.","Assess understanding of Inclusive and exclusive boundaries are confused. Nilai ujian valid jika berada pada rentang 0 sampai 100, inklusif.","[{""type"": ""text"", ""content"": ""Nilai ujian valid jika berada pada rentang 0 sampai 100, inklusif.\nManakah ekspresi yang benar?""}]","[{""type"": ""text"", ""content"": ""Nilai ujian valid jika berada pada rentang 0 sampai 100, inklusif.\n Manakah ekspresi yang benar?""}]",[],[],2,OP-11,,,,,none,,"[{""answer_id"": ""A255"", ""label"": ""A"", ""text"": ""valid <- nilai > 0 and nilai < 100"", ""is_correct"": false, ""misconceptions"": [""OP-11""]}, {""answer_id"": ""A256"", ""label"": ""B"", ""text"": ""valid <- nilai >= 0 and nilai <= 100"", ""is_correct"": true, ""misconceptions"": []}, {""answer_id"": ""A257"", ""label"": ""C"", ""text"": ""valid <- nilai >= 0 and nilai < 100"", ""is_correct"": false, ""misconceptions"": [""OP-11""]}, {""answer_id"": ""A258"", ""label"": ""D"", ""text"": ""valid <- nilai > 0 and nilai <= 100"", ""is_correct"": false, ""misconceptions"": [""OP-11""]}]",B,TRUE,,MP-OP-11-2
Q088,Perbandingan dianggap otomatis berlaku pada kedua operand OR: Kasus 1,A comparison is assumed to automatically apply to both OR operands: Case 1,Manakah ekspresi yang benar untuk memeriksa apakah ch adalah 'a' atau 'i'?,Manakah ekspresi yang benar untuk memeriksa apakah ch adalah 'a' atau 'i'?,EX-02,(ch == 'a') or (ch == 'i'),Kunci: B,W03,209,88,TRUE,ready,MP,LMS,LMS-MP-W03-EX-02-Q1,EX-02,,Uji pemahaman tentang Perbandingan dianggap otomatis berlaku pada kedua operand OR. Manakah ekspresi yang benar untuk memeriksa apakah ch adalah 'a' atau 'i'?,Assess understanding of A comparison is assumed to automatically apply to both OR operands. Manakah ekspresi yang benar untuk memeriksa apakah ch adalah 'a' atau 'i'?,"[{""type"": ""text"", ""content"": ""Manakah ekspresi yang benar untuk memeriksa apakah ch adalah 'a' atau 'i'?""}]","[{""type"": ""text"", ""content"": ""Manakah ekspresi yang benar untuk memeriksa apakah ch adalah 'a' atau 'i'?""}]",[],[],1,EX-02,,,,,none,,"[{""answer_id"": ""A259"", ""label"": ""A"", ""text"": ""ch == 'a' or 'i'"", ""is_correct"": false, ""misconceptions"": [""EX-02""]}, {""answer_id"": ""A260"", ""label"": ""B"", ""text"": ""(ch == 'a') or (ch == 'i')"", ""is_correct"": true, ""misconceptions"": []}, {""answer_id"": ""A261"", ""label"": ""C"", ""text"": ""ch == ('a' or 'i')"", ""is_correct"": false, ""misconceptions"": []}, {""answer_id"": ""A262"", ""label"": ""D"", ""text"": ""ch or 'a' == 'i'"", ""is_correct"": false, ""misconceptions"": []}]",B,TRUE,,MP-EX-02-1
Q089,Perbandingan dianggap otomatis berlaku pada kedua operand OR: Kasus 2,A comparison is assumed to automatically apply to both OR operands: Case 2,"Manakah ekspresi yang benar untuk memeriksa apakah nilai sama dengan 1, 5, atau 9?","Manakah ekspresi yang benar untuk memeriksa apakah nilai sama dengan 1, 5, atau 9?",EX-02,(nilai == 1) or (nilai == 5) or (nilai == 9),Kunci: B,W03,210,89,TRUE,ready,MP,LMS,LMS-MP-W03-EX-02-Q2,EX-02,,"Uji pemahaman tentang Perbandingan dianggap otomatis berlaku pada kedua operand OR. Manakah ekspresi yang benar untuk memeriksa apakah nilai sama dengan 1, 5, atau 9?","Assess understanding of A comparison is assumed to automatically apply to both OR operands. Manakah ekspresi yang benar untuk memeriksa apakah nilai sama dengan 1, 5, atau 9?","[{""type"": ""text"", ""content"": ""Manakah ekspresi yang benar untuk memeriksa apakah nilai sama dengan 1, 5, atau 9?""}]","[{""type"": ""text"", ""content"": ""Manakah ekspresi yang benar untuk memeriksa apakah nilai sama dengan 1, 5, atau 9?""}]",[],[],2,EX-02,,,,,none,,"[{""answer_id"": ""A263"", ""label"": ""A"", ""text"": ""nilai == 1 or 5 or 9"", ""is_correct"": false, ""misconceptions"": [""EX-02""]}, {""answer_id"": ""A264"", ""label"": ""B"", ""text"": ""(nilai == 1) or (nilai == 5) or (nilai == 9)"", ""is_correct"": true, ""misconceptions"": []}, {""answer_id"": ""A265"", ""label"": ""C"", ""text"": ""nilai == (1 or 5 or 9)"", ""is_correct"": false, ""misconceptions"": []}, {""answer_id"": ""A266"", ""label"": ""D"", ""text"": ""nilai <- 1 or 5 or 9"", ""is_correct"": false, ""misconceptions"": []}]",B,TRUE,,MP-EX-02-2
Q090,Tipe data berbeda dianggap bebas dicampur dalam ekspresi: Kasus 1,Different data types are assumed to be freely mixable in expressions: Case 1,"Diketahui x bertipe integer. Apa yang terjadi pada ekspresi berikut?
  
  hasil <- (x > 0) + 1","Diketahui x bertipe integer. Apa yang terjadi pada ekspresi berikut?
  
  hasil <- (x > 0) + 1",EX-03,Error karena Boolean tidak dapat langsung dijumlahkan dengan integer.,Kunci: C,W03,211,90,TRUE,ready,MP,LMS,LMS-MP-W03-EX-03-Q1,EX-03,,Uji pemahaman tentang Tipe data berbeda dianggap bebas dicampur dalam ekspresi. Diketahui x bertipe integer. Apa yang terjadi pada ekspresi berikut?,Assess understanding of Different data types are assumed to be freely mixable in expressions. Diketahui x bertipe integer. Apa yang terjadi pada ekspresi berikut?,"[{""type"": ""text"", ""content"": ""Diketahui x bertipe integer. Apa yang terjadi pada ekspresi berikut?""}, {""type"": ""code"", ""content"": ""hasil <- (x > 0) + 1""}]","[{""type"": ""text"", ""content"": ""Diketahui x bertipe integer. Apa yang terjadi pada ekspresi berikut?""}, {""type"": ""code"", ""content"": ""hasil <- (x > 0) + 1""}]",[],[],1,EX-03,,,,,none,,"[{""answer_id"": ""A267"", ""label"": ""A"", ""text"": ""hasil menjadi 2 ketika x positif."", ""is_correct"": false, ""misconceptions"": [""EX-03""]}, {""answer_id"": ""A268"", ""label"": ""B"", ""text"": ""hasil menjadi 1 ketika x tidak positif."", ""is_correct"": false, ""misconceptions"": []}, {""answer_id"": ""A269"", ""label"": ""C"", ""text"": ""Error karena Boolean tidak dapat langsung dijumlahkan dengan integer."", ""is_correct"": true, ""misconceptions"": []}, {""answer_id"": ""A270"", ""label"": ""D"", ""text"": ""hasil selalu true."", ""is_correct"": false, ""misconceptions"": []}]",C,TRUE,,MP-EX-03-1
Q091,Tipe data berbeda dianggap bebas dicampur dalam ekspresi: Kasus 2,Different data types are assumed to be freely mixable in expressions: Case 2,Variabel ch bertipe character. Manakah pembandingan yang sesuai?,Variabel ch bertipe character. Manakah pembandingan yang sesuai?,EX-03,ch == 'a',Kunci: A,W03,212,91,TRUE,ready,MP,LMS,LMS-MP-W03-EX-03-Q2,EX-03,,Uji pemahaman tentang Tipe data berbeda dianggap bebas dicampur dalam ekspresi. Variabel ch bertipe character. Manakah pembandingan yang sesuai?,Assess understanding of Different data types are assumed to be freely mixable in expressions. Variabel ch bertipe character. Manakah pembandingan yang sesuai?,"[{""type"": ""text"", ""content"": ""Variabel ch bertipe character. Manakah pembandingan yang sesuai?""}]","[{""type"": ""text"", ""content"": ""Variabel ch bertipe character. Manakah pembandingan yang sesuai?""}]",[],[],2,EX-03,,,,,none,,"[{""answer_id"": ""A271"", ""label"": ""A"", ""text"": ""ch == 'a'"", ""is_correct"": true, ""misconceptions"": []}, {""answer_id"": ""A272"", ""label"": ""B"", ""text"": ""ch == \""a\"""", ""is_correct"": false, ""misconceptions"": [""EX-03""]}, {""answer_id"": ""A273"", ""label"": ""C"", ""text"": ""ch + true"", ""is_correct"": false, ""misconceptions"": []}, {""answer_id"": ""A274"", ""label"": ""D"", ""text"": ""ch == 1"", ""is_correct"": false, ""misconceptions"": []}]",A,TRUE,,MP-EX-03-2
Q092,Connector Boolean untuk rentang digunakan secara keliru: Kasus 1,The wrong Boolean connector is used for interval bounds: Case 1,"Nilai valid jika berada pada rentang 0 sampai 100, inklusif.
  Manakah ekspresi yang benar?","Nilai valid jika berada pada rentang 0 sampai 100, inklusif.
  Manakah ekspresi yang benar?",EX-05,valid <- nilai >= 0 and nilai <= 100,Kunci: B,W03,213,92,TRUE,ready,MP,LMS,LMS-MP-W03-EX-05-Q1,EX-05,,"Uji pemahaman tentang Connector Boolean untuk rentang digunakan secara keliru. Nilai valid jika berada pada rentang 0 sampai 100, inklusif.","Assess understanding of The wrong Boolean connector is used for interval bounds. Nilai valid jika berada pada rentang 0 sampai 100, inklusif.","[{""type"": ""text"", ""content"": ""Nilai valid jika berada pada rentang 0 sampai 100, inklusif.\nManakah ekspresi yang benar?""}]","[{""type"": ""text"", ""content"": ""Nilai valid jika berada pada rentang 0 sampai 100, inklusif.\n Manakah ekspresi yang benar?""}]",[],[],1,EX-05,,,,,none,,"[{""answer_id"": ""A275"", ""label"": ""A"", ""text"": ""valid <- nilai >= 0 or nilai <= 100"", ""is_correct"": false, ""misconceptions"": [""EX-05""]}, {""answer_id"": ""A276"", ""label"": ""B"", ""text"": ""valid <- nilai >= 0 and nilai <= 100"", ""is_correct"": true, ""misconceptions"": []}, {""answer_id"": ""A277"", ""label"": ""C"", ""text"": ""valid <- nilai == 0 and nilai == 100"", ""is_correct"": false, ""misconceptions"": []}, {""answer_id"": ""A278"", ""label"": ""D"", ""text"": ""valid <- nilai < 0 and nilai > 100"", ""is_correct"": false, ""misconceptions"": []}]",B,TRUE,,MP-EX-05-1
Q093,Connector Boolean untuk rentang digunakan secara keliru: Kasus 2,The wrong Boolean connector is used for interval bounds: Case 2,"Manakah ekspresi yang benar untuk menentukan bahwa nilai berada di luar
  rentang 0 sampai 100?","Manakah ekspresi yang benar untuk menentukan bahwa nilai berada di luar
  rentang 0 sampai 100?",EX-05,tidakValid <- nilai < 0 or nilai > 100,Kunci: B,W03,214,93,TRUE,ready,MP,LMS,LMS-MP-W03-EX-05-Q2,EX-05,,Uji pemahaman tentang Connector Boolean untuk rentang digunakan secara keliru. Manakah ekspresi yang benar untuk menentukan bahwa nilai berada di luar rentang 0 sampai 100?,Assess understanding of The wrong Boolean connector is used for interval bounds. Manakah ekspresi yang benar untuk menentukan bahwa nilai berada di luar rentang 0 sampai 100?,"[{""type"": ""text"", ""content"": ""Manakah ekspresi yang benar untuk menentukan bahwa nilai berada di luar\nrentang 0 sampai 100?""}]","[{""type"": ""text"", ""content"": ""Manakah ekspresi yang benar untuk menentukan bahwa nilai berada di luar\n rentang 0 sampai 100?""}]",[],[],2,EX-05,,,,,none,,"[{""answer_id"": ""A279"", ""label"": ""A"", ""text"": ""tidakValid <- nilai < 0 and nilai > 100"", ""is_correct"": false, ""misconceptions"": [""EX-05""]}, {""answer_id"": ""A280"", ""label"": ""B"", ""text"": ""tidakValid <- nilai < 0 or nilai > 100"", ""is_correct"": true, ""misconceptions"": []}, {""answer_id"": ""A281"", ""label"": ""C"", ""text"": ""tidakValid <- nilai >= 0 and nilai <= 100"", ""is_correct"": false, ""misconceptions"": []}, {""answer_id"": ""A282"", ""label"": ""D"", ""text"": ""tidakValid <- nilai == 0 or nilai == 100"", ""is_correct"": false, ""misconceptions"": []}]",B,TRUE,,MP-EX-05-2
Q094,Variabel dianggap dapat menyimpan banyak nilai sekaligus: Kasus 1,A variable is assumed to store multiple values at once: Case 1,"Perhatikan pseudocode berikut.
  
  bilangan <- 2345
  bilangan <- bilangan div 1000
  digit2 <- (bilangan div 100) mod 10
  
  Nilai apa yang digunakan ketika menghitung digit2?","Perhatikan pseudocode berikut.
  
  bilangan <- 2345
  bilangan <- bilangan div 1000
  digit2 <- (bilangan div 100) mod 10
  
  Nilai apa yang digunakan ketika menghitung digit2?",VA-05,"Nilai bilangan yang baru, yaitu 2.",Kunci: B,W03,215,94,TRUE,ready,MP,LMS,LMS-MP-W03-VA-05-Q1,VA-05,,Uji pemahaman tentang Variabel dianggap dapat menyimpan banyak nilai sekaligus. Perhatikan pseudocode berikut. Nilai apa yang digunakan ketika menghitung digit2?,Assess understanding of A variable is assumed to store multiple values at once. Perhatikan pseudocode berikut. Nilai apa yang digunakan ketika menghitung digit2?,"[{""type"": ""text"", ""content"": ""Perhatikan pseudocode berikut.""}, {""type"": ""code"", ""content"": ""bilangan <- 2345\n bilangan <- bilangan div 1000\n digit2 <- (bilangan div 100) mod 10""}, {""type"": ""text"", ""content"": ""Nilai apa yang digunakan ketika menghitung digit2?""}]","[{""type"": ""text"", ""content"": ""Perhatikan pseudocode berikut.""}, {""type"": ""code"", ""content"": ""bilangan <- 2345\n bilangan <- bilangan div 1000\n digit2 <- (bilangan div 100) mod 10""}, {""type"": ""text"", ""content"": ""Nilai apa yang digunakan ketika menghitung digit2?""}]",[],[],1,VA-05,,,,,none,,"[{""answer_id"": ""A283"", ""label"": ""A"", ""text"": ""Bilangan awal 2345."", ""is_correct"": false, ""misconceptions"": [""VA-05""]}, {""answer_id"": ""A284"", ""label"": ""B"", ""text"": ""Nilai bilangan yang baru, yaitu 2."", ""is_correct"": true, ""misconceptions"": []}, {""answer_id"": ""A285"", ""label"": ""C"", ""text"": ""Kedua nilai 2345 dan 2 sekaligus."", ""is_correct"": false, ""misconceptions"": [""VA-05""]}, {""answer_id"": ""A286"", ""label"": ""D"", ""text"": ""Nilai awal dapat dipilih otomatis."", ""is_correct"": false, ""misconceptions"": []}]",B,TRUE,,MP-VA-05-1
Q095,Variabel dianggap dapat menyimpan banyak nilai sekaligus: Kasus 2,A variable is assumed to store multiple values at once: Case 2,"Perhatikan pseudocode berikut.
  
  status <- true
  status <- false
  output(status)
  
  Apa yang ditampilkan?","Perhatikan pseudocode berikut.
  
  status <- true
  status <- false
  output(status)
  
  Apa yang ditampilkan?",VA-05,false,Kunci: B,W03,216,95,TRUE,ready,MP,LMS,LMS-MP-W03-VA-05-Q2,VA-05,,Uji pemahaman tentang Variabel dianggap dapat menyimpan banyak nilai sekaligus. Perhatikan pseudocode berikut. Apa yang ditampilkan?,Assess understanding of A variable is assumed to store multiple values at once. Perhatikan pseudocode berikut. Apa yang ditampilkan?,"[{""type"": ""text"", ""content"": ""Perhatikan pseudocode berikut.""}, {""type"": ""code"", ""content"": ""status <- true\n status <- false\n output(status)""}, {""type"": ""text"", ""content"": ""Apa yang ditampilkan?""}]","[{""type"": ""text"", ""content"": ""Perhatikan pseudocode berikut.""}, {""type"": ""code"", ""content"": ""status <- true\n status <- false\n output(status)""}, {""type"": ""text"", ""content"": ""Apa yang ditampilkan?""}]",[],[],2,VA-05,,,,,none,,"[{""answer_id"": ""A287"", ""label"": ""A"", ""text"": ""true"", ""is_correct"": false, ""misconceptions"": [""VA-05""]}, {""answer_id"": ""A288"", ""label"": ""B"", ""text"": ""false"", ""is_correct"": true, ""misconceptions"": []}, {""answer_id"": ""A289"", ""label"": ""C"", ""text"": ""true dan false"", ""is_correct"": false, ""misconceptions"": [""VA-05""]}, {""answer_id"": ""A290"", ""label"": ""D"", ""text"": ""tidak diketahui"", ""is_correct"": false, ""misconceptions"": []}]",B,TRUE,,MP-VA-05-2
Q096,Nilai variabel dianggap dapat diketahui dari namanya: Kasus 1,A variable's value is assumed to be inferable from its name: Case 1,"Perhatikan pseudocode berikut.
  
  kamus
  panjang, lebar, tinggi : integer
  algoritma
  input(panjang, lebar, tinggi)
  volume <- panjang * lebar * tinggi
  output(volume)
  
  Apa masalahnya?","Perhatikan pseudocode berikut.
  
  kamus
  panjang, lebar, tinggi : integer
  algoritma
  input(panjang, lebar, tinggi)
  volume <- panjang * lebar * tinggi
  output(volume)
  
  Apa masalahnya?",VA-10,volume belum dideklarasikan.,Kunci: B,W03,217,96,TRUE,ready,MP,LMS,LMS-MP-W03-VA-10-Q1,VA-10,,"Uji pemahaman tentang Nilai variabel dianggap dapat diketahui dari namanya. Perhatikan pseudocode berikut. panjang, lebar, tinggi : integer Apa masalahnya?","Assess understanding of A variable's value is assumed to be inferable from its name. Perhatikan pseudocode berikut. panjang, lebar, tinggi : integer Apa masalahnya?","[{""type"": ""text"", ""content"": ""Perhatikan pseudocode berikut.""}, {""type"": ""code"", ""content"": ""kamus\npanjang, lebar, tinggi : integer\nalgoritma\n input(panjang, lebar, tinggi)\n volume <- panjang * lebar * tinggi\n output(volume)""}, {""type"": ""text"", ""content"": ""Apa masalahnya?""}]","[{""type"": ""text"", ""content"": ""Perhatikan pseudocode berikut.""}, {""type"": ""code"", ""content"": ""kamus\npanjang, lebar, tinggi : integer\nalgoritma\n input(panjang, lebar, tinggi)\n volume <- panjang * lebar * tinggi\n output(volume)""}, {""type"": ""text"", ""content"": ""Apa masalahnya?""}]",[],[],1,VA-10,,,,,none,,"[{""answer_id"": ""A291"", ""label"": ""A"", ""text"": ""Tidak ada; komputer mengetahui bahwa volume adalah hasil perkalian."", ""is_correct"": false, ""misconceptions"": [""VA-10""]}, {""answer_id"": ""A292"", ""label"": ""B"", ""text"": ""volume belum dideklarasikan."", ""is_correct"": true, ""misconceptions"": []}, {""answer_id"": ""A293"", ""label"": ""C"", ""text"": ""Perkalian tidak dapat dipakai untuk integer."", ""is_correct"": false, ""misconceptions"": []}, {""answer_id"": ""A294"", ""label"": ""D"", ""text"": ""output tidak boleh menerima variabel."", ""is_correct"": false, ""misconceptions"": []}]",B,TRUE,,MP-VA-10-1
Q097,Nilai variabel dianggap dapat diketahui dari namanya: Kasus 2,A variable's value is assumed to be inferable from its name: Case 2,"Kamus mendeklarasikan hasil, tetapi algoritma menulis outputResult <- true. Apa yang terjadi?","Kamus mendeklarasikan hasil, tetapi algoritma menulis outputResult <- true. Apa yang terjadi?",VA-10,outputResult adalah identifier berbeda dan harus dideklarasikan.,Kunci: C,W03,218,97,TRUE,ready,MP,LMS,LMS-MP-W03-VA-10-Q2,VA-10,,Uji pemahaman tentang Nilai variabel dianggap dapat diketahui dari namanya.,Assess understanding of A variable's value is assumed to be inferable from its name.,"[{""type"": ""text"", ""content"": ""Kamus mendeklarasikan hasil, tetapi algoritma menulis outputResult <- true. Apa yang terjadi?""}]","[{""type"": ""code"", ""content"": ""Kamus mendeklarasikan hasil, tetapi algoritma menulis outputResult <- true. Apa yang terjadi?""}]",[],[],2,VA-10,,,,,none,,"[{""answer_id"": ""A295"", ""label"": ""A"", ""text"": ""outputResult otomatis dianggap sama dengan hasil."", ""is_correct"": false, ""misconceptions"": [""VA-10""]}, {""answer_id"": ""A296"", ""label"": ""B"", ""text"": ""Komputer membuat outputResult sebagai alias hasil."", ""is_correct"": false, ""misconceptions"": [""VA-10""]}, {""answer_id"": ""A297"", ""label"": ""C"", ""text"": ""outputResult adalah identifier berbeda dan harus dideklarasikan."", ""is_correct"": true, ""misconceptions"": []}, {""answer_id"": ""A298"", ""label"": ""D"", ""text"": ""Semua nama Boolean otomatis dikenali."", ""is_correct"": false, ""misconceptions"": []}]",C,TRUE,,MP-VA-10-2
Q098,Kata kunci dianggap boleh digunakan sebagai nama variabel: Kasus 1,Reserved words are assumed to be valid variable names: Case 1,"Perhatikan deklarasi berikut.
  
  kamus
  boolean : boolean
  
  Apakah deklarasi tersebut valid?","Perhatikan deklarasi berikut.
  
  kamus
  boolean : boolean
  
  Apakah deklarasi tersebut valid?",VA-13,Tidak valid karena boolean merupakan nama tipe/keyword.,Kunci: B,W03,219,98,TRUE,ready,MP,LMS,LMS-MP-W03-VA-13-Q1,VA-13,,Uji pemahaman tentang Kata kunci dianggap boleh digunakan sebagai nama variabel. Perhatikan deklarasi berikut. Apakah deklarasi tersebut valid?,Assess understanding of Reserved words are assumed to be valid variable names. Perhatikan deklarasi berikut. Apakah deklarasi tersebut valid?,"[{""type"": ""text"", ""content"": ""Perhatikan deklarasi berikut.""}, {""type"": ""code"", ""content"": ""kamus\n boolean : boolean""}, {""type"": ""text"", ""content"": ""Apakah deklarasi tersebut valid?""}]","[{""type"": ""text"", ""content"": ""Perhatikan deklarasi berikut.""}, {""type"": ""code"", ""content"": ""kamus\n boolean : boolean""}, {""type"": ""text"", ""content"": ""Apakah deklarasi tersebut valid?""}]",[],[],1,VA-13,,,,,none,,"[{""answer_id"": ""A299"", ""label"": ""A"", ""text"": ""Valid karena boolean di sebelah kiri adalah nama variabel."", ""is_correct"": false, ""misconceptions"": [""VA-13""]}, {""answer_id"": ""A300"", ""label"": ""B"", ""text"": ""Tidak valid karena boolean merupakan nama tipe/keyword."", ""is_correct"": true, ""misconceptions"": []}, {""answer_id"": ""A301"", ""label"": ""C"", ""text"": ""Valid hanya jika nilainya true."", ""is_correct"": false, ""misconceptions"": []}, {""answer_id"": ""A302"", ""label"": ""D"", ""text"": ""Tidak valid karena nama variabel harus satu huruf."", ""is_correct"": false, ""misconceptions"": []}]",B,TRUE,,MP-VA-13-1
Q099,Kata kunci dianggap boleh digunakan sebagai nama variabel: Kasus 2,Reserved words are assumed to be valid variable names: Case 2,"Perhatikan deklarasi berikut.
  
  kamus
  const : boolean
  
  Apakah nama const aman digunakan sebagai variabel?","Perhatikan deklarasi berikut.
  
  kamus
  const : boolean
  
  Apakah nama const aman digunakan sebagai variabel?",VA-13,"Tidak, const adalah kata yang dicadangkan untuk konstanta.",Kunci: B,W03,220,99,TRUE,ready,MP,LMS,LMS-MP-W03-VA-13-Q2,VA-13,,Uji pemahaman tentang Kata kunci dianggap boleh digunakan sebagai nama variabel. Perhatikan deklarasi berikut. Apakah nama const aman digunakan sebagai variabel?,Assess understanding of Reserved words are assumed to be valid variable names. Perhatikan deklarasi berikut. Apakah nama const aman digunakan sebagai variabel?,"[{""type"": ""text"", ""content"": ""Perhatikan deklarasi berikut.""}, {""type"": ""code"", ""content"": ""kamus\n const : boolean""}, {""type"": ""text"", ""content"": ""Apakah nama const aman digunakan sebagai variabel?""}]","[{""type"": ""text"", ""content"": ""Perhatikan deklarasi berikut.""}, {""type"": ""code"", ""content"": ""kamus\n const : boolean""}, {""type"": ""text"", ""content"": ""Apakah nama const aman digunakan sebagai variabel?""}]",[],[],2,VA-13,,,,,none,,"[{""answer_id"": ""A303"", ""label"": ""A"", ""text"": ""Ya, semua kata boleh menjadi identifier."", ""is_correct"": false, ""misconceptions"": [""VA-13""]}, {""answer_id"": ""A304"", ""label"": ""B"", ""text"": ""Tidak, const adalah kata yang dicadangkan untuk konstanta."", ""is_correct"": true, ""misconceptions"": []}, {""answer_id"": ""A305"", ""label"": ""C"", ""text"": ""Ya, karena tipenya Boolean."", ""is_correct"": false, ""misconceptions"": []}, {""answer_id"": ""A306"", ""label"": ""D"", ""text"": ""Hanya valid jika ditulis dengan huruf besar."", ""is_correct"": false, ""misconceptions"": []}]",B,TRUE,,MP-VA-13-2
Q100,Variabel dianggap dapat digunakan sebelum diinisialisasi: Kasus 1,A variable is assumed to be usable before initialization: Case 1,"Perhatikan pseudocode berikut.
  
  kamus
  p, q, hasil : boolean
  algoritma
  input(p)
  hasil <- p and q
  output(hasil)
  
  Apa masalah utama pada algoritma tersebut?","Perhatikan pseudocode berikut.
  
  kamus
  p, q, hasil : boolean
  algoritma
  input(p)
  hasil <- p and q
  output(hasil)
  
  Apa masalah utama pada algoritma tersebut?",VA-14,q belum pernah menerima nilai sebelum digunakan dalam ekspresi.,Kunci: B,W03,221,100,TRUE,ready,MP,LMS,LMS-MP-W03-VA-14-Q1,VA-14,,"Uji pemahaman tentang Variabel dianggap dapat digunakan sebelum diinisialisasi. Perhatikan pseudocode berikut. p, q, hasil : boolean Apa masalah utama pada algoritma tersebut?","Assess understanding of A variable is assumed to be usable before initialization. Perhatikan pseudocode berikut. p, q, hasil : boolean Apa masalah utama pada algoritma tersebut?","[{""type"": ""text"", ""content"": ""Perhatikan pseudocode berikut.""}, {""type"": ""code"", ""content"": ""kamus\np, q, hasil : boolean\nalgoritma\n input(p)\n hasil <- p and q\n output(hasil)""}, {""type"": ""text"", ""content"": ""Apa masalah utama pada algoritma tersebut?""}]","[{""type"": ""text"", ""content"": ""Perhatikan pseudocode berikut.""}, {""type"": ""code"", ""content"": ""kamus\np, q, hasil : boolean\nalgoritma\n input(p)\n hasil <- p and q\n output(hasil)""}, {""type"": ""text"", ""content"": ""Apa masalah utama pada algoritma tersebut?""}]",[],[],1,VA-14,,,,,none,,"[{""answer_id"": ""A307"", ""label"": ""A"", ""text"": ""Tidak ada masalah; karena sudah dideklarasikan, q otomatis bernilai false."", ""is_correct"": false, ""misconceptions"": [""VA-14""]}, {""answer_id"": ""A308"", ""label"": ""B"", ""text"": ""q belum pernah menerima nilai sebelum digunakan dalam ekspresi."", ""is_correct"": true, ""misconceptions"": []}, {""answer_id"": ""A309"", ""label"": ""C"", ""text"": ""Operator and hanya dapat digunakan pada integer."", ""is_correct"": false, ""misconceptions"": []}, {""answer_id"": ""A310"", ""label"": ""D"", ""text"": ""hasil harus dibaca melalui input sebelum digunakan."", ""is_correct"": false, ""misconceptions"": []}]",B,TRUE,,MP-VA-14-1
Q101,Variabel dianggap dapat digunakan sebelum diinisialisasi: Kasus 2,A variable is assumed to be usable before initialization: Case 2,"Perhatikan algoritma berikut.
  
  if nilai > 0 then
  status <- true
  endif
  output(status)
  
  Apa masalah utamanya ketika nilai <= 0?","Perhatikan algoritma berikut.
  
  if nilai > 0 then
  status <- true
  endif
  output(status)
  
  Apa masalah utamanya ketika nilai <= 0?",VA-14,status belum menerima nilai tetapi tetap ditampilkan.,Kunci: A,W03,222,101,TRUE,ready,MP,LMS,LMS-MP-W03-VA-14-Q2,VA-14,,Uji pemahaman tentang Variabel dianggap dapat digunakan sebelum diinisialisasi. Perhatikan algoritma berikut. Apa masalah utamanya ketika nilai <= 0?,Assess understanding of A variable is assumed to be usable before initialization. Perhatikan algoritma berikut. Apa masalah utamanya ketika nilai <= 0?,"[{""type"": ""text"", ""content"": ""Perhatikan algoritma berikut.""}, {""type"": ""code"", ""content"": ""if nilai > 0 then\n status <- true\n endif\n output(status)""}, {""type"": ""text"", ""content"": ""Apa masalah utamanya ketika nilai <= 0?""}]","[{""type"": ""text"", ""content"": ""Perhatikan algoritma berikut.""}, {""type"": ""code"", ""content"": ""if nilai > 0 then\n status <- true\n endif\n output(status)""}, {""type"": ""text"", ""content"": ""Apa masalah utamanya ketika nilai <= 0?""}]",[],[],2,VA-14,,,,,none,,"[{""answer_id"": ""A311"", ""label"": ""A"", ""text"": ""status belum menerima nilai tetapi tetap ditampilkan."", ""is_correct"": true, ""misconceptions"": []}, {""answer_id"": ""A312"", ""label"": ""B"", ""text"": ""output otomatis memberi status nilai false."", ""is_correct"": false, ""misconceptions"": [""VA-14""]}, {""answer_id"": ""A313"", ""label"": ""C"", ""text"": ""status menyimpan kedua nilai true dan false."", ""is_correct"": false, ""misconceptions"": []}, {""answer_id"": ""A314"", ""label"": ""D"", ""text"": ""if akan selalu dijalankan."", ""is_correct"": false, ""misconceptions"": []}]",A,TRUE,,MP-VA-14-2
Q102,Urutan eksekusi dianggap dapat berubah: Kasus 1,Execution order is assumed to be changeable: Case 1,"Perhatikan pseudocode berikut.
  
  status <- false
  output(status)
  status <- true
  
  Apa yang ditampilkan?","Perhatikan pseudocode berikut.
  
  status <- false
  output(status)
  status <- true
  
  Apa yang ditampilkan?",SQ-01,false,Kunci: B,W03,223,102,TRUE,ready,MP,LMS,LMS-MP-W03-SQ-01-Q1,SQ-01,,Uji pemahaman tentang Urutan eksekusi dianggap dapat berubah. Perhatikan pseudocode berikut. Apa yang ditampilkan?,Assess understanding of Execution order is assumed to be changeable. Perhatikan pseudocode berikut. Apa yang ditampilkan?,"[{""type"": ""text"", ""content"": ""Perhatikan pseudocode berikut.""}, {""type"": ""code"", ""content"": ""status <- false\n output(status)\n status <- true""}, {""type"": ""text"", ""content"": ""Apa yang ditampilkan?""}]","[{""type"": ""text"", ""content"": ""Perhatikan pseudocode berikut.""}, {""type"": ""code"", ""content"": ""status <- false\n output(status)\n status <- true""}, {""type"": ""text"", ""content"": ""Apa yang ditampilkan?""}]",[],[],1,SQ-01,,,,,none,,"[{""answer_id"": ""A315"", ""label"": ""A"", ""text"": ""true"", ""is_correct"": false, ""misconceptions"": [""SQ-01""]}, {""answer_id"": ""A316"", ""label"": ""B"", ""text"": ""false"", ""is_correct"": true, ""misconceptions"": []}, {""answer_id"": ""A317"", ""label"": ""C"", ""text"": ""false lalu true"", ""is_correct"": false, ""misconceptions"": [""IO-05""]}, {""answer_id"": ""A318"", ""label"": ""D"", ""text"": ""tidak ada keluaran"", ""is_correct"": false, ""misconceptions"": []}]",B,FALSE,,MP-SQ-01-1
Q103,Urutan eksekusi dianggap dapat berubah: Kasus 2,Execution order is assumed to be changeable: Case 2,"Perhatikan urutan berikut.
  
  hasil <- not status
  status <- true
  
  Dapatkah baris pertama memakai nilai true yang baru diberikan pada baris kedua?","Perhatikan urutan berikut.
  
  hasil <- not status
  status <- true
  
  Dapatkah baris pertama memakai nilai true yang baru diberikan pada baris kedua?",SQ-01,"Tidak, status harus sudah memiliki nilai ketika baris pertama dijalankan.",Kunci: B,W03,224,103,TRUE,ready,MP,LMS,LMS-MP-W03-SQ-01-Q2,SQ-01,,Uji pemahaman tentang Urutan eksekusi dianggap dapat berubah. Perhatikan urutan berikut. Dapatkah baris pertama memakai nilai true yang baru diberikan pada baris kedua?,Assess understanding of Execution order is assumed to be changeable. Perhatikan urutan berikut. Dapatkah baris pertama memakai nilai true yang baru diberikan pada baris kedua?,"[{""type"": ""text"", ""content"": ""Perhatikan urutan berikut.""}, {""type"": ""code"", ""content"": ""hasil <- not status\n status <- true""}, {""type"": ""text"", ""content"": ""Dapatkah baris pertama memakai nilai true yang baru diberikan pada baris kedua?""}]","[{""type"": ""text"", ""content"": ""Perhatikan urutan berikut.""}, {""type"": ""code"", ""content"": ""hasil <- not status\n status <- true""}, {""type"": ""text"", ""content"": ""Dapatkah baris pertama memakai nilai true yang baru diberikan pada baris kedua?""}]",[],[],2,SQ-01,,,,,none,,"[{""answer_id"": ""A319"", ""label"": ""A"", ""text"": ""Ya, komputer melihat nilai yang akan datang."", ""is_correct"": false, ""misconceptions"": [""SQ-01"", ""VA-14""]}, {""answer_id"": ""A320"", ""label"": ""B"", ""text"": ""Tidak, status harus sudah memiliki nilai ketika baris pertama dijalankan."", ""is_correct"": true, ""misconceptions"": []}, {""answer_id"": ""A321"", ""label"": ""C"", ""text"": ""Ya, karena not memiliki prioritas tinggi."", ""is_correct"": false, ""misconceptions"": []}, {""answer_id"": ""A322"", ""label"": ""D"", ""text"": ""Ya, jika hasil bertipe Boolean."", ""is_correct"": false, ""misconceptions"": []}]",B,FALSE,,MP-SQ-01-2
Q104,Perhitungan dilakukan sebelum data tersedia: Kasus 1,Computation is performed before data is available: Case 1,"Perhatikan urutan berikut.
  
  input(panjang, lebar, tinggi)
  layak <- volume <= 1000000
  volume <- panjang * lebar * tinggi
  
  Kapan layak dapat dihitung dengan benar?","Perhatikan urutan berikut.
  
  input(panjang, lebar, tinggi)
  layak <- volume <= 1000000
  volume <- panjang * lebar * tinggi
  
  Kapan layak dapat dihitung dengan benar?",SQ-03,Setelah volume menerima hasil panjang * lebar * tinggi.,Kunci: B,W03,225,104,TRUE,ready,MP,LMS,LMS-MP-W03-SQ-03-Q1,SQ-03,,Uji pemahaman tentang Perhitungan dilakukan sebelum data tersedia. Perhatikan urutan berikut. Kapan layak dapat dihitung dengan benar?,Assess understanding of Computation is performed before data is available. Perhatikan urutan berikut. Kapan layak dapat dihitung dengan benar?,"[{""type"": ""text"", ""content"": ""Perhatikan urutan berikut.""}, {""type"": ""code"", ""content"": ""input(panjang, lebar, tinggi)\n layak <- volume <= 1000000\n volume <- panjang * lebar * tinggi""}, {""type"": ""text"", ""content"": ""Kapan layak dapat dihitung dengan benar?""}]","[{""type"": ""text"", ""content"": ""Perhatikan urutan berikut.""}, {""type"": ""code"", ""content"": ""input(panjang, lebar, tinggi)\n layak <- volume <= 1000000\n volume <- panjang * lebar * tinggi""}, {""type"": ""text"", ""content"": ""Kapan layak dapat dihitung dengan benar?""}]",[],[],1,SQ-03,,,,,none,,"[{""answer_id"": ""A323"", ""label"": ""A"", ""text"": ""Sebelum volume dihitung karena rumus volume sudah diketahui."", ""is_correct"": false, ""misconceptions"": [""SQ-03""]}, {""answer_id"": ""A324"", ""label"": ""B"", ""text"": ""Setelah volume menerima hasil panjang * lebar * tinggi."", ""is_correct"": true, ""misconceptions"": []}, {""answer_id"": ""A325"", ""label"": ""C"", ""text"": ""Sebelum input dibaca."", ""is_correct"": false, ""misconceptions"": []}, {""answer_id"": ""A326"", ""label"": ""D"", ""text"": ""Urutan tidak berpengaruh."", ""is_correct"": false, ""misconceptions"": [""SQ-01""]}]",B,TRUE,,MP-SQ-03-1
Q105,Perhitungan dilakukan sebelum data tersedia: Kasus 2,Computation is performed before data is available: Case 2,Konversi drachma memerlukan sisa setelah mengambil attic talent. Manakah urutan yang benar?,Konversi drachma memerlukan sisa setelah mengambil attic talent. Manakah urutan yang benar?,SQ-03,sisa <- drachma mod 6000; mine <- sisa div 100,Kunci: B,W03,226,105,TRUE,ready,MP,LMS,LMS-MP-W03-SQ-03-Q2,SQ-03,,Uji pemahaman tentang Perhitungan dilakukan sebelum data tersedia. Konversi drachma memerlukan sisa setelah mengambil attic talent.,Assess understanding of Computation is performed before data is available. Konversi drachma memerlukan sisa setelah mengambil attic talent.,"[{""type"": ""text"", ""content"": ""Konversi drachma memerlukan sisa setelah mengambil attic talent. Manakah urutan yang benar?""}]","[{""type"": ""text"", ""content"": ""Konversi drachma memerlukan sisa setelah mengambil attic talent. Manakah urutan yang benar?""}]",[],[],2,SQ-03,,,,,none,,"[{""answer_id"": ""A327"", ""label"": ""A"", ""text"": ""mine <- sisa div 100; sisa <- drachma mod 6000"", ""is_correct"": false, ""misconceptions"": [""SQ-03""]}, {""answer_id"": ""A328"", ""label"": ""B"", ""text"": ""sisa <- drachma mod 6000; mine <- sisa div 100"", ""is_correct"": true, ""misconceptions"": []}, {""answer_id"": ""A329"", ""label"": ""C"", ""text"": ""mine <- sisa div 100 tanpa pernah memberi sisa nilai"", ""is_correct"": false, ""misconceptions"": [""VA-14""]}, {""answer_id"": ""A330"", ""label"": ""D"", ""text"": ""Urutan A dan B selalu sama"", ""is_correct"": false, ""misconceptions"": []}]",B,TRUE,,MP-SQ-03-2
Q106,Nama variabel tertukar dengan nilainya saat output: Kasus 1,A variable name is confused with its value in output: Case 1,"Diketahui hasil bertipe Boolean dan bernilai true. Apa keluaran dari output(""hasil"")?","Diketahui hasil bertipe Boolean dan bernilai true. Apa keluaran dari output(""hasil"")?",IO-02,hasil,Kunci: B,W03,227,106,TRUE,ready,MP,LMS,LMS-MP-W03-IO-02-Q1,IO-02,,Uji pemahaman tentang Nama variabel tertukar dengan nilainya saat output. Diketahui hasil bertipe Boolean dan bernilai true.,Assess understanding of A variable name is confused with its value in output. Diketahui hasil bertipe Boolean dan bernilai true.,"[{""type"": ""text"", ""content"": ""Diketahui hasil bertipe Boolean dan bernilai true. Apa keluaran dari output(\""hasil\"")?""}]","[{""type"": ""text"", ""content"": ""Diketahui hasil bertipe Boolean dan bernilai true. Apa keluaran dari output(\""hasil\"")?""}]",[],[],1,IO-02,,,,,none,,"[{""answer_id"": ""A331"", ""label"": ""A"", ""text"": ""true"", ""is_correct"": false, ""misconceptions"": [""IO-02""]}, {""answer_id"": ""A332"", ""label"": ""B"", ""text"": ""hasil"", ""is_correct"": true, ""misconceptions"": []}, {""answer_id"": ""A333"", ""label"": ""C"", ""text"": ""hasil = true"", ""is_correct"": false, ""misconceptions"": []}, {""answer_id"": ""A334"", ""label"": ""D"", ""text"": ""tidak ada keluaran"", ""is_correct"": false, ""misconceptions"": []}]",B,FALSE,,MP-IO-02-1
Q107,Nama variabel tertukar dengan nilainya saat output: Kasus 2,A variable name is confused with its value in output: Case 2,"Perhatikan dua instruksi berikut.
  
  output(status)
  output(""status"")
  
  Jika status bernilai false, keluaran berturut-turut adalah:","Perhatikan dua instruksi berikut.
  
  output(status)
  output(""status"")
  
  Jika status bernilai false, keluaran berturut-turut adalah:",IO-02,false lalu status,Kunci: A,W03,228,107,TRUE,ready,MP,LMS,LMS-MP-W03-IO-02-Q2,IO-02,,Uji pemahaman tentang Nama variabel tertukar dengan nilainya saat output. Perhatikan dua instruksi berikut.,Assess understanding of A variable name is confused with its value in output. Perhatikan dua instruksi berikut.,"[{""type"": ""text"", ""content"": ""Perhatikan dua instruksi berikut.""}, {""type"": ""code"", ""content"": ""output(status)\n output(\""status\"")""}, {""type"": ""text"", ""content"": ""Jika status bernilai false, keluaran berturut-turut adalah:""}]","[{""type"": ""text"", ""content"": ""Perhatikan dua instruksi berikut.""}, {""type"": ""code"", ""content"": ""output(status)\n output(\""status\"")""}, {""type"": ""text"", ""content"": ""Jika status bernilai false, keluaran berturut-turut adalah:""}]",[],[],2,IO-02,,,,,none,,"[{""answer_id"": ""A335"", ""label"": ""A"", ""text"": ""false lalu status"", ""is_correct"": true, ""misconceptions"": []}, {""answer_id"": ""A336"", ""label"": ""B"", ""text"": ""status lalu false"", ""is_correct"": false, ""misconceptions"": []}, {""answer_id"": ""A337"", ""label"": ""C"", ""text"": ""false lalu false"", ""is_correct"": false, ""misconceptions"": [""IO-02""]}, {""answer_id"": ""A338"", ""label"": ""D"", ""text"": ""status lalu status"", ""is_correct"": false, ""misconceptions"": []}]",A,FALSE,,MP-IO-02-2
Q108,Hasil perhitungan dianggap otomatis menjadi output: Kasus 1,A computed result is assumed to become output automatically: Case 1,"Perhatikan pseudocode berikut.
  
  input(x)
  genap <- x mod 2 == 0
  
  Apa yang ditampilkan?","Perhatikan pseudocode berikut.
  
  input(x)
  genap <- x mod 2 == 0
  
  Apa yang ditampilkan?",IO-05,tidak ada keluaran,Kunci: C,W03,229,108,TRUE,ready,MP,LMS,LMS-MP-W03-IO-05-Q1,IO-05,,Uji pemahaman tentang Hasil perhitungan dianggap otomatis menjadi output. Perhatikan pseudocode berikut. Apa yang ditampilkan?,Assess understanding of A computed result is assumed to become output automatically. Perhatikan pseudocode berikut. Apa yang ditampilkan?,"[{""type"": ""text"", ""content"": ""Perhatikan pseudocode berikut.""}, {""type"": ""code"", ""content"": ""input(x)\n genap <- x mod 2 == 0""}, {""type"": ""text"", ""content"": ""Apa yang ditampilkan?""}]","[{""type"": ""text"", ""content"": ""Perhatikan pseudocode berikut.""}, {""type"": ""code"", ""content"": ""input(x)\n genap <- x mod 2 == 0""}, {""type"": ""text"", ""content"": ""Apa yang ditampilkan?""}]",[],[],1,IO-05,,,,,none,,"[{""answer_id"": ""A339"", ""label"": ""A"", ""text"": ""true atau false sesuai x"", ""is_correct"": false, ""misconceptions"": [""IO-05""]}, {""answer_id"": ""A340"", ""label"": ""B"", ""text"": ""nilai x"", ""is_correct"": false, ""misconceptions"": []}, {""answer_id"": ""A341"", ""label"": ""C"", ""text"": ""tidak ada keluaran"", ""is_correct"": true, ""misconceptions"": []}, {""answer_id"": ""A342"", ""label"": ""D"", ""text"": ""nama genap"", ""is_correct"": false, ""misconceptions"": []}]",C,TRUE,,MP-IO-05-1
Q109,Hasil perhitungan dianggap otomatis menjadi output: Kasus 2,A computed result is assumed to become output automatically: Case 2,"Sebuah algoritma menghitung:
  
  vokal <- (ch == 'a') or (ch == 'i')
  
  Kemudian program berakhir. Apakah nilai vokal otomatis terlihat oleh pengguna?","Sebuah algoritma menghitung:
  
  vokal <- (ch == 'a') or (ch == 'i')
  
  Kemudian program berakhir. Apakah nilai vokal otomatis terlihat oleh pengguna?",IO-05,"Tidak, diperlukan output(vokal).",Kunci: B,W03,230,109,TRUE,ready,MP,LMS,LMS-MP-W03-IO-05-Q2,IO-05,,Uji pemahaman tentang Hasil perhitungan dianggap otomatis menjadi output. Sebuah algoritma menghitung: Kemudian program berakhir.,Assess understanding of A computed result is assumed to become output automatically. Sebuah algoritma menghitung: Kemudian program berakhir.,"[{""type"": ""text"", ""content"": ""Sebuah algoritma menghitung:""}, {""type"": ""code"", ""content"": ""vokal <- (ch == 'a') or (ch == 'i')""}, {""type"": ""text"", ""content"": ""Kemudian program berakhir. Apakah nilai vokal otomatis terlihat oleh pengguna?""}]","[{""type"": ""text"", ""content"": ""Sebuah algoritma menghitung:""}, {""type"": ""code"", ""content"": ""vokal <- (ch == 'a') or (ch == 'i')""}, {""type"": ""text"", ""content"": ""Kemudian program berakhir. Apakah nilai vokal otomatis terlihat oleh pengguna?""}]",[],[],2,IO-05,,,,,none,,"[{""answer_id"": ""A343"", ""label"": ""A"", ""text"": ""Ya, semua assignment selalu dicetak."", ""is_correct"": false, ""misconceptions"": [""IO-05""]}, {""answer_id"": ""A344"", ""label"": ""B"", ""text"": ""Tidak, diperlukan output(vokal)."", ""is_correct"": true, ""misconceptions"": []}, {""answer_id"": ""A345"", ""label"": ""C"", ""text"": ""Ya, khusus nilai Boolean."", ""is_correct"": false, ""misconceptions"": [""IO-05""]}, {""answer_id"": ""A346"", ""label"": ""D"", ""text"": ""Ya, jika vokal bernilai true."", ""is_correct"": false, ""misconceptions"": []}]",B,TRUE,,MP-IO-05-2
Q110,Ekspresi Boolean dianggap harus dibandingkan dengan True atau False: Kasus 1,A Boolean expression is assumed to require comparison with True or False: Case 1,"Perhatikan pseudocode berikut.
  
  input(nilai)
  lulus <- nilai >= 60
  output(lulus)
  
  Apakah algoritma tersebut dapat menghasilkan Boolean tanpa if-else?","Perhatikan pseudocode berikut.
  
  input(nilai)
  lulus <- nilai >= 60
  output(lulus)
  
  Apakah algoritma tersebut dapat menghasilkan Boolean tanpa if-else?",EX-01,"Ya, karena nilai >= 60 sudah merupakan ekspresi Boolean.",Kunci: C,W03,231,110,TRUE,ready,MP,LMS,LMS-MP-W03-EX-01-Q1,EX-01,,Uji pemahaman tentang Ekspresi Boolean dianggap harus dibandingkan dengan True atau False. Perhatikan pseudocode berikut. Apakah algoritma tersebut dapat menghasilkan Boolean tanpa if-else?,Assess understanding of A Boolean expression is assumed to require comparison with True or False. Perhatikan pseudocode berikut. Apakah algoritma tersebut dapat menghasilkan Boolean tanpa if-else?,"[{""type"": ""text"", ""content"": ""Perhatikan pseudocode berikut.""}, {""type"": ""code"", ""content"": ""input(nilai)\n lulus <- nilai >= 60\n output(lulus)""}, {""type"": ""text"", ""content"": ""Apakah algoritma tersebut dapat menghasilkan Boolean tanpa if-else?""}]","[{""type"": ""text"", ""content"": ""Perhatikan pseudocode berikut.""}, {""type"": ""code"", ""content"": ""input(nilai)\n lulus <- nilai >= 60\n output(lulus)""}, {""type"": ""text"", ""content"": ""Apakah algoritma tersebut dapat menghasilkan Boolean tanpa if-else?""}]",[],[],1,EX-01,,,,,none,,"[{""answer_id"": ""A347"", ""label"": ""A"", ""text"": ""Tidak, karena nilai >= 60 harus berada di dalam if."", ""is_correct"": false, ""misconceptions"": [""EX-01""]}, {""answer_id"": ""A348"", ""label"": ""B"", ""text"": ""Tidak, karena lulus harus dibandingkan lagi dengan true."", ""is_correct"": false, ""misconceptions"": [""EX-01""]}, {""answer_id"": ""A349"", ""label"": ""C"", ""text"": ""Ya, karena nilai >= 60 sudah merupakan ekspresi Boolean."", ""is_correct"": true, ""misconceptions"": []}, {""answer_id"": ""A350"", ""label"": ""D"", ""text"": ""Ya, tetapi hanya jika nilai tepat 60."", ""is_correct"": false, ""misconceptions"": []}]",C,FALSE,,MP-EX-01-1
Q111,Ekspresi Boolean dianggap harus dibandingkan dengan True atau False: Kasus 2,A Boolean expression is assumed to require comparison with True or False: Case 2,Manakah cara paling langsung untuk menampilkan apakah x negatif?,Manakah cara paling langsung untuk menampilkan apakah x negatif?,EX-01,output(x < 0),Kunci: A,W03,232,111,TRUE,ready,MP,LMS,LMS-MP-W03-EX-01-Q2,EX-01,,Uji pemahaman tentang Ekspresi Boolean dianggap harus dibandingkan dengan True atau False. Manakah cara paling langsung untuk menampilkan apakah x negatif?,Assess understanding of A Boolean expression is assumed to require comparison with True or False. Manakah cara paling langsung untuk menampilkan apakah x negatif?,"[{""type"": ""text"", ""content"": ""Manakah cara paling langsung untuk menampilkan apakah x negatif?""}]","[{""type"": ""text"", ""content"": ""Manakah cara paling langsung untuk menampilkan apakah x negatif?""}]",[],[],2,EX-01,,,,,none,,"[{""answer_id"": ""A351"", ""label"": ""A"", ""text"": ""output(x < 0)"", ""is_correct"": true, ""misconceptions"": []}, {""answer_id"": ""A352"", ""label"": ""B"", ""text"": ""if x < 0 then output(true) else output(false) endif"", ""is_correct"": false, ""misconceptions"": []}, {""answer_id"": ""A353"", ""label"": ""C"", ""text"": ""output((x < 0) == true)"", ""is_correct"": false, ""misconceptions"": [""EX-01""]}, {""answer_id"": ""A354"", ""label"": ""D"", ""text"": ""A, B, dan C selalu wajib dipakai bersamaan."", ""is_correct"": false, ""misconceptions"": [""EX-01""]}]",A,FALSE,,MP-EX-01-2
Q112,Literal atau variabel tunggal dianggap bukan ekspresi: Kasus 1,A single literal or variable is assumed not to be an expression: Case 1,Diketahui status bertipe Boolean. Apakah instruksi output(status) valid?,Diketahui status bertipe Boolean. Apakah instruksi output(status) valid?,EX-04,"Ya, satu nama variabel merupakan ekspresi yang sah.",Kunci: B,W03,233,112,TRUE,ready,MP,LMS,LMS-MP-W03-EX-04-Q1,EX-04,,Uji pemahaman tentang Literal atau variabel tunggal dianggap bukan ekspresi. Diketahui status bertipe Boolean.,Assess understanding of A single literal or variable is assumed not to be an expression. Diketahui status bertipe Boolean.,"[{""type"": ""text"", ""content"": ""Diketahui status bertipe Boolean. Apakah instruksi output(status) valid?""}]","[{""type"": ""text"", ""content"": ""Diketahui status bertipe Boolean. Apakah instruksi output(status) valid?""}]",[],[],1,EX-04,,,,,none,,"[{""answer_id"": ""A355"", ""label"": ""A"", ""text"": ""Tidak, karena ekspresi harus memiliki operator."", ""is_correct"": false, ""misconceptions"": [""EX-04""]}, {""answer_id"": ""A356"", ""label"": ""B"", ""text"": ""Ya, satu nama variabel merupakan ekspresi yang sah."", ""is_correct"": true, ""misconceptions"": []}, {""answer_id"": ""A357"", ""label"": ""C"", ""text"": ""Tidak, karena output hanya menerima angka."", ""is_correct"": false, ""misconceptions"": []}, {""answer_id"": ""A358"", ""label"": ""D"", ""text"": ""Ya, tetapi hanya jika status true."", ""is_correct"": false, ""misconceptions"": []}]",B,FALSE,,MP-EX-04-1
Q113,Literal atau variabel tunggal dianggap bukan ekspresi: Kasus 2,A single literal or variable is assumed not to be an expression: Case 2,Manakah assignment Boolean yang valid?,Manakah assignment Boolean yang valid?,EX-04,hasil <- true,Kunci: A,W03,234,113,TRUE,ready,MP,LMS,LMS-MP-W03-EX-04-Q2,EX-04,,Uji pemahaman tentang Literal atau variabel tunggal dianggap bukan ekspresi. Manakah assignment Boolean yang valid?,Assess understanding of A single literal or variable is assumed not to be an expression. Manakah assignment Boolean yang valid?,"[{""type"": ""text"", ""content"": ""Manakah assignment Boolean yang valid?""}]","[{""type"": ""text"", ""content"": ""Manakah assignment Boolean yang valid?""}]",[],[],2,EX-04,,,,,none,,"[{""answer_id"": ""A359"", ""label"": ""A"", ""text"": ""hasil <- true"", ""is_correct"": true, ""misconceptions"": []}, {""answer_id"": ""A360"", ""label"": ""B"", ""text"": ""hasil <- true and"", ""is_correct"": false, ""misconceptions"": [""EX-04""]}, {""answer_id"": ""A361"", ""label"": ""C"", ""text"": ""hasil <-"", ""is_correct"": false, ""misconceptions"": []}, {""answer_id"": ""A362"", ""label"": ""D"", ""text"": ""hasil true"", ""is_correct"": false, ""misconceptions"": []}]",A,FALSE,,MP-EX-04-2
Q114,Konversi tipe dianggap selalu diperlukan: Kasus 1,Explicit type conversion is assumed to always be required: Case 1,Variabel x sudah dideklarasikan sebagai integer. Manakah ekspresi yang paling tepat?,Variabel x sudah dideklarasikan sebagai integer. Manakah ekspresi yang paling tepat?,VA-01,hasil <- x mod 2 == 0,Kunci: B,W03,235,114,TRUE,ready,MP,LMS,LMS-MP-W03-VA-01-Q1,VA-01,,Uji pemahaman tentang Konversi tipe dianggap selalu diperlukan. Variabel x sudah dideklarasikan sebagai integer.,Assess understanding of Explicit type conversion is assumed to always be required. Variabel x sudah dideklarasikan sebagai integer.,"[{""type"": ""text"", ""content"": ""Variabel x sudah dideklarasikan sebagai integer. Manakah ekspresi yang paling tepat?""}]","[{""type"": ""text"", ""content"": ""Variabel x sudah dideklarasikan sebagai integer. Manakah ekspresi yang paling tepat?""}]",[],[],1,VA-01,,,,,none,,"[{""answer_id"": ""A363"", ""label"": ""A"", ""text"": ""hasil <- integer(x) mod 2 == 0"", ""is_correct"": false, ""misconceptions"": [""VA-01""]}, {""answer_id"": ""A364"", ""label"": ""B"", ""text"": ""hasil <- x mod 2 == 0"", ""is_correct"": true, ""misconceptions"": []}, {""answer_id"": ""A365"", ""label"": ""C"", ""text"": ""hasil <- boolean(integer(x))"", ""is_correct"": false, ""misconceptions"": []}, {""answer_id"": ""A366"", ""label"": ""D"", ""text"": ""hasil <- string(x) == 0"", ""is_correct"": false, ""misconceptions"": []}]",B,FALSE,,MP-VA-01-1
Q115,Konversi tipe dianggap selalu diperlukan: Kasus 2,Explicit type conversion is assumed to always be required: Case 2,Variabel status sudah bertipe Boolean. Bagaimana menyalinnya ke hasil?,Variabel status sudah bertipe Boolean. Bagaimana menyalinnya ke hasil?,VA-01,hasil <- status,Kunci: B,W03,236,115,TRUE,ready,MP,LMS,LMS-MP-W03-VA-01-Q2,VA-01,,Uji pemahaman tentang Konversi tipe dianggap selalu diperlukan. Variabel status sudah bertipe Boolean.,Assess understanding of Explicit type conversion is assumed to always be required. Variabel status sudah bertipe Boolean.,"[{""type"": ""text"", ""content"": ""Variabel status sudah bertipe Boolean. Bagaimana menyalinnya ke hasil?""}]","[{""type"": ""text"", ""content"": ""Variabel status sudah bertipe Boolean. Bagaimana menyalinnya ke hasil?""}]",[],[],2,VA-01,,,,,none,,"[{""answer_id"": ""A367"", ""label"": ""A"", ""text"": ""hasil <- boolean(status)"", ""is_correct"": false, ""misconceptions"": [""VA-01""]}, {""answer_id"": ""A368"", ""label"": ""B"", ""text"": ""hasil <- status"", ""is_correct"": true, ""misconceptions"": []}, {""answer_id"": ""A369"", ""label"": ""C"", ""text"": ""hasil <- integer(status)"", ""is_correct"": false, ""misconceptions"": []}, {""answer_id"": ""A370"", ""label"": ""D"", ""text"": ""hasil <- \""status\"""", ""is_correct"": false, ""misconceptions"": []}]",B,FALSE,,MP-VA-01-2
Q116,Menghitung Keliling Lingkaran,Menghitung Keliling Lingkaran,"Tulislah algoritma untuk menghitung keliling sebuah lingkaran. Masukan berupa jari-jari lingkaran dalam bilangan riil. Keluaran berupa keliling lingkaran dalam bilangan riil.
  Catatan 1: Deklarasikan pi sebagai konstanta dengan nilai 3.14.
  Catatan 2: Gunakan rumus 2 * pi * r untuk menghitung keliling.","Write an algorithm to compute the circumference of a circle. Input the radius of the circle as a real number. Output the circumference of the circle as a real number.
  Note 1: Declare pi as a constant with the value 3.14.
  Note 2: Use the formula 2 * pi * r to compute the circumference.",002,"program KelilingLingkaran
  kamus
  constant pi : real = 3.14
  radius, keliling : real
  algoritma
  input(radius)
  keliling <- 2 * pi * radius
  output(keliling)
  endprogram","Test 1
  Input: 11.35
  Expected: 71.2780000
  
  Test 2
  Input: 88.21
  Expected: 553.9588000
  
  Test 3
  Input: 20.54
  Expected: 128.9912000
  
  Test 4
  Input: 88.15
  Expected: 553.5820000
  
  Test 5
  Input: 0
  Expected: 0.0000000",W04,112,116,TRUE,ready,PS,LMS,LMS-PS-10413315,002.UAI keliling lingkaran (en),Easy,Tulislah algoritma untuk menghitung keliling sebuah lingkaran.,Write an algorithm to compute the circumference of a circle.,"[{""type"": ""text"", ""content"": ""Tulislah algoritma untuk menghitung keliling sebuah lingkaran. Masukan berupa jari-jari lingkaran dalam bilangan riil. Keluaran berupa keliling lingkaran dalam bilangan riil.\n Catatan 1: Deklarasikan pi sebagai konstanta dengan nilai 3.14.\n Catatan 2: Gunakan rumus 2 * pi * r untuk menghitung keliling.""}]","[{""type"": ""text"", ""content"": ""Write an algorithm to compute the circumference of a circle. Input the radius of the circle as a real number. Output the circumference of the circle as a real number.\n Note 1: Declare pi as a constant with the value 3.14.\n Note 2: Use the formula 2 * pi * r to compute the circumference.""}]","[""11.35"", ""88.21"", ""20.54"", ""88.15"", ""0""]","[""71.2780000"", ""553.9588000"", ""128.9912000"", ""553.5820000"", ""0.0000000""]",,,,,,the circumference of the circle as a real number.,text+table,"[{""case_no"": 1, ""input"": ""11.35"", ""output"": ""71.2780000""}, {""case_no"": 2, ""input"": ""88.21"", ""output"": ""553.9588000""}, {""case_no"": 3, ""input"": ""20.54"", ""output"": ""128.9912000""}, {""case_no"": 4, ""input"": ""88.15"", ""output"": ""553.5820000""}, {""case_no"": 5, ""input"": ""0"", ""output"": ""0.0000000""}]",,,TRUE,10413315,10413315
Q117,Menghitung Luas Lingkaran,Menghitung Luas Lingkaran,"Tulislah algoritma untuk menghitung luas sebuah lingkaran. Masukan berupa jari-jari lingkaran dalam bilangan riil. Keluaran berupa luas lingkaran dalam bilangan riil.
  Catatan 1: Deklarasikan pi sebagai konstanta dengan nilai 3.14.
  Catatan 2: Gunakan rumus pi * r^2 untuk menghitung luas.","Write an algorithm to compute the area of a circle. Input the radius of the circle as a real number. Output the area of the circle as a real number.
  Note 1: Declare pi as a constant with the value 3.14.
  Note 2: Use the formula pi * r^2 to compute the area.",003,"program LuasLingkaran
  kamus
  constant pi : real = 3.14
  radius, luas : real
  algoritma
  input(radius)
  luas <- pi * radius * radius
  output(luas)
  endprogram","Test 1
  Input: 5.0
  Expected: 78.5000000
  
  Test 2
  Input: 7.5
  Expected: 176.6250000
  
  Test 3
  Input: 20.54
  Expected: 1324.7396240
  
  Test 4
  Input: 88.15
  Expected: 24399.1266500
  
  Test 5
  Input: 0
  Expected: 0.0000000",W04,113,117,TRUE,ready,PS,LMS,LMS-PS-10413316,003.UAI luas lingkaran (en),Easy,Tulislah algoritma untuk menghitung luas sebuah lingkaran.,Write an algorithm to compute the area of a circle.,"[{""type"": ""text"", ""content"": ""Tulislah algoritma untuk menghitung luas sebuah lingkaran. Masukan berupa jari-jari lingkaran dalam bilangan riil. Keluaran berupa luas lingkaran dalam bilangan riil.\n Catatan 1: Deklarasikan pi sebagai konstanta dengan nilai 3.14.\n Catatan 2: Gunakan rumus pi * r^2 untuk menghitung luas.""}]","[{""type"": ""text"", ""content"": ""Write an algorithm to compute the area of a circle. Input the radius of the circle as a real number. Output the area of the circle as a real number.\n Note 1: Declare pi as a constant with the value 3.14.\n Note 2: Use the formula pi * r^2 to compute the area.""}]","[""5.0"", ""7.5"", ""20.54"", ""88.15"", ""0""]","[""78.5000000"", ""176.6250000"", ""1324.7396240"", ""24399.1266500"", ""0.0000000""]",,,,,,the area of the circle as a real number.,text+table,"[{""case_no"": 1, ""input"": ""5.0"", ""output"": ""78.5000000""}, {""case_no"": 2, ""input"": ""7.5"", ""output"": ""176.6250000""}, {""case_no"": 3, ""input"": ""20.54"", ""output"": ""1324.7396240""}, {""case_no"": 4, ""input"": ""88.15"", ""output"": ""24399.1266500""}, {""case_no"": 5, ""input"": ""0"", ""output"": ""0.0000000""}]",,,TRUE,10413316,10413316
Q118,Menghitung Volume Bola,Menghitung Volume Bola,"Tulislah algoritma untuk menghitung volume sebuah bola. Masukan berupa jari-jari bola dalam bilangan riil. Keluaran berupa volume bola dalam bilangan riil.
  Catatan 1: Deklarasikan pi sebagai konstanta dengan nilai 3.14.
  Catatan 2: Gunakan rumus (4/3) * pi * r^3 untuk menghitung volume.","Write an algorithm to compute the volume of a ball. Input the ball radius as a real number. Output the ball volume as a real number.
  Note 1: Declare pi as a constant with the value 3.14.
  Note 2: Use the formula (4/3) * pi * r^3 to compute the volume.",004,"program VolumeBola
  kamus
  constant pi : real = 3.14
  radius, volume : real
  algoritma
  input(radius)
  volume <- pi * radius * radius * radius * 4 / 3
  output(volume)
  endprogram","Test 1
  Input: 10.00
  Expected: 4186.6666667
  
  Test 2
  Input: 33.32
  Expected: 154875.7287407
  
  Test 3
  Input: 20.54
  Expected: 36280.2025026
  
  Test 4
  Input: 88.15
  Expected: 2867710.6855967
  
  Test 5
  Input: 0
  Expected: 0.0000000",W04,114,118,TRUE,ready,PS,LMS,LMS-PS-10413317,004.UAI volume bola (en),Easy,Tulislah algoritma untuk menghitung volume sebuah bola.,Write an algorithm to compute the volume of a ball.,"[{""type"": ""text"", ""content"": ""Tulislah algoritma untuk menghitung volume sebuah bola. Masukan berupa jari-jari bola dalam bilangan riil. Keluaran berupa volume bola dalam bilangan riil.\n Catatan 1: Deklarasikan pi sebagai konstanta dengan nilai 3.14.\n Catatan 2: Gunakan rumus (4/3) * pi * r^3 untuk menghitung volume.""}]","[{""type"": ""text"", ""content"": ""Write an algorithm to compute the volume of a ball. Input the ball radius as a real number. Output the ball volume as a real number.\n Note 1: Declare pi as a constant with the value 3.14.\n Note 2: Use the formula (4/3) * pi * r^3 to compute the volume.""}]","[""10.00"", ""33.32"", ""20.54"", ""88.15"", ""0""]","[""4186.6666667"", ""154875.7287407"", ""36280.2025026"", ""2867710.6855967"", ""0.0000000""]",,,,,,the ball volume as a real number.,text+table,"[{""case_no"": 1, ""input"": ""10.00"", ""output"": ""4186.6666667""}, {""case_no"": 2, ""input"": ""33.32"", ""output"": ""154875.7287407""}, {""case_no"": 3, ""input"": ""20.54"", ""output"": ""36280.2025026""}, {""case_no"": 4, ""input"": ""88.15"", ""output"": ""2867710.6855967""}, {""case_no"": 5, ""input"": ""0"", ""output"": ""0.0000000""}]",,,TRUE,10413317,10413317
Q119,Menghitung Luas Permukaan Bola,Menghitung Luas Permukaan Bola,"Tulislah algoritma untuk menghitung luas permukaan sebuah bola. Masukan berupa jari-jari bola dalam bilangan riil. Keluaran berupa luas permukaan bola dalam bilangan riil.
  Catatan 1: Deklarasikan pi sebagai konstanta dengan nilai 3.14.
  Catatan 2: Gunakan rumus 4 * pi * r^2 untuk menghitung luas permukaan.","Write an algorithm to compute the surface area of a ball. Input the radius of the ball as a real number. Output the surface area of the ball as a real number.
  Note 1: Declare pi as a constant with the value 3.14.
  Note 2: Use the formula 4 * pi * r^2 to compute the surface area.",010,"program LuasPermukaanBola
  kamus
  constant pi : real = 3.14
  radius, luas : real
  algoritma
  input(radius)
  luas <- 4 * pi * radius * radius
  output(luas)
  endprogram","Test 1
  Input: 10.50
  Expected: 1384.7400000
  
  Test 2
  Input: 15.56
  Expected: 3040.9468160
  
  Test 3
  Input: 20.54
  Expected: 5298.9584960
  
  Test 4
  Input: 88.15
  Expected: 97596.5066000
  
  Test 5
  Input: 0
  Expected: 0.0000000",W04,115,119,TRUE,ready,PS,LMS,LMS-PS-10413321,010.UAI luas permukaan bola (en),Easy,Tulislah algoritma untuk menghitung luas permukaan sebuah bola.,Write an algorithm to compute the surface area of a ball.,"[{""type"": ""text"", ""content"": ""Tulislah algoritma untuk menghitung luas permukaan sebuah bola. Masukan berupa jari-jari bola dalam bilangan riil. Keluaran berupa luas permukaan bola dalam bilangan riil.\n Catatan 1: Deklarasikan pi sebagai konstanta dengan nilai 3.14.\n Catatan 2: Gunakan rumus 4 * pi * r^2 untuk menghitung luas permukaan.""}]","[{""type"": ""text"", ""content"": ""Write an algorithm to compute the surface area of a ball. Input the radius of the ball as a real number. Output the surface area of the ball as a real number.\n Note 1: Declare pi as a constant with the value 3.14.\n Note 2: Use the formula 4 * pi * r^2 to compute the surface area.""}]","[""10.50"", ""15.56"", ""20.54"", ""88.15"", ""0""]","[""1384.7400000"", ""3040.9468160"", ""5298.9584960"", ""97596.5066000"", ""0.0000000""]",,,,,,the surface area of the ball as a real number.,text+table,"[{""case_no"": 1, ""input"": ""10.50"", ""output"": ""1384.7400000""}, {""case_no"": 2, ""input"": ""15.56"", ""output"": ""3040.9468160""}, {""case_no"": 3, ""input"": ""20.54"", ""output"": ""5298.9584960""}, {""case_no"": 4, ""input"": ""88.15"", ""output"": ""97596.5066000""}, {""case_no"": 5, ""input"": ""0"", ""output"": ""0.0000000""}]",,,TRUE,10413321,10413321
Q120,Menghitung Volume Kerucut,Menghitung Volume Kerucut,"Tulislah algoritma untuk menghitung volume sebuah kerucut. Masukan berupa dua bilangan bulat: jari-jari alas dan tinggi kerucut. Keluaran berupa volume kerucut.
  Catatan 1: Deklarasikan pi sebagai konstanta dengan nilai 3.14.
  Catatan 2: Gunakan rumus (1/3) * pi * r^2 * t untuk menghitung volume.","Write an algorithm to compute the volume of a cone. Input two integers: the base radius and the cone height. Output the cone volume.
  Note 1: Declare pi as a constant with the value 3.14.
  Note 2: Use the formula (1/3) * pi * r^2 * t to compute the volume.",021,"program VolumeKerucut
  kamus
  constant pi : real = 3.14
  radius, tinggi : integer
  volume : real
  algoritma
  input(radius)
  input(tinggi)
  volume <- pi * radius * radius * tinggi / 3.0
  output(volume)
  endprogram","Test 1
  Input:
  3
  12
  Expected: 113.0400000
  
  Test 2
  Input:
  5
  8
  Expected: 209.3333333
  
  Test 3
  Input:
  10
  7
  Expected: 732.6666667
  
  Test 4
  Input:
  81
  29
  Expected: 199148.2200000",W04,116,120,TRUE,ready,PS,LMS,LMS-PS-10416809,021.ARV volume kerucut (en),Easy,Tulislah algoritma untuk menghitung volume sebuah kerucut.,Write an algorithm to compute the volume of a cone.,"[{""type"": ""text"", ""content"": ""Tulislah algoritma untuk menghitung volume sebuah kerucut. Masukan berupa dua bilangan bulat: jari-jari alas dan tinggi kerucut. Keluaran berupa volume kerucut.\n Catatan 1: Deklarasikan pi sebagai konstanta dengan nilai 3.14.\n Catatan 2: Gunakan rumus (1/3) * pi * r^2 * t untuk menghitung volume.""}]","[{""type"": ""text"", ""content"": ""Write an algorithm to compute the volume of a cone. Input two integers: the base radius and the cone height. Output the cone volume.\n Note 1: Declare pi as a constant with the value 3.14.\n Note 2: Use the formula (1/3) * pi * r^2 * t to compute the volume.""}]","[""3\n12"", ""5\n8"", ""10\n7"", ""81\n29""]","[""113.0400000"", ""209.3333333"", ""732.6666667"", ""199148.2200000""]",,,,,,the cone volume.,text+table,"[{""case_no"": 1, ""input"": ""3\n12"", ""output"": ""113.0400000""}, {""case_no"": 2, ""input"": ""5\n8"", ""output"": ""209.3333333""}, {""case_no"": 3, ""input"": ""10\n7"", ""output"": ""732.6666667""}, {""case_no"": 4, ""input"": ""81\n29"", ""output"": ""199148.2200000""}]",,,TRUE,10416809,10416809
Q121,Menghitung Diameter dari Keliling Lingkaran,Menghitung Diameter dari Keliling Lingkaran,"Tulislah algoritma untuk menentukan diameter lingkaran jika kelilingnya diketahui. Masukan berupa satu bilangan riil yang menyatakan keliling lingkaran. Keluaran berupa diameter dalam bilangan riil.
  Catatan 1: Deklarasikan pi sebagai konstanta dengan nilai 3.14.
  Catatan 2: Karena keliling = pi * diameter, gunakan diameter = keliling / pi.","Write an algorithm to find the diameter given the circumference of a circle. Input a real number representing the circumference. Output the diameter as a real number.
  Note 1: Declare pi as a constant with the value 3.14.
  Note 2: Since circumference = pi * diameter, use diameter = circumference / pi.",005,"program DiameterLingkaran
  kamus
  constant pi : real = 3.14
  keliling, diameter : real
  algoritma
  input(keliling)
  diameter <- keliling / pi
  output(diameter)
  endprogram","Test 1
  Input: 100.04
  Expected: 31.8598726
  
  Test 2
  Input: 420.15
  Expected: 133.8057325
  
  Test 3
  Input: 20.54
  Expected: 6.5414013
  
  Test 4
  Input: 88.15
  Expected: 28.0732484
  
  Test 5
  Input: 3.14
  Expected: 1.0000000",W04,117,121,TRUE,ready,PS,LMS,LMS-PS-10413318,005.UAI diameter lingkaran (en),Challenger,Tulislah algoritma untuk menentukan diameter lingkaran jika kelilingnya diketahui.,Write an algorithm to find the diameter given the circumference of a circle.,"[{""type"": ""text"", ""content"": ""Tulislah algoritma untuk menentukan diameter lingkaran jika kelilingnya diketahui. Masukan berupa satu bilangan riil yang menyatakan keliling lingkaran. Keluaran berupa diameter dalam bilangan riil.\n Catatan 1: Deklarasikan pi sebagai konstanta dengan nilai 3.14.\n Catatan 2: Karena keliling = pi * diameter, gunakan diameter = keliling / pi.""}]","[{""type"": ""text"", ""content"": ""Write an algorithm to find the diameter given the circumference of a circle. Input a real number representing the circumference. Output the diameter as a real number.\n Note 1: Declare pi as a constant with the value 3.14.\n Note 2: Since circumference = pi * diameter, use diameter = circumference / pi.""}]","[""100.04"", ""420.15"", ""20.54"", ""88.15"", ""3.14""]","[""31.8598726"", ""133.8057325"", ""6.5414013"", ""28.0732484"", ""1.0000000""]",,,,,,the diameter as a real number.,text+table,"[{""case_no"": 1, ""input"": ""100.04"", ""output"": ""31.8598726""}, {""case_no"": 2, ""input"": ""420.15"", ""output"": ""133.8057325""}, {""case_no"": 3, ""input"": ""20.54"", ""output"": ""6.5414013""}, {""case_no"": 4, ""input"": ""88.15"", ""output"": ""28.0732484""}, {""case_no"": 5, ""input"": ""3.14"", ""output"": ""1.0000000""}]",,,TRUE,10413318,10413318
Q122,Menentukan Apakah Bola Muat di Dalam Kotak Kubus,Menentukan Apakah Bola Muat di Dalam Kotak Kubus,"Tulislah algoritma untuk menentukan apakah sebuah bola dapat dimasukkan ke dalam kotak berbentuk kubus. Informasi yang tersedia adalah volume bola dan volume kotak.
  Masukan berupa dua bilangan riil positif: volume bola dan volume kotak.
  Keluaran berupa Boolean true jika bola dapat dimasukkan dan false jika tidak.
  Catatan 1: Deklarasikan pi sebagai konstanta dengan nilai 3.14.
  Catatan 2: Gunakan kondisi ekuivalen 6 * volumeBola <= pi * volumeKotak. Dengan kondisi ini, akar kubik tidak perlu dihitung.","Write an algorithm to determine whether a ball can be put inside a cube-shaped box when the volumes of both objects are given.
  Input two positive real numbers: the ball volume and the box volume.
  Output Boolean true if the ball fits and false otherwise.
  Note 1: Declare pi as a constant with the value 3.14.
  Note 2: Use the equivalent condition 6 * ballVolume <= pi * boxVolume. The cube root does not need to be computed.",088,"[REVISED - menggantikan stored Right Answer historis yang menggunakan literal 3.14]
  
  program BolaDalamKotak
  kamus
  constant pi : real = 3.14
  volumeBola, volumeKotak : real
  muat : boolean
  algoritma
  input(volumeBola, volumeKotak)
  muat <- 6 * volumeBola <= pi * volumeKotak
  output(muat)
  endprogram","Test 1
  Input: 1000.0 1000.0
  Expected: false
  
  Test 2
  Input: 1000.0 2000.0
  Expected: true
  
  Test 3
  Input: 1046.5 2000
  Expected: true
  
  Test 4
  Input: 1046 2000
  Expected: true
  
  Test 5
  Input: 1047 2000
  Expected: false
  
  Test 6
  Input: 525 1000
  Expected: false
  
  Test 7
  Input: 999 1000
  Expected: false
  
  Test 8 [ADDED - boundary test]
  Input: 157.0 300.0
  Expected: true",W04,118,122,TRUE,ready,PS,LMS,LMS-PS-11127025,088.JMT container (en),Challenger,Tulislah algoritma untuk menentukan apakah sebuah bola dapat dimasukkan ke dalam kotak berbentuk kubus.,Write an algorithm to determine whether a ball can be put inside a cube-shaped box when the volumes of both objects are given.,"[{""type"": ""text"", ""content"": ""Tulislah algoritma untuk menentukan apakah sebuah bola dapat dimasukkan ke dalam kotak berbentuk kubus. Informasi yang tersedia adalah volume bola dan volume kotak.\n Masukan berupa dua bilangan riil positif: volume bola dan volume kotak.\n Keluaran berupa Boolean true jika bola dapat dimasukkan dan false jika tidak.\n Catatan 1: Deklarasikan pi sebagai konstanta dengan nilai 3.14.\n Catatan 2: Gunakan kondisi ekuivalen 6 * volumeBola <= pi * volumeKotak. Dengan kondisi ini, akar kubik tidak perlu dihitung.""}]","[{""type"": ""text"", ""content"": ""Write an algorithm to determine whether a ball can be put inside a cube-shaped box when the volumes of both objects are given.\n Input two positive real numbers: the ball volume and the box volume.\n Output Boolean true if the ball fits and false otherwise.\n Note 1: Declare pi as a constant with the value 3.14.\n Note 2: Use the equivalent condition 6 * ballVolume <= pi * boxVolume. The cube root does not need to be computed.""}]","[""1000.0 1000.0"", ""1000.0 2000.0"", ""1046.5 2000"", ""1046 2000"", ""1047 2000"", ""525 1000"", ""999 1000\n157.0 300.0""]","[""false"", ""true"", ""true"", ""true"", ""false"", ""false"", ""false\nTest 8 [ADDED - boundary test]\ntrue""]",,,berupa dua bilangan riil positif: volume bola dan volume kotak.,two positive real numbers: the ball volume and the box volume.,berupa Boolean true jika bola dapat dimasukkan dan false jika tidak.,Boolean true if the ball fits and false otherwise.,text+table,"[{""case_no"": 1, ""input"": ""1000.0 1000.0"", ""output"": ""false""}, {""case_no"": 2, ""input"": ""1000.0 2000.0"", ""output"": ""true""}, {""case_no"": 3, ""input"": ""1046.5 2000"", ""output"": ""true""}, {""case_no"": 4, ""input"": ""1046 2000"", ""output"": ""true""}, {""case_no"": 5, ""input"": ""1047 2000"", ""output"": ""false""}, {""case_no"": 6, ""input"": ""525 1000"", ""output"": ""false""}, {""case_no"": 7, ""input"": ""999 1000\n157.0 300.0"", ""output"": ""false\nTest 8 [ADDED - boundary test]\ntrue""}]",,,TRUE,11127025,11127025
Q123,Konstanta tidak dibedakan dari nilai hasil perhitungan,Constants are not distinguished from runtime-computed values,Pernyataan manakah yang benar mengenai constant?,Pernyataan manakah yang benar mengenai constant?,CO-03,Nilainya ditetapkan pada deklarasi dan tetap selama program berjalan.,Kunci: A,W04,238,123,TRUE,ready,MP,LMS,LMS-MP-W04-CO-03-Q2,CO-03,,Uji pemahaman tentang Konstanta tidak dibedakan dari nilai hasil perhitungan. Pernyataan manakah yang benar mengenai constant?,Assess understanding of Constants are not distinguished from runtime-computed values. Pernyataan manakah yang benar mengenai constant?,"[{""type"": ""text"", ""content"": ""Pernyataan manakah yang benar mengenai constant?""}]","[{""type"": ""text"", ""content"": ""Pernyataan manakah yang benar mengenai constant?""}]",[],[],2,CO-03,,,,,none,,"[{""answer_id"": ""A385"", ""label"": ""A"", ""text"": ""Nilainya ditetapkan pada deklarasi dan tetap selama program berjalan."", ""is_correct"": true, ""misconceptions"": []}, {""answer_id"": ""A386"", ""label"": ""B"", ""text"": ""Nilainya harus dibaca melalui input setiap program dijalankan."", ""is_correct"": false, ""misconceptions"": [""CO-03""]}, {""answer_id"": ""A387"", ""label"": ""C"", ""text"": ""Nilainya baru ada setelah assignment di bagian algoritma."", ""is_correct"": false, ""misconceptions"": [""CO-03""]}, {""answer_id"": ""A388"", ""label"": ""D"", ""text"": ""Constant sama dengan variabel biasa, hanya namanya ditulis dengan huruf kecil."", ""is_correct"": false, ""misconceptions"": [""CO-03""]}]",A,TRUE,,MP-CO-03-2
Q124,Perhitungan dilakukan sebelum data tersedia: Kasus 1,Computation is performed before data is available: Case 1,"Perhatikan pseudocode berikut.
  
  kamus
  radius, area : real
  constant pi : real = 3.14
  algoritma
  area <- pi * radius * radius
  input(radius)
  output(area)
  
  Pernyataan manakah yang benar?","Perhatikan pseudocode berikut.
  
  kamus
  radius, area : real
  constant pi : real = 3.14
  algoritma
  area <- pi * radius * radius
  input(radius)
  output(area)
  
  Pernyataan manakah yang benar?",SQ-03,input(radius) harus dilakukan sebelum assignment area.,Kunci: B,W04,239,124,TRUE,ready,MP,LMS,LMS-MP-W04-SQ-03-Q1,SQ-03,,"Uji pemahaman tentang Perhitungan dilakukan sebelum data tersedia. Perhatikan pseudocode berikut. radius, area : real Pernyataan manakah yang benar?","Assess understanding of Computation is performed before data is available. Perhatikan pseudocode berikut. radius, area : real Pernyataan manakah yang benar?","[{""type"": ""text"", ""content"": ""Perhatikan pseudocode berikut.""}, {""type"": ""code"", ""content"": ""kamus""}, {""type"": ""text"", ""content"": ""radius, area : real""}, {""type"": ""code"", ""content"": ""constant pi : real = 3.14\nalgoritma\n area <- pi * radius * radius\n input(radius)\n output(area)""}, {""type"": ""text"", ""content"": ""Pernyataan manakah yang benar?""}]","[{""type"": ""text"", ""content"": ""Perhatikan pseudocode berikut.""}, {""type"": ""code"", ""content"": ""kamus""}, {""type"": ""text"", ""content"": ""radius, area : real""}, {""type"": ""code"", ""content"": ""constant pi : real = 3.14\n algoritma\n area <- pi * radius * radius\n input(radius)\n output(area)""}, {""type"": ""text"", ""content"": ""Pernyataan manakah yang benar?""}]",[],[],1,SQ-03,,,,,none,,"[{""answer_id"": ""A389"", ""label"": ""A"", ""text"": ""Urutan tersebut benar; assignment area akan menunggu sampai radius dibaca."", ""is_correct"": false, ""misconceptions"": [""SQ-03""]}, {""answer_id"": ""A390"", ""label"": ""B"", ""text"": ""input(radius) harus dilakukan sebelum assignment area."", ""is_correct"": true, ""misconceptions"": []}, {""answer_id"": ""A391"", ""label"": ""C"", ""text"": ""output(area) harus dipindahkan sebelum input(radius)."", ""is_correct"": false, ""misconceptions"": []}, {""answer_id"": ""A392"", ""label"": ""D"", ""text"": ""radius tidak perlu dibaca karena sudah dideklarasikan."", ""is_correct"": false, ""misconceptions"": [""VA-14""]}]",B,TRUE,,MP-SQ-03-1
Q125,Perhitungan dilakukan sebelum data tersedia: Kasus 2,Computation is performed before data is available: Case 2,"Algoritma harus menghitung:
  
  fits <- 6 * ballVolume <= pi * boxVolume
  
  Setelah hanya membaca ballVolume, apakah fits boleh langsung dihitung sebelum boxVolume dibaca?","Algoritma harus menghitung:
  
  fits <- 6 * ballVolume <= pi * boxVolume
  
  Setelah hanya membaca ballVolume, apakah fits boleh langsung dihitung sebelum boxVolume dibaca?",SQ-03,"Tidak, boxVolume harus dibaca sebelum assignment fits.",Kunci: B,W04,240,125,TRUE,ready,MP,LMS,LMS-MP-W04-SQ-03-Q2,SQ-03,,"Uji pemahaman tentang Perhitungan dilakukan sebelum data tersedia. Setelah hanya membaca ballVolume, apakah fits boleh langsung dihitung sebelum boxVolume dibaca?","Assess understanding of Computation is performed before data is available. Setelah hanya membaca ballVolume, apakah fits boleh langsung dihitung sebelum boxVolume dibaca?","[{""type"": ""code"", ""content"": ""Algoritma harus menghitung:\n\nfits <- 6 * ballVolume <= pi * boxVolume""}, {""type"": ""text"", ""content"": ""Setelah hanya membaca ballVolume, apakah fits boleh langsung dihitung sebelum boxVolume dibaca?""}]","[{""type"": ""code"", ""content"": ""Algoritma harus menghitung:\n\n fits <- 6 * ballVolume <= pi * boxVolume""}, {""type"": ""text"", ""content"": ""Setelah hanya membaca ballVolume, apakah fits boleh langsung dihitung sebelum boxVolume dibaca?""}]",[],[],2,SQ-03,,,,,none,,"[{""answer_id"": ""A393"", ""label"": ""A"", ""text"": ""Ya, assignment fits akan menunggu sampai boxVolume dibaca."", ""is_correct"": false, ""misconceptions"": [""SQ-03""]}, {""answer_id"": ""A394"", ""label"": ""B"", ""text"": ""Tidak, boxVolume harus dibaca sebelum assignment fits."", ""is_correct"": true, ""misconceptions"": []}, {""answer_id"": ""A395"", ""label"": ""C"", ""text"": ""Ya, karena fits bertipe boolean."", ""is_correct"": false, ""misconceptions"": []}, {""answer_id"": ""A396"", ""label"": ""D"", ""text"": ""Ya, karena pi sudah dideklarasikan."", ""is_correct"": false, ""misconceptions"": []}]",B,TRUE,,MP-SQ-03-2
Q126,Ruas kiri assignment dianggap tidak harus berupa variabel: Kasus 1,The left-hand side of an assignment is assumed not to require a variable: Case 1,"Perhatikan instruksi berikut.
  
  radius * radius <- area / pi
  
  Apa masalah utamanya?","Perhatikan instruksi berikut.
  
  radius * radius <- area / pi
  
  Apa masalah utamanya?",VA-09,"Sisi kiri berupa ekspresi, bukan satu variabel penyimpanan.",Kunci: A,W04,241,126,TRUE,ready,MP,LMS,LMS-MP-W04-VA-09-Q1,VA-09,,Uji pemahaman tentang Ruas kiri assignment dianggap tidak harus berupa variabel. Perhatikan instruksi berikut. Apa masalah utamanya?,Assess understanding of The left-hand side of an assignment is assumed not to require a variable. Perhatikan instruksi berikut. Apa masalah utamanya?,"[{""type"": ""text"", ""content"": ""Perhatikan instruksi berikut.""}, {""type"": ""code"", ""content"": ""radius * radius <- area / pi""}, {""type"": ""text"", ""content"": ""Apa masalah utamanya?""}]","[{""type"": ""text"", ""content"": ""Perhatikan instruksi berikut.""}, {""type"": ""code"", ""content"": ""radius * radius <- area / pi""}, {""type"": ""text"", ""content"": ""Apa masalah utamanya?""}]",[],[],1,VA-09,,,,,none,,"[{""answer_id"": ""A397"", ""label"": ""A"", ""text"": ""Sisi kiri berupa ekspresi, bukan satu variabel penyimpanan."", ""is_correct"": true, ""misconceptions"": []}, {""answer_id"": ""A398"", ""label"": ""B"", ""text"": ""Tidak ada masalah; ekspresi di sisi kiri dapat menyimpan hasil."", ""is_correct"": false, ""misconceptions"": [""VA-09""]}, {""answer_id"": ""A399"", ""label"": ""C"", ""text"": ""Perkalian tidak boleh digunakan dalam algoritma."", ""is_correct"": false, ""misconceptions"": []}, {""answer_id"": ""A400"", ""label"": ""D"", ""text"": ""area / pi harus selalu bertipe integer."", ""is_correct"": false, ""misconceptions"": []}]",A,TRUE,,MP-VA-09-1
Q127,Ruas kiri assignment dianggap tidak harus berupa variabel: Kasus 2,The left-hand side of an assignment is assumed not to require a variable: Case 2,Manakah assignment yang valid untuk menghitung diameter?,Manakah assignment yang valid untuk menghitung diameter?,VA-09,diameter <- circumference / pi,Kunci: A,W04,242,127,TRUE,ready,MP,LMS,LMS-MP-W04-VA-09-Q2,VA-09,,Uji pemahaman tentang Ruas kiri assignment dianggap tidak harus berupa variabel. Manakah assignment yang valid untuk menghitung diameter?,Assess understanding of The left-hand side of an assignment is assumed not to require a variable. Manakah assignment yang valid untuk menghitung diameter?,"[{""type"": ""text"", ""content"": ""Manakah assignment yang valid untuk menghitung diameter?""}]","[{""type"": ""text"", ""content"": ""Manakah assignment yang valid untuk menghitung diameter?""}]",[],[],2,VA-09,,,,,none,,"[{""answer_id"": ""A401"", ""label"": ""A"", ""text"": ""diameter <- circumference / pi"", ""is_correct"": true, ""misconceptions"": []}, {""answer_id"": ""A402"", ""label"": ""B"", ""text"": ""circumference / pi <- diameter"", ""is_correct"": false, ""misconceptions"": [""VA-09""]}, {""answer_id"": ""A403"", ""label"": ""C"", ""text"": ""circumference * pi <- diameter"", ""is_correct"": false, ""misconceptions"": [""VA-09""]}, {""answer_id"": ""A404"", ""label"": ""D"", ""text"": ""3.14 <- diameter"", ""is_correct"": false, ""misconceptions"": [""CO-01""]}]",A,TRUE,,MP-VA-09-2
Q128,Nilai variabel dianggap dapat diketahui dari namanya: Kasus 1,A variable's value is assumed to be inferable from its name: Case 1,"Perhatikan pseudocode berikut.
  
  kamus
  radius, volume : real
  constant pi : real = 3.14
  algoritma
  input(radius)
  volume <- (4 / 3) * pi * r * r * r
  
  Apa masalah utamanya?","Perhatikan pseudocode berikut.
  
  kamus
  radius, volume : real
  constant pi : real = 3.14
  algoritma
  input(radius)
  volume <- (4 / 3) * pi * r * r * r
  
  Apa masalah utamanya?",VA-10,r belum dideklarasikan dan berbeda dari radius.,Kunci: B,W04,243,128,TRUE,ready,MP,LMS,LMS-MP-W04-VA-10-Q1,VA-10,,"Uji pemahaman tentang Nilai variabel dianggap dapat diketahui dari namanya. Perhatikan pseudocode berikut. radius, volume : real Apa masalah utamanya?","Assess understanding of A variable's value is assumed to be inferable from its name. Perhatikan pseudocode berikut. radius, volume : real Apa masalah utamanya?","[{""type"": ""text"", ""content"": ""Perhatikan pseudocode berikut.""}, {""type"": ""code"", ""content"": ""kamus""}, {""type"": ""text"", ""content"": ""radius, volume : real""}, {""type"": ""code"", ""content"": ""constant pi : real = 3.14\nalgoritma\n input(radius)\n volume <- (4 / 3) * pi * r * r * r""}, {""type"": ""text"", ""content"": ""Apa masalah utamanya?""}]","[{""type"": ""text"", ""content"": ""Perhatikan pseudocode berikut.""}, {""type"": ""code"", ""content"": ""kamus""}, {""type"": ""text"", ""content"": ""radius, volume : real""}, {""type"": ""code"", ""content"": ""constant pi : real = 3.14\n algoritma\n input(radius)\n volume <- (4 / 3) * pi * r * r * r""}, {""type"": ""text"", ""content"": ""Apa masalah utamanya?""}]",[],[],1,VA-10,,,,,none,,"[{""answer_id"": ""A405"", ""label"": ""A"", ""text"": ""Komputer memahami bahwa r adalah singkatan dari radius."", ""is_correct"": false, ""misconceptions"": [""VA-10""]}, {""answer_id"": ""A406"", ""label"": ""B"", ""text"": ""r belum dideklarasikan dan berbeda dari radius."", ""is_correct"": true, ""misconceptions"": []}, {""answer_id"": ""A407"", ""label"": ""C"", ""text"": ""radius otomatis berubah nama menjadi r setelah input."", ""is_correct"": false, ""misconceptions"": [""VA-10""]}, {""answer_id"": ""A408"", ""label"": ""D"", ""text"": ""Tidak ada masalah karena keduanya bertipe real."", ""is_correct"": false, ""misconceptions"": [""VA-10""]}]",B,TRUE,,MP-VA-10-1
Q129,Nilai variabel dianggap dapat diketahui dari namanya: Kasus 2,A variable's value is assumed to be inferable from its name: Case 2,"Perhatikan pseudocode berikut.
  
  kamus
  radius, area : real
  constant pi : real = 3.14
  algoritma
  input(radius)
  area <- phi * radius * radius
  
  Apa yang terjadi?","Perhatikan pseudocode berikut.
  
  kamus
  radius, area : real
  constant pi : real = 3.14
  algoritma
  input(radius)
  area <- phi * radius * radius
  
  Apa yang terjadi?",VA-10,phi tidak dideklarasikan sehingga ekspresi tidak valid.,Kunci: B,W04,244,129,TRUE,ready,MP,LMS,LMS-MP-W04-VA-10-Q2,VA-10,,"Uji pemahaman tentang Nilai variabel dianggap dapat diketahui dari namanya. Perhatikan pseudocode berikut. radius, area : real Apa yang terjadi?","Assess understanding of A variable's value is assumed to be inferable from its name. Perhatikan pseudocode berikut. radius, area : real Apa yang terjadi?","[{""type"": ""text"", ""content"": ""Perhatikan pseudocode berikut.""}, {""type"": ""code"", ""content"": ""kamus""}, {""type"": ""text"", ""content"": ""radius, area : real""}, {""type"": ""code"", ""content"": ""constant pi : real = 3.14\n algoritma\n input(radius)\n area <- phi * radius * radius""}, {""type"": ""text"", ""content"": ""Apa yang terjadi?""}]","[{""type"": ""text"", ""content"": ""Perhatikan pseudocode berikut.""}, {""type"": ""code"", ""content"": ""kamus""}, {""type"": ""text"", ""content"": ""radius, area : real""}, {""type"": ""code"", ""content"": ""constant pi : real = 3.14\n algoritma\n input(radius)\n area <- phi * radius * radius""}, {""type"": ""text"", ""content"": ""Apa yang terjadi?""}]",[],[],2,VA-10,,,,,none,,"[{""answer_id"": ""A409"", ""label"": ""A"", ""text"": ""phi otomatis mengambil nilai pi."", ""is_correct"": false, ""misconceptions"": [""VA-10""]}, {""answer_id"": ""A410"", ""label"": ""B"", ""text"": ""phi tidak dideklarasikan sehingga ekspresi tidak valid."", ""is_correct"": true, ""misconceptions"": []}, {""answer_id"": ""A411"", ""label"": ""C"", ""text"": ""pi otomatis berubah nama menjadi phi."", ""is_correct"": false, ""misconceptions"": [""VA-10""]}, {""answer_id"": ""A412"", ""label"": ""D"", ""text"": ""Program tetap benar karena pi dan phi sama-sama simbol matematika."", ""is_correct"": false, ""misconceptions"": [""VA-10""]}]",B,TRUE,,MP-VA-10-2
Q130,Variabel dianggap dapat digunakan sebelum diinisialisasi: Kasus 1,A variable is assumed to be usable before initialization: Case 1,"Perhatikan pseudocode berikut.
  
  kamus
  pi, radius, area : real
  algoritma
  input(radius)
  area <- pi * radius * radius
  output(area)
  
  Apa masalahnya?","Perhatikan pseudocode berikut.
  
  kamus
  pi, radius, area : real
  algoritma
  input(radius)
  area <- pi * radius * radius
  output(area)
  
  Apa masalahnya?",VA-14,pi belum memperoleh nilai sebelum digunakan.,Kunci: B,W04,245,130,TRUE,ready,MP,LMS,LMS-MP-W04-VA-14-Q1,VA-14,,"Uji pemahaman tentang Variabel dianggap dapat digunakan sebelum diinisialisasi. Perhatikan pseudocode berikut. pi, radius, area : real Apa masalahnya?","Assess understanding of A variable is assumed to be usable before initialization. Perhatikan pseudocode berikut. pi, radius, area : real Apa masalahnya?","[{""type"": ""text"", ""content"": ""Perhatikan pseudocode berikut.""}, {""type"": ""code"", ""content"": ""kamus\npi, radius, area : real\nalgoritma\n input(radius)\n area <- pi * radius * radius\n output(area)""}, {""type"": ""text"", ""content"": ""Apa masalahnya?""}]","[{""type"": ""text"", ""content"": ""Perhatikan pseudocode berikut.""}, {""type"": ""code"", ""content"": ""kamus\npi, radius, area : real\nalgoritma\n input(radius)\n area <- pi * radius * radius\n output(area)""}, {""type"": ""text"", ""content"": ""Apa masalahnya?""}]",[],[],1,VA-14,,,,,none,,"[{""answer_id"": ""A413"", ""label"": ""A"", ""text"": ""pi boleh digunakan karena sudah dideklarasikan sebagai real."", ""is_correct"": false, ""misconceptions"": [""VA-14""]}, {""answer_id"": ""A414"", ""label"": ""B"", ""text"": ""pi belum memperoleh nilai sebelum digunakan."", ""is_correct"": true, ""misconceptions"": []}, {""answer_id"": ""A415"", ""label"": ""C"", ""text"": ""pi otomatis bernilai 3.14 karena namanya pi."", ""is_correct"": false, ""misconceptions"": [""VA-10""]}, {""answer_id"": ""A416"", ""label"": ""D"", ""text"": ""pi otomatis bernilai 0 dan hasil tetap dianggap benar."", ""is_correct"": false, ""misconceptions"": [""VA-14""]}]",B,TRUE,,MP-VA-14-1
Q131,Variabel dianggap dapat digunakan sebelum diinisialisasi: Kasus 2,A variable is assumed to be usable before initialization: Case 2,"Perhatikan pseudocode berikut.
  
  kamus
  radius, height : integer
  volume : real
  constant pi : real = 3.14
  algoritma
  input(radius)
  volume <- (1 / 3) * pi * radius * radius * height
  output(volume)
  
  Mengapa algoritma belum benar?","Perhatikan pseudocode berikut.
  
  kamus
  radius, height : integer
  volume : real
  constant pi : real = 3.14
  algoritma
  input(radius)
  volume <- (1 / 3) * pi * radius * radius * height
  output(volume)
  
  Mengapa algoritma belum benar?",VA-14,height belum menerima nilai.,Kunci: A,W04,246,131,TRUE,ready,MP,LMS,LMS-MP-W04-VA-14-Q2,VA-14,,"Uji pemahaman tentang Variabel dianggap dapat digunakan sebelum diinisialisasi. Perhatikan pseudocode berikut. radius, height : integer Mengapa algoritma belum benar?","Assess understanding of A variable is assumed to be usable before initialization. Perhatikan pseudocode berikut. radius, height : integer Mengapa algoritma belum benar?","[{""type"": ""text"", ""content"": ""Perhatikan pseudocode berikut.""}, {""type"": ""code"", ""content"": ""kamus""}, {""type"": ""text"", ""content"": ""radius, height : integer""}, {""type"": ""code"", ""content"": ""volume : real\n constant pi : real = 3.14\nalgoritma\n input(radius)\n volume <- (1 / 3) * pi * radius * radius * height\n output(volume)""}, {""type"": ""text"", ""content"": ""Mengapa algoritma belum benar?""}]","[{""type"": ""text"", ""content"": ""Perhatikan pseudocode berikut.""}, {""type"": ""code"", ""content"": ""kamus""}, {""type"": ""text"", ""content"": ""radius, height : integer""}, {""type"": ""code"", ""content"": ""volume : real\n constant pi : real = 3.14\n algoritma\n input(radius)\n volume <- (1 / 3) * pi * radius * radius * height\n output(volume)""}, {""type"": ""text"", ""content"": ""Mengapa algoritma belum benar?""}]",[],[],2,VA-14,,,,,none,,"[{""answer_id"": ""A417"", ""label"": ""A"", ""text"": ""height belum menerima nilai."", ""is_correct"": true, ""misconceptions"": []}, {""answer_id"": ""A418"", ""label"": ""B"", ""text"": ""height otomatis bernilai 0 karena sudah dideklarasikan."", ""is_correct"": false, ""misconceptions"": [""VA-14""]}, {""answer_id"": ""A419"", ""label"": ""C"", ""text"": ""radius hanya boleh digunakan satu kali."", ""is_correct"": false, ""misconceptions"": []}, {""answer_id"": ""A420"", ""label"": ""D"", ""text"": ""pi harus dibaca melalui input."", ""is_correct"": false, ""misconceptions"": [""CO-03""]}]",A,TRUE,,MP-VA-14-2
Q132,Hasil perhitungan dianggap otomatis menjadi output: Kasus 1,A computed result is assumed to become output automatically: Case 1,"Perhatikan pseudocode berikut.
  
  kamus
  constant pi : real = 3.14
  radius, circumference : real
  algoritma
  input(radius)
  circumference <- 2 * pi * radius
  
  Apa yang ditampilkan oleh program?","Perhatikan pseudocode berikut.
  
  kamus
  constant pi : real = 3.14
  radius, circumference : real
  algoritma
  input(radius)
  circumference <- 2 * pi * radius
  
  Apa yang ditampilkan oleh program?",IO-05,Tidak ada keluaran.,Kunci: C,W04,247,132,TRUE,ready,MP,LMS,LMS-MP-W04-IO-05-Q1,IO-05,,"Uji pemahaman tentang Hasil perhitungan dianggap otomatis menjadi output. Perhatikan pseudocode berikut. radius, circumference : real Apa yang ditampilkan oleh program?","Assess understanding of A computed result is assumed to become output automatically. Perhatikan pseudocode berikut. radius, circumference : real Apa yang ditampilkan oleh program?","[{""type"": ""text"", ""content"": ""Perhatikan pseudocode berikut.""}, {""type"": ""code"", ""content"": ""kamus\n constant pi : real = 3.14""}, {""type"": ""text"", ""content"": ""radius, circumference : real""}, {""type"": ""code"", ""content"": ""algoritma\n input(radius)\n circumference <- 2 * pi * radius""}, {""type"": ""text"", ""content"": ""Apa yang ditampilkan oleh program?""}]","[{""type"": ""text"", ""content"": ""Perhatikan pseudocode berikut.""}, {""type"": ""code"", ""content"": ""kamus\n constant pi : real = 3.14""}, {""type"": ""text"", ""content"": ""radius, circumference : real""}, {""type"": ""code"", ""content"": ""algoritma\n input(radius)\n circumference <- 2 * pi * radius""}, {""type"": ""text"", ""content"": ""Apa yang ditampilkan oleh program?""}]",[],[],1,IO-05,,,,,none,,"[{""answer_id"": ""A421"", ""label"": ""A"", ""text"": ""Nilai circumference."", ""is_correct"": false, ""misconceptions"": [""IO-05""]}, {""answer_id"": ""A422"", ""label"": ""B"", ""text"": ""Nilai radius."", ""is_correct"": false, ""misconceptions"": []}, {""answer_id"": ""A423"", ""label"": ""C"", ""text"": ""Tidak ada keluaran."", ""is_correct"": true, ""misconceptions"": []}, {""answer_id"": ""A424"", ""label"": ""D"", ""text"": ""Teks \""circumference\""."", ""is_correct"": false, ""misconceptions"": []}]",C,TRUE,,MP-IO-05-1
Q133,Hasil perhitungan dianggap otomatis menjadi output: Kasus 2,A computed result is assumed to become output automatically: Case 2,"Perhatikan pseudocode berikut.
  
  kamus
  constant pi : real = 3.14
  ballVolume, boxVolume : real
  fits : boolean
  algoritma
  input(ballVolume, boxVolume)
  fits <- 6 * ballVolume <= pi * boxVolume
  
  Program kemudian berakhir. Apakah pengguna otomatis melihat true atau false?","Perhatikan pseudocode berikut.
  
  kamus
  constant pi : real = 3.14
  ballVolume, boxVolume : real
  fits : boolean
  algoritma
  input(ballVolume, boxVolume)
  fits <- 6 * ballVolume <= pi * boxVolume
  
  Program kemudian berakhir. Apakah pengguna otomatis melihat true atau false?",IO-05,"Tidak, diperlukan output(fits).",Kunci: B,W04,248,133,TRUE,ready,MP,LMS,LMS-MP-W04-IO-05-Q2,IO-05,,"Uji pemahaman tentang Hasil perhitungan dianggap otomatis menjadi output. Perhatikan pseudocode berikut. ballVolume, boxVolume : real","Assess understanding of A computed result is assumed to become output automatically. Perhatikan pseudocode berikut. ballVolume, boxVolume : real","[{""type"": ""text"", ""content"": ""Perhatikan pseudocode berikut.""}, {""type"": ""code"", ""content"": ""kamus\n constant pi : real = 3.14""}, {""type"": ""text"", ""content"": ""ballVolume, boxVolume : real""}, {""type"": ""code"", ""content"": ""fits : boolean\nalgoritma\n input(ballVolume, boxVolume)\n fits <- 6 * ballVolume <= pi * boxVolume\n\nProgram kemudian berakhir. Apakah pengguna otomatis melihat true atau false?""}]","[{""type"": ""text"", ""content"": ""Perhatikan pseudocode berikut.""}, {""type"": ""code"", ""content"": ""kamus\n constant pi : real = 3.14""}, {""type"": ""text"", ""content"": ""ballVolume, boxVolume : real""}, {""type"": ""code"", ""content"": ""fits : boolean\n algoritma\n input(ballVolume, boxVolume)\n fits <- 6 * ballVolume <= pi * boxVolume\n\n Program kemudian berakhir. Apakah pengguna otomatis melihat true atau false?""}]",[],[],2,IO-05,,,,,none,,"[{""answer_id"": ""A425"", ""label"": ""A"", ""text"": ""Ya, semua nilai Boolean otomatis dicetak."", ""is_correct"": false, ""misconceptions"": [""IO-05""]}, {""answer_id"": ""A426"", ""label"": ""B"", ""text"": ""Tidak, diperlukan output(fits)."", ""is_correct"": true, ""misconceptions"": []}, {""answer_id"": ""A427"", ""label"": ""C"", ""text"": ""Ya, jika fits bernilai true."", ""is_correct"": false, ""misconceptions"": [""IO-05""]}, {""answer_id"": ""A428"", ""label"": ""D"", ""text"": ""Ya, karena fits merupakan hasil akhir."", ""is_correct"": false, ""misconceptions"": [""IO-05""]}]",B,TRUE,,MP-IO-05-2
Q134,Tipe data berbeda dianggap bebas dicampur dalam ekspresi: Kasus 1,Different data types are assumed to be freely mixable in expressions: Case 1,"Diketahui:
  
  circumference, pi, diameter : real
  
  diameter <- circumference div pi
  
  Apa yang terjadi?","Diketahui:
  
  circumference, pi, diameter : real
  
  diameter <- circumference div pi
  
  Apa yang terjadi?",EX-03,"Error, karena div hanya menerima operand integer.",Kunci: B,W04,249,134,TRUE,ready,MP,LMS,LMS-MP-W04-EX-03-Q1,EX-03,,"Uji pemahaman tentang Tipe data berbeda dianggap bebas dicampur dalam ekspresi. Diketahui: circumference, pi, diameter : real Apa yang terjadi?","Assess understanding of Different data types are assumed to be freely mixable in expressions. Diketahui: circumference, pi, diameter : real Apa yang terjadi?","[{""type"": ""text"", ""content"": ""Diketahui:\n\n circumference, pi, diameter : real""}, {""type"": ""code"", ""content"": ""diameter <- circumference div pi""}, {""type"": ""text"", ""content"": ""Apa yang terjadi?""}]","[{""type"": ""text"", ""content"": ""Diketahui:\n\n circumference, pi, diameter : real""}, {""type"": ""code"", ""content"": ""diameter <- circumference div pi""}, {""type"": ""text"", ""content"": ""Apa yang terjadi?""}]",[],[],1,EX-03,,,,,none,,"[{""answer_id"": ""A429"", ""label"": ""A"", ""text"": ""Valid dan menghasilkan pembagian real."", ""is_correct"": false, ""misconceptions"": [""EX-03""]}, {""answer_id"": ""A430"", ""label"": ""B"", ""text"": ""Error, karena div hanya menerima operand integer."", ""is_correct"": true, ""misconceptions"": []}, {""answer_id"": ""A431"", ""label"": ""C"", ""text"": ""Valid tetapi hasilnya selalu dibulatkan ke atas."", ""is_correct"": false, ""misconceptions"": [""EX-03""]}, {""answer_id"": ""A432"", ""label"": ""D"", ""text"": ""Sama persis dengan operator /."", ""is_correct"": false, ""misconceptions"": [""EX-03""]}]",B,TRUE,,MP-EX-03-1
Q135,Tipe data berbeda dianggap bebas dicampur dalam ekspresi: Kasus 2,Different data types are assumed to be freely mixable in expressions: Case 2,Manakah pernyataan yang benar pada DAP?,Manakah pernyataan yang benar pada DAP?,EX-03,"4 / 3 menghasilkan real sekitar 1.333, sedangkan 4 div 3 menghasilkan integer 1.",Kunci: A,W04,250,135,TRUE,ready,MP,LMS,LMS-MP-W04-EX-03-Q2,EX-03,,Uji pemahaman tentang Tipe data berbeda dianggap bebas dicampur dalam ekspresi. Manakah pernyataan yang benar pada DAP?,Assess understanding of Different data types are assumed to be freely mixable in expressions. Manakah pernyataan yang benar pada DAP?,"[{""type"": ""text"", ""content"": ""Manakah pernyataan yang benar pada DAP?""}]","[{""type"": ""text"", ""content"": ""Manakah pernyataan yang benar pada DAP?""}]",[],[],2,EX-03,,,,,none,,"[{""answer_id"": ""A433"", ""label"": ""A"", ""text"": ""4 / 3 menghasilkan real sekitar 1.333, sedangkan 4 div 3 menghasilkan integer 1."", ""is_correct"": true, ""misconceptions"": []}, {""answer_id"": ""A434"", ""label"": ""B"", ""text"": ""4 / 3 dan 4 div 3 keduanya menghasilkan integer 1."", ""is_correct"": false, ""misconceptions"": []}, {""answer_id"": ""A435"", ""label"": ""C"", ""text"": ""4.0 div 3 valid dan menghasilkan real."", ""is_correct"": false, ""misconceptions"": [""EX-03""]}, {""answer_id"": ""A436"", ""label"": ""D"", ""text"": ""4.0 div 3.0 sama dengan 4.0 / 3.0."", ""is_correct"": false, ""misconceptions"": [""EX-03""]}]",A,TRUE,,MP-EX-03-2
Q136,Literal dianggap sebagai variabel yang dapat diubah: Kasus 1,A literal is assumed to be a mutable variable: Case 1,"Perhatikan pseudocode berikut.
  kamus
  pi : real
  algoritma
  3.14 <- pi
  
  Manakah pernyataan yang paling tepat mengenai instruksi 3.14 <- pi?","Perhatikan pseudocode berikut.
  kamus
  pi : real
  algoritma
  3.14 <- pi
  
  Manakah pernyataan yang paling tepat mengenai instruksi 3.14 <- pi?",CO-01,Instruksi tidak valid,Kunci: B,W04,251,136,TRUE,ready,MP,LMS,LMS-MP-W04-CO-01-Q1,CO-01,,Uji pemahaman tentang Literal dianggap sebagai variabel yang dapat diubah. Perhatikan pseudocode berikut.,Assess understanding of A literal is assumed to be a mutable variable. Perhatikan pseudocode berikut.,"[{""type"": ""text"", ""content"": ""Perhatikan pseudocode berikut.""}, {""type"": ""code"", ""content"": ""kamus\n pi : real\n algoritma\n 3.14 <- pi\n\n Manakah pernyataan yang paling tepat mengenai instruksi 3.14 <- pi?""}]","[{""type"": ""text"", ""content"": ""Perhatikan pseudocode berikut.""}, {""type"": ""code"", ""content"": ""kamus\n pi : real\n algoritma\n 3.14 <- pi\n\n Manakah pernyataan yang paling tepat mengenai instruksi 3.14 <- pi?""}]",[],[],1,CO-01,,,,,none,,"[{""answer_id"": ""A437"", ""label"": ""A"", ""text"": ""Instruksi memberikan nilai pi kepada bagian yang berada di sebelah kiri tanda <-"", ""is_correct"": false, ""misconceptions"": [""CO-01""]}, {""answer_id"": ""A438"", ""label"": ""B"", ""text"": ""Instruksi tidak valid"", ""is_correct"": true, ""misconceptions"": []}, {""answer_id"": ""A439"", ""label"": ""C"", ""text"": ""Instruksi memberikan nilai 3.14 kepada variabel pi"", ""is_correct"": false, ""misconceptions"": []}, {""answer_id"": ""A440"", ""label"": ""D"", ""text"": ""Instruksi valid apabila pi dideklarasikan sebagai constant"", ""is_correct"": false, ""misconceptions"": []}]",B,FALSE,,MP-CO-01-1
Q137,Literal dianggap sebagai variabel yang dapat diubah: Kasus 2,A literal is assumed to be a mutable variable: Case 2,Program harus membaca jari-jari ke variabel radius. Manakah instruksi yang benar?,Program harus membaca jari-jari ke variabel radius. Manakah instruksi yang benar?,CO-01,input(radius),Kunci: B,W04,252,137,TRUE,ready,MP,LMS,LMS-MP-W04-CO-01-Q2,CO-01,,Uji pemahaman tentang Literal dianggap sebagai variabel yang dapat diubah.,Assess understanding of A literal is assumed to be a mutable variable.,"[{""type"": ""text"", ""content"": ""Program harus membaca jari-jari ke variabel radius. Manakah instruksi yang benar?""}]","[{""type"": ""code"", ""content"": ""Program harus membaca jari-jari ke variabel radius. Manakah instruksi yang benar?""}]",[],[],2,CO-01,,,,,none,,"[{""answer_id"": ""A441"", ""label"": ""A"", ""text"": ""input(3.14)"", ""is_correct"": false, ""misconceptions"": [""CO-01""]}, {""answer_id"": ""A442"", ""label"": ""B"", ""text"": ""input(radius)"", ""is_correct"": true, ""misconceptions"": []}, {""answer_id"": ""A443"", ""label"": ""C"", ""text"": ""input(\""radius\"")"", ""is_correct"": false, ""misconceptions"": [""CO-01""]}, {""answer_id"": ""A444"", ""label"": ""D"", ""text"": ""3.14 <- radius"", ""is_correct"": false, ""misconceptions"": [""CO-01""]}]",B,FALSE,,MP-CO-01-2
Q138,Konstanta bernama dianggap dapat diubah: Kasus 1,A named constant is assumed to be mutable: Case 1,"Perhatikan pseudocode berikut.
  
  kamus
  constant pi : real = 3.14
  algoritma
  pi <- 22 / 7
  
  Apa yang terjadi?","Perhatikan pseudocode berikut.
  
  kamus
  constant pi : real = 3.14
  algoritma
  pi <- 22 / 7
  
  Apa yang terjadi?",CO-02,Instruksi tidak valid karena constant tidak boleh diberi nilai baru.,Kunci: B,W04,253,138,TRUE,ready,MP,LMS,LMS-MP-W04-CO-02-Q1,CO-02,,Uji pemahaman tentang Konstanta bernama dianggap dapat diubah. Perhatikan pseudocode berikut. Apa yang terjadi?,Assess understanding of A named constant is assumed to be mutable. Perhatikan pseudocode berikut. Apa yang terjadi?,"[{""type"": ""text"", ""content"": ""Perhatikan pseudocode berikut.""}, {""type"": ""code"", ""content"": ""kamus\n constant pi : real = 3.14\n algoritma\n pi <- 22 / 7""}, {""type"": ""text"", ""content"": ""Apa yang terjadi?""}]","[{""type"": ""text"", ""content"": ""Perhatikan pseudocode berikut.""}, {""type"": ""code"", ""content"": ""kamus\n constant pi : real = 3.14\n algoritma\n pi <- 22 / 7""}, {""type"": ""text"", ""content"": ""Apa yang terjadi?""}]",[],[],1,CO-02,,,,,none,,"[{""answer_id"": ""A445"", ""label"": ""A"", ""text"": ""Nilai pi berubah menjadi hasil 22 / 7."", ""is_correct"": false, ""misconceptions"": [""CO-02""]}, {""answer_id"": ""A446"", ""label"": ""B"", ""text"": ""Instruksi tidak valid karena constant tidak boleh diberi nilai baru."", ""is_correct"": true, ""misconceptions"": []}, {""answer_id"": ""A447"", ""label"": ""C"", ""text"": ""pi otomatis berubah menjadi variabel."", ""is_correct"": false, ""misconceptions"": [""CO-02""]}, {""answer_id"": ""A448"", ""label"": ""D"", ""text"": ""Deklarasi constant diabaikan setelah algoritma dimulai."", ""is_correct"": false, ""misconceptions"": [""CO-02""]}]",B,FALSE,,MP-CO-02-1
Q139,Konstanta bernama dianggap dapat diubah: Kasus 2,A named constant is assumed to be mutable: Case 2,"Diketahui:
  
  constant pi : real = 3.14
  radius, area : real
  
  Manakah penggunaan pi yang valid?","Diketahui:
  
  constant pi : real = 3.14
  radius, area : real
  
  Manakah penggunaan pi yang valid?",CO-02,area <- pi * radius * radius,Kunci: A,W04,254,139,TRUE,ready,MP,LMS,LMS-MP-W04-CO-02-Q2,CO-02,,"Uji pemahaman tentang Konstanta bernama dianggap dapat diubah. Diketahui: radius, area : real Manakah penggunaan pi yang valid?","Assess understanding of A named constant is assumed to be mutable. Diketahui: radius, area : real Manakah penggunaan pi yang valid?","[{""type"": ""text"", ""content"": ""Diketahui:""}, {""type"": ""code"", ""content"": ""constant pi : real = 3.14""}, {""type"": ""text"", ""content"": ""radius, area : real\n\nManakah penggunaan pi yang valid?""}]","[{""type"": ""text"", ""content"": ""Diketahui:""}, {""type"": ""code"", ""content"": ""constant pi : real = 3.14""}, {""type"": ""text"", ""content"": ""radius, area : real\n\n Manakah penggunaan pi yang valid?""}]",[],[],2,CO-02,,,,,none,,"[{""answer_id"": ""A449"", ""label"": ""A"", ""text"": ""area <- pi * radius * radius"", ""is_correct"": true, ""misconceptions"": []}, {""answer_id"": ""A450"", ""label"": ""B"", ""text"": ""pi <- pi + 0.001"", ""is_correct"": false, ""misconceptions"": [""CO-02""]}, {""answer_id"": ""A451"", ""label"": ""C"", ""text"": ""input(pi)"", ""is_correct"": false, ""misconceptions"": [""CO-02""]}, {""answer_id"": ""A452"", ""label"": ""D"", ""text"": ""pi <- radius"", ""is_correct"": false, ""misconceptions"": [""CO-02""]}]",A,FALSE,,MP-CO-02-2
Q140,Huruf besar dan kecil pada nama variabel dianggap sama: Kasus 1,Uppercase and lowercase variable names are assumed to be identical: Case 1,"Perhatikan deklarasi dan penggunaan berikut.
  
  kamus
  constant pi : real = 3.14
  radius, area : real
  algoritma
  input(radius)
  area <- PI * radius * radius
  
  Apakah PI merujuk pada constant pi?","Perhatikan deklarasi dan penggunaan berikut.
  
  kamus
  constant pi : real = 3.14
  radius, area : real
  algoritma
  input(radius)
  area <- PI * radius * radius
  
  Apakah PI merujuk pada constant pi?",VA-11,"Tidak, pi dan PI adalah identifier berbeda.",Kunci: B,W04,255,140,TRUE,ready,MP,LMS,LMS-MP-W04-VA-11-Q1,VA-11,,Uji pemahaman tentang Huruf besar dan kecil pada nama variabel dianggap sama. Perhatikan deklarasi dan penggunaan berikut.,Assess understanding of Uppercase and lowercase variable names are assumed to be identical. Perhatikan deklarasi dan penggunaan berikut.,"[{""type"": ""text"", ""content"": ""Perhatikan deklarasi dan penggunaan berikut.""}, {""type"": ""code"", ""content"": ""kamus\n constant pi : real = 3.14""}, {""type"": ""text"", ""content"": ""radius, area : real""}, {""type"": ""code"", ""content"": ""algoritma\n input(radius)\n area <- PI * radius * radius""}, {""type"": ""text"", ""content"": ""Apakah PI merujuk pada constant pi?""}]","[{""type"": ""text"", ""content"": ""Perhatikan deklarasi dan penggunaan berikut.""}, {""type"": ""code"", ""content"": ""kamus\n constant pi : real = 3.14""}, {""type"": ""text"", ""content"": ""radius, area : real""}, {""type"": ""code"", ""content"": ""algoritma\n input(radius)\n area <- PI * radius * radius""}, {""type"": ""text"", ""content"": ""Apakah PI merujuk pada constant pi?""}]",[],[],1,VA-11,,,,,none,,"[{""answer_id"": ""A453"", ""label"": ""A"", ""text"": ""Ya, huruf besar dan kecil selalu diabaikan."", ""is_correct"": false, ""misconceptions"": [""VA-11""]}, {""answer_id"": ""A454"", ""label"": ""B"", ""text"": ""Tidak, pi dan PI adalah identifier berbeda."", ""is_correct"": true, ""misconceptions"": []}, {""answer_id"": ""A455"", ""label"": ""C"", ""text"": ""Ya, khusus untuk constant."", ""is_correct"": false, ""misconceptions"": [""VA-11""]}, {""answer_id"": ""A456"", ""label"": ""D"", ""text"": ""Ya, jika nilainya sama-sama 3.14."", ""is_correct"": false, ""misconceptions"": [""VA-11""]}]",B,FALSE,,MP-VA-11-1
Q141,Huruf besar dan kecil pada nama variabel dianggap sama: Kasus 2,Uppercase and lowercase variable names are assumed to be identical: Case 2,Dideklarasikan variabel surfaceArea. Manakah penulisan yang menggunakan variabel yang sama?,Dideklarasikan variabel surfaceArea. Manakah penulisan yang menggunakan variabel yang sama?,VA-11,surfaceArea,Kunci: C,W04,256,141,TRUE,ready,MP,LMS,LMS-MP-W04-VA-11-Q2,VA-11,,Uji pemahaman tentang Huruf besar dan kecil pada nama variabel dianggap sama. Dideklarasikan variabel surfaceArea.,Assess understanding of Uppercase and lowercase variable names are assumed to be identical. Dideklarasikan variabel surfaceArea.,"[{""type"": ""text"", ""content"": ""Dideklarasikan variabel surfaceArea. Manakah penulisan yang menggunakan variabel yang sama?""}]","[{""type"": ""text"", ""content"": ""Dideklarasikan variabel surfaceArea. Manakah penulisan yang menggunakan variabel yang sama?""}]",[],[],2,VA-11,,,,,none,,"[{""answer_id"": ""A457"", ""label"": ""A"", ""text"": ""surfacearea"", ""is_correct"": false, ""misconceptions"": [""VA-11""]}, {""answer_id"": ""A458"", ""label"": ""B"", ""text"": ""SurfaceArea"", ""is_correct"": false, ""misconceptions"": [""VA-11""]}, {""answer_id"": ""A459"", ""label"": ""C"", ""text"": ""surfaceArea"", ""is_correct"": true, ""misconceptions"": []}, {""answer_id"": ""A460"", ""label"": ""D"", ""text"": ""SURFACEAREA"", ""is_correct"": false, ""misconceptions"": [""VA-11""]}]",C,FALSE,,MP-VA-11-2
Q142,Urutan eksekusi dianggap dapat berubah: Kasus 1,Execution order is assumed to be changeable: Case 1,"Perhatikan pseudocode berikut.
  
  x <- 3.14
  output(x)
  x <- 3.00
  
  Apa yang ditampilkan oleh output(x)?","Perhatikan pseudocode berikut.
  
  x <- 3.14
  output(x)
  x <- 3.00
  
  Apa yang ditampilkan oleh output(x)?",SQ-01,3.14,Kunci: B,W04,257,142,TRUE,ready,MP,LMS,LMS-MP-W04-SQ-01-Q1,SQ-01,,Uji pemahaman tentang Urutan eksekusi dianggap dapat berubah. Perhatikan pseudocode berikut. Apa yang ditampilkan oleh output(x)?,Assess understanding of Execution order is assumed to be changeable. Perhatikan pseudocode berikut. Apa yang ditampilkan oleh output(x)?,"[{""type"": ""text"", ""content"": ""Perhatikan pseudocode berikut.""}, {""type"": ""code"", ""content"": ""x <- 3.14\noutput(x)\nx <- 3.00""}, {""type"": ""text"", ""content"": ""Apa yang ditampilkan oleh output(x)?""}]","[{""type"": ""text"", ""content"": ""Perhatikan pseudocode berikut.""}, {""type"": ""code"", ""content"": ""x <- 3.14\n output(x)\n x <- 3.00""}, {""type"": ""text"", ""content"": ""Apa yang ditampilkan oleh output(x)?""}]",[],[],1,SQ-01,,,,,none,,"[{""answer_id"": ""A461"", ""label"": ""A"", ""text"": ""3.00"", ""is_correct"": false, ""misconceptions"": [""SQ-01""]}, {""answer_id"": ""A462"", ""label"": ""B"", ""text"": ""3.14"", ""is_correct"": true, ""misconceptions"": []}, {""answer_id"": ""A463"", ""label"": ""C"", ""text"": ""Kedua nilai"", ""is_correct"": false, ""misconceptions"": []}, {""answer_id"": ""A464"", ""label"": ""D"", ""text"": ""Tidak ada keluaran"", ""is_correct"": false, ""misconceptions"": []}]",B,FALSE,,MP-SQ-01-1
Q143,Urutan eksekusi dianggap dapat berubah: Kasus 2,Execution order is assumed to be changeable: Case 2,"Perhatikan pseudocode berikut.
  
  fits <- false
  output(fits)
  fits <- true
  
  Apa keluarannya?","Perhatikan pseudocode berikut.
  
  fits <- false
  output(fits)
  fits <- true
  
  Apa keluarannya?",SQ-01,false,Kunci: B,W04,258,143,TRUE,ready,MP,LMS,LMS-MP-W04-SQ-01-Q2,SQ-01,,Uji pemahaman tentang Urutan eksekusi dianggap dapat berubah. Perhatikan pseudocode berikut. Apa keluarannya?,Assess understanding of Execution order is assumed to be changeable. Perhatikan pseudocode berikut. Apa keluarannya?,"[{""type"": ""text"", ""content"": ""Perhatikan pseudocode berikut.""}, {""type"": ""code"", ""content"": ""fits <- false\n output(fits)\n fits <- true""}, {""type"": ""text"", ""content"": ""Apa keluarannya?""}]","[{""type"": ""text"", ""content"": ""Perhatikan pseudocode berikut.""}, {""type"": ""code"", ""content"": ""fits <- false\n output(fits)\n fits <- true""}, {""type"": ""text"", ""content"": ""Apa keluarannya?""}]",[],[],2,SQ-01,,,,,none,,"[{""answer_id"": ""A465"", ""label"": ""A"", ""text"": ""true"", ""is_correct"": false, ""misconceptions"": [""SQ-01""]}, {""answer_id"": ""A466"", ""label"": ""B"", ""text"": ""false"", ""is_correct"": true, ""misconceptions"": []}, {""answer_id"": ""A467"", ""label"": ""C"", ""text"": ""false true"", ""is_correct"": false, ""misconceptions"": []}, {""answer_id"": ""A468"", ""label"": ""D"", ""text"": ""Tidak dapat ditentukan"", ""is_correct"": false, ""misconceptions"": []}]",B,FALSE,,MP-SQ-01-2
Q144,Assignment dan perbandingan kesetaraan tertukar: Kasus 1,Assignment and equality comparison are confused: Case 1,"Perhatikan instruksi berikut.
  
  fits <- (6 * ballVolume <= pi * boxVolume)
  
  Pernyataan yang benar adalah:","Perhatikan instruksi berikut.
  
  fits <- (6 * ballVolume <= pi * boxVolume)
  
  Pernyataan yang benar adalah:",OP-01,"<- menyimpan hasil Boolean ke fits, sedangkan <= membandingkan dua nilai.",Kunci: A,W04,259,144,TRUE,ready,MP,LMS,LMS-MP-W04-OP-01-Q1,OP-01,,Uji pemahaman tentang Assignment dan perbandingan kesetaraan tertukar. Perhatikan instruksi berikut. Pernyataan yang benar adalah:,Assess understanding of Assignment and equality comparison are confused. Perhatikan instruksi berikut. Pernyataan yang benar adalah:,"[{""type"": ""text"", ""content"": ""Perhatikan instruksi berikut.""}, {""type"": ""code"", ""content"": ""fits <- (6 * ballVolume <= pi * boxVolume)""}, {""type"": ""text"", ""content"": ""Pernyataan yang benar adalah:""}]","[{""type"": ""text"", ""content"": ""Perhatikan instruksi berikut.""}, {""type"": ""code"", ""content"": ""fits <- (6 * ballVolume <= pi * boxVolume)""}, {""type"": ""text"", ""content"": ""Pernyataan yang benar adalah:""}]",[],[],1,OP-01,,,,,none,,"[{""answer_id"": ""A469"", ""label"": ""A"", ""text"": ""<- menyimpan hasil Boolean ke fits, sedangkan <= membandingkan dua nilai."", ""is_correct"": true, ""misconceptions"": []}, {""answer_id"": ""A470"", ""label"": ""B"", ""text"": ""<- membandingkan fits dengan hasil ekspresi."", ""is_correct"": false, ""misconceptions"": [""OP-01""]}, {""answer_id"": ""A471"", ""label"": ""C"", ""text"": ""<= memberikan nilai kepada fits."", ""is_correct"": false, ""misconceptions"": [""OP-01""]}, {""answer_id"": ""A472"", ""label"": ""D"", ""text"": ""Kedua operator memiliki fungsi yang sama."", ""is_correct"": false, ""misconceptions"": [""OP-01""]}]",A,FALSE,,MP-OP-01-1
Q145,Assignment dan perbandingan kesetaraan tertukar: Kasus 2,Assignment and equality comparison are confused: Case 2,Manakah ekspresi yang memeriksa apakah diameter sama dengan side?,Manakah ekspresi yang memeriksa apakah diameter sama dengan side?,OP-01,diameter == side,Kunci: B,W04,260,145,TRUE,ready,MP,LMS,LMS-MP-W04-OP-01-Q2,OP-01,,Uji pemahaman tentang Assignment dan perbandingan kesetaraan tertukar. Manakah ekspresi yang memeriksa apakah diameter sama dengan side?,Assess understanding of Assignment and equality comparison are confused. Manakah ekspresi yang memeriksa apakah diameter sama dengan side?,"[{""type"": ""text"", ""content"": ""Manakah ekspresi yang memeriksa apakah diameter sama dengan side?""}]","[{""type"": ""text"", ""content"": ""Manakah ekspresi yang memeriksa apakah diameter sama dengan side?""}]",[],[],2,OP-01,,,,,none,,"[{""answer_id"": ""A473"", ""label"": ""A"", ""text"": ""diameter = side"", ""is_correct"": false, ""misconceptions"": [""OP-01""]}, {""answer_id"": ""A474"", ""label"": ""B"", ""text"": ""diameter == side"", ""is_correct"": true, ""misconceptions"": []}, {""answer_id"": ""A475"", ""label"": ""C"", ""text"": ""diameter <- side"", ""is_correct"": false, ""misconceptions"": [""OP-01""]}, {""answer_id"": ""A476"", ""label"": ""D"", ""text"": ""diameter : side"", ""is_correct"": false, ""misconceptions"": []}]",B,FALSE,,MP-OP-01-2
Q146,Titik dua dianggap sebagai operator assignment: Kasus 1,A colon is assumed to be an assignment operator: Case 1,"Perhatikan potongan berikut.
  
  kamus
  pi : real
  algoritma
  pi : 3.14
  
  Apa masalah pada baris pi : 3.14?","Perhatikan potongan berikut.
  
  kamus
  pi : real
  algoritma
  pi : 3.14
  
  Apa masalah pada baris pi : 3.14?",OP-02,"Tanda : digunakan dalam deklarasi tipe, bukan untuk assignment nilai.",Kunci: B,W04,261,146,TRUE,ready,MP,LMS,LMS-MP-W04-OP-02-Q1,OP-02,,Uji pemahaman tentang Titik dua dianggap sebagai operator assignment. Perhatikan potongan berikut. pi : 3.14 Apa masalah pada baris pi : 3.14?,Assess understanding of A colon is assumed to be an assignment operator. Perhatikan potongan berikut. pi : 3.14 Apa masalah pada baris pi : 3.14?,"[{""type"": ""text"", ""content"": ""Perhatikan potongan berikut.""}, {""type"": ""code"", ""content"": ""kamus\n pi : real\n algoritma""}, {""type"": ""text"", ""content"": ""pi : 3.14\n\n Apa masalah pada baris pi : 3.14?""}]","[{""type"": ""text"", ""content"": ""Perhatikan potongan berikut.""}, {""type"": ""code"", ""content"": ""kamus\n pi : real\n algoritma""}, {""type"": ""text"", ""content"": ""pi : 3.14\n\n Apa masalah pada baris pi : 3.14?""}]",[],[],1,OP-02,,,,,none,,"[{""answer_id"": ""A477"", ""label"": ""A"", ""text"": ""Baris tersebut merupakan assignment yang valid."", ""is_correct"": false, ""misconceptions"": [""OP-02""]}, {""answer_id"": ""A478"", ""label"": ""B"", ""text"": ""Tanda : digunakan dalam deklarasi tipe, bukan untuk assignment nilai."", ""is_correct"": true, ""misconceptions"": []}, {""answer_id"": ""A479"", ""label"": ""C"", ""text"": ""Baris tersebut mengubah pi menjadi constant."", ""is_correct"": false, ""misconceptions"": []}, {""answer_id"": ""A480"", ""label"": ""D"", ""text"": ""Baris tersebut sama dengan input(pi)."", ""is_correct"": false, ""misconceptions"": []}]",B,FALSE,,MP-OP-02-1
Q147,Titik dua dianggap sebagai operator assignment: Kasus 2,A colon is assumed to be an assignment operator: Case 2,Manakah instruksi yang memberikan hasil perhitungan ke variabel area?,Manakah instruksi yang memberikan hasil perhitungan ke variabel area?,OP-02,area <- pi * radius * radius,Kunci: B,W04,262,147,TRUE,ready,MP,LMS,LMS-MP-W04-OP-02-Q2,OP-02,,Uji pemahaman tentang Titik dua dianggap sebagai operator assignment. Manakah instruksi yang memberikan hasil perhitungan ke variabel area?,Assess understanding of A colon is assumed to be an assignment operator. Manakah instruksi yang memberikan hasil perhitungan ke variabel area?,"[{""type"": ""text"", ""content"": ""Manakah instruksi yang memberikan hasil perhitungan ke variabel area?""}]","[{""type"": ""text"", ""content"": ""Manakah instruksi yang memberikan hasil perhitungan ke variabel area?""}]",[],[],2,OP-02,,,,,none,,"[{""answer_id"": ""A481"", ""label"": ""A"", ""text"": ""area : pi * radius * radius"", ""is_correct"": false, ""misconceptions"": [""OP-02""]}, {""answer_id"": ""A482"", ""label"": ""B"", ""text"": ""area <- pi * radius * radius"", ""is_correct"": true, ""misconceptions"": []}, {""answer_id"": ""A483"", ""label"": ""C"", ""text"": ""area real pi * radius * radius"", ""is_correct"": false, ""misconceptions"": []}, {""answer_id"": ""A484"", ""label"": ""D"", ""text"": ""real : area"", ""is_correct"": false, ""misconceptions"": []}]",B,FALSE,,MP-OP-02-2
Q148,Ekspresi Boolean dianggap harus dibandingkan dengan True atau False: Kasus 1,A Boolean expression is assumed to require comparison with True or False: Case 1,"Diketahui ekspresi berikut:
  6 * ballVolume <= pi * boxVolume
  Ekspresi tersebut digunakan untuk menentukan apakah sebuah bola dapat masuk ke dalam kotak. Pernyataan manakah yang benar?","Diketahui ekspresi berikut:
  6 * ballVolume <= pi * boxVolume
  Ekspresi tersebut digunakan untuk menentukan apakah sebuah bola dapat masuk ke dalam kotak. Pernyataan manakah yang benar?",EX-01,Ekspresi tersebut menghasilkan nilai Boolean dan dapat langsung digunakan pada output.,Kunci: A,W04,263,148,TRUE,ready,MP,LMS,LMS-MP-W04-EX-01-Q1,EX-01,,Uji pemahaman tentang Ekspresi Boolean dianggap harus dibandingkan dengan True atau False. Diketahui ekspresi berikut: 6 * ballVolume <= pi * boxVolume Ekspresi tersebut digunakan untuk menentukan apakah sebuah bola dapa…,Assess understanding of A Boolean expression is assumed to require comparison with True or False. Diketahui ekspresi berikut: 6 * ballVolume <= pi * boxVolume Ekspresi tersebut digunakan untuk menentukan apakah sebuah bola dapa…,"[{""type"": ""text"", ""content"": ""Diketahui ekspresi berikut:\n6 * ballVolume <= pi * boxVolume\nEkspresi tersebut digunakan untuk menentukan apakah sebuah bola dapat masuk ke dalam kotak. Pernyataan manakah yang benar?""}]","[{""type"": ""text"", ""content"": ""Diketahui ekspresi berikut:\n 6 * ballVolume <= pi * boxVolume\n Ekspresi tersebut digunakan untuk menentukan apakah sebuah bola dapat masuk ke dalam kotak. Pernyataan manakah yang benar?""}]",[],[],1,EX-01,,,,,none,,"[{""answer_id"": ""A485"", ""label"": ""A"", ""text"": ""Ekspresi tersebut menghasilkan nilai Boolean dan dapat langsung digunakan pada output."", ""is_correct"": true, ""misconceptions"": []}, {""answer_id"": ""A486"", ""label"": ""B"", ""text"": ""Ekspresi tersebut harus dibandingkan lagi dengan true agar menghasilkan nilai Boolean."", ""is_correct"": false, ""misconceptions"": [""EX-01""]}, {""answer_id"": ""A487"", ""label"": ""C"", ""text"": ""Ekspresi tersebut tidak dapat disimpan dalam variabel bertipe Boolean."", ""is_correct"": false, ""misconceptions"": [""EX-01""]}, {""answer_id"": ""A488"", ""label"": ""D"", ""text"": ""Ekspresi tersebut harus diubah menjadi string sebelum dapat ditampilkan."", ""is_correct"": false, ""misconceptions"": [""EX-01""]}]",A,FALSE,,MP-EX-01-1
Q149,Ekspresi Boolean dianggap harus dibandingkan dengan True atau False: Kasus 2,A Boolean expression is assumed to require comparison with True or False: Case 2,"Perhatikan pseudocode berikut.
  
  kamus
  constant pi : real = 3.14
  ballVolume, boxVolume : real
  fits : boolean
  algoritma
  input(ballVolume, boxVolume)
  fits <- 6 * ballVolume <= pi * boxVolume
  
  Pernyataan manakah yang benar mengenai assignment tersebut?","Perhatikan pseudocode berikut.
  
  kamus
  constant pi : real = 3.14
  ballVolume, boxVolume : real
  fits : boolean
  algoritma
  input(ballVolume, boxVolume)
  fits <- 6 * ballVolume <= pi * boxVolume
  
  Pernyataan manakah yang benar mengenai assignment tersebut?",EX-01,"Valid, karena hasil operator <= bertipe Boolean dan dapat langsung disimpan dalam fits.",Kunci: A,W04,264,149,TRUE,ready,MP,LMS,LMS-MP-W04-EX-01-Q2,EX-01,,"Uji pemahaman tentang Ekspresi Boolean dianggap harus dibandingkan dengan True atau False. Perhatikan pseudocode berikut. ballVolume, boxVolume : real Pernyataan manakah yang benar mengenai assignment tersebut?","Assess understanding of A Boolean expression is assumed to require comparison with True or False. Perhatikan pseudocode berikut. ballVolume, boxVolume : real Pernyataan manakah yang benar mengenai assignment tersebut?","[{""type"": ""text"", ""content"": ""Perhatikan pseudocode berikut.""}, {""type"": ""code"", ""content"": ""kamus\n constant pi : real = 3.14""}, {""type"": ""text"", ""content"": ""ballVolume, boxVolume : real""}, {""type"": ""code"", ""content"": ""fits : boolean\nalgoritma\n input(ballVolume, boxVolume)\n fits <- 6 * ballVolume <= pi * boxVolume""}, {""type"": ""text"", ""content"": ""Pernyataan manakah yang benar mengenai assignment tersebut?""}]","[{""type"": ""text"", ""content"": ""Perhatikan pseudocode berikut.""}, {""type"": ""code"", ""content"": ""kamus\n constant pi : real = 3.14""}, {""type"": ""text"", ""content"": ""ballVolume, boxVolume : real""}, {""type"": ""code"", ""content"": ""fits : boolean\n algoritma\n input(ballVolume, boxVolume)\n fits <- 6 * ballVolume <= pi * boxVolume""}, {""type"": ""text"", ""content"": ""Pernyataan manakah yang benar mengenai assignment tersebut?""}]",[],[],2,EX-01,,,,,none,,"[{""answer_id"": ""A489"", ""label"": ""A"", ""text"": ""Valid, karena hasil operator <= bertipe Boolean dan dapat langsung disimpan dalam fits."", ""is_correct"": true, ""misconceptions"": []}, {""answer_id"": ""A490"", ""label"": ""B"", ""text"": ""Tidak valid, karena hasil perbandingan harus dibandingkan lagi dengan true."", ""is_correct"": false, ""misconceptions"": [""EX-01""]}, {""answer_id"": ""A491"", ""label"": ""C"", ""text"": ""Tidak valid, karena variabel Boolean hanya dapat menerima literal true atau false."", ""is_correct"": false, ""misconceptions"": [""EX-01""]}, {""answer_id"": ""A492"", ""label"": ""D"", ""text"": ""Tidak valid, karena hasil perbandingan harus diubah menjadi string."", ""is_correct"": false, ""misconceptions"": [""EX-01""]}]",A,FALSE,,MP-EX-01-2
Q150,Literal atau variabel tunggal dianggap bukan ekspresi: Kasus 1,A single literal or variable is assumed not to be an expression: Case 1,Diketahui fits bertipe Boolean. Apakah output(fits) valid?,Diketahui fits bertipe Boolean. Apakah output(fits) valid?,EX-04,"Ya, satu nama variabel merupakan ekspresi yang sah.",Kunci: B,W04,265,150,TRUE,ready,MP,LMS,LMS-MP-W04-EX-04-Q1,EX-04,,Uji pemahaman tentang Literal atau variabel tunggal dianggap bukan ekspresi. Diketahui fits bertipe Boolean.,Assess understanding of A single literal or variable is assumed not to be an expression. Diketahui fits bertipe Boolean.,"[{""type"": ""text"", ""content"": ""Diketahui fits bertipe Boolean. Apakah output(fits) valid?""}]","[{""type"": ""text"", ""content"": ""Diketahui fits bertipe Boolean. Apakah output(fits) valid?""}]",[],[],1,EX-04,,,,,none,,"[{""answer_id"": ""A493"", ""label"": ""A"", ""text"": ""Tidak, karena ekspresi harus memiliki operator."", ""is_correct"": false, ""misconceptions"": [""EX-04""]}, {""answer_id"": ""A494"", ""label"": ""B"", ""text"": ""Ya, satu nama variabel merupakan ekspresi yang sah."", ""is_correct"": true, ""misconceptions"": []}, {""answer_id"": ""A495"", ""label"": ""C"", ""text"": ""Tidak, output hanya menerima bilangan."", ""is_correct"": false, ""misconceptions"": []}, {""answer_id"": ""A496"", ""label"": ""D"", ""text"": ""Ya, tetapi hanya ketika fits bernilai true."", ""is_correct"": false, ""misconceptions"": []}]",B,FALSE,,MP-EX-04-1
Q151,Literal atau variabel tunggal dianggap bukan ekspresi: Kasus 2,A single literal or variable is assumed not to be an expression: Case 2,"Diketahui fits bertipe boolean. Bagaimana status instruksi berikut?
  
  fits <- true","Diketahui fits bertipe boolean. Bagaimana status instruksi berikut?
  
  fits <- true",EX-04,Valid; literal true merupakan ekspresi Boolean yang lengkap.,Kunci: A,W04,266,151,TRUE,ready,MP,LMS,LMS-MP-W04-EX-04-Q2,EX-04,,Uji pemahaman tentang Literal atau variabel tunggal dianggap bukan ekspresi. Diketahui fits bertipe boolean.,Assess understanding of A single literal or variable is assumed not to be an expression. Diketahui fits bertipe boolean.,"[{""type"": ""text"", ""content"": ""Diketahui fits bertipe boolean. Bagaimana status instruksi berikut?""}, {""type"": ""code"", ""content"": ""fits <- true""}]","[{""type"": ""text"", ""content"": ""Diketahui fits bertipe boolean. Bagaimana status instruksi berikut?""}, {""type"": ""code"", ""content"": ""fits <- true""}]",[],[],2,EX-04,,,,,none,,"[{""answer_id"": ""A497"", ""label"": ""A"", ""text"": ""Valid; literal true merupakan ekspresi Boolean yang lengkap."", ""is_correct"": true, ""misconceptions"": []}, {""answer_id"": ""A498"", ""label"": ""B"", ""text"": ""Tidak valid karena ekspresi harus mempunyai sedikitnya dua operand."", ""is_correct"": false, ""misconceptions"": [""EX-04""]}, {""answer_id"": ""A499"", ""label"": ""C"", ""text"": ""Tidak valid karena literal harus selalu digabungkan dengan operator."", ""is_correct"": false, ""misconceptions"": [""EX-04""]}, {""answer_id"": ""A500"", ""label"": ""D"", ""text"": ""Tidak valid karena sisi kanan assignment tidak boleh hanya satu nilai."", ""is_correct"": false, ""misconceptions"": [""EX-04""]}]",A,FALSE,,MP-EX-04-2
Q152,Penjumlahan 13 sampai 1000,Penjumlahan 13 sampai 1000,"Tulislah algoritma untuk menghitung jumlah seluruh bilangan bulat dari 13 sampai 1000, inklusif. Tidak ada masukan. Keluaran berupa satu bilangan bulat yang menyatakan hasil penjumlahan tersebut.
  
  Catatan 1: Gunakan struktur perulangan for.
  Catatan 2: Tidak diperkenankan menggunakan while atau repeat-until.
  Catatan 3: Tidak diperkenankan menggunakan struktur percabangan.
  Catatan 4: Iterator for tidak boleh diubah secara manual di dalam badan perulangan.
  Catatan 5: Tidak diperkenankan menggunakan rumus langsung jumlah deret aritmetika.","Write an algorithm to calculate the sum of all integers from 13 to 1000, inclusive. There is no input. The output is an integer representing the sum.
  
  Note 1: Use a for loop.
  Note 2: Do not use while or repeat-until.
  Note 3: Do not use conditional statements.
  Note 4: Do not manually modify the for-loop iterator inside the loop body.
  Note 5: Do not use the direct arithmetic-series formula.",002,"program Sum13To1000
  kamus
  jumlah, bilangan : integer
  algoritma
  jumlah <- 0
  for bilangan <- 13 to 1000 do
  jumlah <- jumlah + bilangan
  endfor
  output(jumlah)
  endprogram","Test 1
  Input:
  (none)
  Expected:
  500422",W05-06,119,152,TRUE,ready,PS,LMS,LMS-PS-10565692,002.UAI.for penjumlahan 13-1000 (en),Easy,"Tulislah algoritma untuk menghitung jumlah seluruh bilangan bulat dari 13 sampai 1000, inklusif.","Write an algorithm to calculate the sum of all integers from 13 to 1000, inclusive.","[{""type"": ""text"", ""content"": ""Tulislah algoritma untuk menghitung jumlah seluruh bilangan bulat dari 13 sampai 1000, inklusif. Tidak ada masukan. Keluaran berupa satu bilangan bulat yang menyatakan hasil penjumlahan tersebut.\n\nCatatan 1: Gunakan struktur perulangan for.\nCatatan 2: Tidak diperkenankan menggunakan while atau repeat-until.\nCatatan 3: Tidak diperkenankan menggunakan struktur percabangan.\nCatatan 4: Iterator for tidak boleh diubah secara manual di dalam badan perulangan.\nCatatan 5: Tidak diperkenankan menggunakan rumus langsung jumlah deret aritmetika.""}]","[{""type"": ""text"", ""content"": ""Write an algorithm to calculate the sum of all integers from 13 to 1000, inclusive. There is no input. The output is an integer representing the sum.\n\nNote 1: Use a for loop.\nNote 2: Do not use while or repeat-until.\nNote 3: Do not use conditional statements.\nNote 4: Do not manually modify the for-loop iterator inside the loop body.\nNote 5: Do not use the direct arithmetic-series formula.""}]","[""(none)""]","[""500422""]",,,,,,is an integer representing the sum.,text+table,"[{""case_no"": 1, ""input"": ""(none)"", ""output"": ""500422""}]",,,TRUE,10565692,10565692
Q153,Penjumlahan Deret Ganjil,Penjumlahan Deret Ganjil,"Tulislah algoritma untuk menghitung jumlah deret bilangan ganjil 1 + 3 + 5 + 7 + 9 + ... + 999. Tidak ada masukan. Keluaran berupa satu bilangan bulat yang menyatakan hasil penjumlahan deret tersebut.
  
  Catatan 1: Gunakan struktur perulangan for.
  Catatan 2: Tidak diperkenankan menggunakan while atau repeat-until.
  Catatan 3: Tidak diperkenankan menggunakan struktur percabangan.
  Catatan 4: Iterator for tidak boleh diubah secara manual di dalam badan perulangan.
  Catatan 5: Tidak diperkenankan menggunakan rumus langsung jumlah deret.","Write an algorithm to calculate the sum of the odd-number series 1 + 3 + 5 + 7 + 9 + ... + 999. There is no input. The output is an integer representing the sum of the series.
  
  Note 1: Use a for loop.
  Note 2: Do not use while or repeat-until.
  Note 3: Do not use conditional statements.
  Note 4: Do not manually modify the for-loop iterator inside the loop body.
  Note 5: Do not use the direct series-sum formula.",004,"[RIGHT ANSWER UPDATED - for loop required]
  
  program SumOddSeries
  kamus
  jumlah, i : integer
  algoritma
  jumlah <- 0
  for i <- 1 to 500 do
  jumlah <- jumlah + (2 * i - 1)
  endfor
  output(jumlah)
  endprogram","Test 1
  Input:
  (none)
  Expected:
  250000",W05-06,120,153,TRUE,ready,PS,LMS,LMS-PS-10566131,004.UAI.for penjumlahan 1 + 3 + 5 + ... (en),Easy,Tulislah algoritma untuk menghitung jumlah deret bilangan ganjil 1 + 3 + 5 + 7 + 9 + ...,Write an algorithm to calculate the sum of the odd-number series 1 + 3 + 5 + 7 + 9 + ...,"[{""type"": ""text"", ""content"": ""Tulislah algoritma untuk menghitung jumlah deret bilangan ganjil 1 + 3 + 5 + 7 + 9 + ... + 999. Tidak ada masukan. Keluaran berupa satu bilangan bulat yang menyatakan hasil penjumlahan deret tersebut.\n\nCatatan 1: Gunakan struktur perulangan for.\nCatatan 2: Tidak diperkenankan menggunakan while atau repeat-until.\nCatatan 3: Tidak diperkenankan menggunakan struktur percabangan.\nCatatan 4: Iterator for tidak boleh diubah secara manual di dalam badan perulangan.\nCatatan 5: Tidak diperkenankan menggunakan rumus langsung jumlah deret.""}]","[{""type"": ""text"", ""content"": ""Write an algorithm to calculate the sum of the odd-number series 1 + 3 + 5 + 7 + 9 + ... + 999. There is no input. The output is an integer representing the sum of the series.\n\nNote 1: Use a for loop.\nNote 2: Do not use while or repeat-until.\nNote 3: Do not use conditional statements.\nNote 4: Do not manually modify the for-loop iterator inside the loop body.\nNote 5: Do not use the direct series-sum formula.""}]","[""(none)""]","[""250000""]",,,,,,is an integer representing the sum of the series.,text+table,"[{""case_no"": 1, ""input"": ""(none)"", ""output"": ""250000""}]",,,TRUE,10566131,10566131
Q154,Jumlah Deret Pecahan,Jumlah Deret Pecahan,"Tulislah algoritma untuk menghitung jumlah deret 4/n + 4/(n + 1) + 4/(n + 2) + ... + 4/m. Nilai n dan m merupakan bilangan bulat positif dengan n < m.
  
  Sebagai contoh, jika n = 1 dan m = 10, deret yang dihitung adalah 4/1 + 4/2 + 4/3 + 4/4 + 4/5 + 4/6 + 4/7 + 4/8 + 4/9 + 4/10.
  
  Masukan terdiri dari dua bilangan bulat n dan m. Keluaran berupa satu bilangan riil yang menyatakan hasil penjumlahan deret tersebut.
  
  Catatan 1: Gunakan struktur perulangan for.
  Catatan 2: Tidak diperkenankan menggunakan while atau repeat-until.
  Catatan 3: Tidak diperkenankan menggunakan struktur percabangan.
  Catatan 4: Iterator for tidak boleh diubah secara manual di dalam badan perulangan.
  Catatan 5: Gunakan operator / untuk melakukan pembagian riil.","Write an algorithm to calculate the sum of the series 4/n + 4/(n + 1) + 4/(n + 2) + ... + 4/m. The values of n and m are positive integers, where n < m.
  
  For example, if n = 1 and m = 10, the series is 4/1 + 4/2 + 4/3 + 4/4 + 4/5 + 4/6 + 4/7 + 4/8 + 4/9 + 4/10.
  
  The input consists of two integers n and m. The output is a real number representing the sum of the series.
  
  Note 1: Use a for loop.
  Note 2: Do not use while or repeat-until.
  Note 3: Do not use conditional statements.
  Note 4: Do not manually modify the for-loop iterator inside the loop body.
  Note 5: Use the / operator to perform real division.",013,"program SumFractionSeries
  kamus
  n, m, i : integer
  jumlah : real
  algoritma
  input(n, m)
  jumlah <- 0
  for i <- n to m do
  jumlah <- jumlah + 4.0 / i
  endfor
  output(jumlah)
  endprogram","Test 1
  Input:
  1
  5
  Expected:
  9.1333333
  
  Test 2
  Input:
  3
  7
  Expected:
  4.3714286
  
  Test 3
  Input:
  1
  100
  Expected:
  20.7495101
  
  Test 4
  Input:
  1000
  2000
  Expected:
  2.7755890",W05-06,121,154,TRUE,ready,PS,LMS,LMS-PS-10566345,013.UAI.for jumlah deret (2) (en),Easy,Tulislah algoritma untuk menghitung jumlah deret 4/n + 4/(n + 1) + 4/(n + 2) + ...,Write an algorithm to calculate the sum of the series 4/n + 4/(n + 1) + 4/(n + 2) + ...,"[{""type"": ""text"", ""content"": ""Tulislah algoritma untuk menghitung jumlah deret 4/n + 4/(n + 1) + 4/(n + 2) + ... + 4/m. Nilai n dan m merupakan bilangan bulat positif dengan n < m.\n\n Sebagai contoh, jika n = 1 dan m = 10, deret yang dihitung adalah 4/1 + 4/2 + 4/3 + 4/4 + 4/5 + 4/6 + 4/7 + 4/8 + 4/9 + 4/10.\n\n Masukan terdiri dari dua bilangan bulat n dan m. Keluaran berupa satu bilangan riil yang menyatakan hasil penjumlahan deret tersebut.\n\nCatatan 1: Gunakan struktur perulangan for.\nCatatan 2: Tidak diperkenankan menggunakan while atau repeat-until.\nCatatan 3: Tidak diperkenankan menggunakan struktur percabangan.\nCatatan 4: Iterator for tidak boleh diubah secara manual di dalam badan perulangan.\nCatatan 5: Gunakan operator / untuk melakukan pembagian riil.""}]","[{""type"": ""text"", ""content"": ""Write an algorithm to calculate the sum of the series 4/n + 4/(n + 1) + 4/(n + 2) + ... + 4/m. The values of n and m are positive integers, where n < m.""}, {""type"": ""code"", ""content"": ""For example, if n = 1 and m = 10, the series is 4/1 + 4/2 + 4/3 + 4/4 + 4/5 + 4/6 + 4/7 + 4/8 + 4/9 + 4/10.""}, {""type"": ""text"", ""content"": ""The input consists of two integers n and m. The output is a real number representing the sum of the series.\n\nNote 1: Use a for loop.\nNote 2: Do not use while or repeat-until.\nNote 3: Do not use conditional statements.\nNote 4: Do not manually modify the for-loop iterator inside the loop body.\nNote 5: Use the / operator to perform real division.""}]","[""1\n5"", ""3\n7"", ""1\n100"", ""1000\n2000""]","[""9.1333333"", ""4.3714286"", ""20.7495101"", ""2.7755890""]",,,terdiri dari dua bilangan bulat n dan m. Keluaran berupa satu bilangan riil yang menyatakan hasil penjumlahan deret tersebut.,,,is a real number representing the sum of the series.,text+table,"[{""case_no"": 1, ""input"": ""1\n5"", ""output"": ""9.1333333""}, {""case_no"": 2, ""input"": ""3\n7"", ""output"": ""4.3714286""}, {""case_no"": 3, ""input"": ""1\n100"", ""output"": ""20.7495101""}, {""case_no"": 4, ""input"": ""1000\n2000"", ""output"": ""2.7755890""}]",,,TRUE,10566345,10566345
Q155,Mencetak Barisan n sampai m,Mencetak Barisan n sampai m,"Tulislah algoritma untuk menampilkan seluruh bilangan bulat dari n sampai m secara berurutan, dengan n < m.
  
  Sebagai contoh, jika n = -4 dan m = 4, keluaran yang dihasilkan adalah -4 -3 -2 -1 0 1 2 3 4.
  
  Masukan terdiri dari dua bilangan bulat n dan m. Keluaran berupa seluruh bilangan bulat dari n sampai m, inklusif.
  
  Catatan 1: Gunakan struktur perulangan for.
  Catatan 2: Tidak diperkenankan menggunakan while atau repeat-until.
  Catatan 3: Tidak diperkenankan menggunakan struktur percabangan.
  Catatan 4: Iterator for tidak boleh diubah secara manual di dalam badan perulangan.","Write an algorithm to display all integers from n to m in order, where n < m.
  
  For example, if n = -4 and m = 4, the output is -4 -3 -2 -1 0 1 2 3 4.
  
  The input consists of two integers n and m. The output consists of all integers from n to m, inclusive.
  
  Note 1: Use a for loop.
  Note 2: Do not use while or repeat-until.
  Note 3: Do not use conditional statements.
  Note 4: Do not manually modify the for-loop iterator inside the loop body.",015,"program PrintSequence
  kamus
  n, m, i : integer
  algoritma
  input(n, m)
  for i <- n to m do
  output(i)
  endfor
  endprogram","Test 1
  Input:
  1
  10
  Expected:
  1
  2
  3
  4
  5
  6
  7
  8
  9
  10
  
  Test 2
  Input:
  1
  5
  Expected:
  1
  2
  3
  4
  5
  
  Test 3
  Input:
  -4
  8
  Expected:
  -4
  -3
  -2
  -1
  0
  1
  2
  3
  4
  5
  6
  7
  8
  
  Test 4
  Input:
  -10
  -1
  Expected:
  -10
  -9
  -8
  -7
  -6
  -5
  -4
  -3
  -2
  -1",W05-06,122,155,TRUE,ready,PS,LMS,LMS-PS-10566348,"015.UAI.while cetak barisan (en)
  
  ubah ke
  015.UAI.for cetak barisan (en)",Easy,"Tulislah algoritma untuk menampilkan seluruh bilangan bulat dari n sampai m secara berurutan, dengan n < m.","Write an algorithm to display all integers from n to m in order, where n < m.","[{""type"": ""text"", ""content"": ""Tulislah algoritma untuk menampilkan seluruh bilangan bulat dari n sampai m secara berurutan, dengan n < m.\n\n Sebagai contoh, jika n = -4 dan m = 4, keluaran yang dihasilkan adalah -4 -3 -2 -1 0 1 2 3 4.\n\n Masukan terdiri dari dua bilangan bulat n dan m. Keluaran berupa seluruh bilangan bulat dari n sampai m, inklusif.\n\nCatatan 1: Gunakan struktur perulangan for.\nCatatan 2: Tidak diperkenankan menggunakan while atau repeat-until.\nCatatan 3: Tidak diperkenankan menggunakan struktur percabangan.\nCatatan 4: Iterator for tidak boleh diubah secara manual di dalam badan perulangan.""}]","[{""type"": ""text"", ""content"": ""Write an algorithm to display all integers from n to m in order, where n < m.""}, {""type"": ""code"", ""content"": ""For example, if n = -4 and m = 4, the output is -4 -3 -2 -1 0 1 2 3 4.""}, {""type"": ""text"", ""content"": ""The input consists of two integers n and m. The output consists of all integers from n to m, inclusive.\n\nNote 1: Use a for loop.\nNote 2: Do not use while or repeat-until.\nNote 3: Do not use conditional statements.\nNote 4: Do not manually modify the for-loop iterator inside the loop body.""}]","[""1\n10"", ""1\n5"", ""-4\n8"", ""-10\n-1""]","[""1\n2\n3\n4\n5\n6\n7\n8\n9\n10"", ""1\n2\n3\n4\n5"", ""-4\n-3\n-2\n-1\n0\n1\n2\n3\n4\n5\n6\n7\n8"", ""-10\n-9\n-8\n-7\n-6\n-5\n-4\n-3\n-2\n-1""]",,,"terdiri dari dua bilangan bulat n dan m. Keluaran berupa seluruh bilangan bulat dari n sampai m, inklusif.",,,"display all integers from n to m in order, where n < m.",text+table,"[{""case_no"": 1, ""input"": ""1\n10"", ""output"": ""1\n2\n3\n4\n5\n6\n7\n8\n9\n10""}, {""case_no"": 2, ""input"": ""1\n5"", ""output"": ""1\n2\n3\n4\n5""}, {""case_no"": 3, ""input"": ""-4\n8"", ""output"": ""-4\n-3\n-2\n-1\n0\n1\n2\n3\n4\n5\n6\n7\n8""}, {""case_no"": 4, ""input"": ""-10\n-1"", ""output"": ""-10\n-9\n-8\n-7\n-6\n-5\n-4\n-3\n-2\n-1""}]",,,FALSE,10566348,10566348
Q156,Sandi Digit Pertama dan Terakhir,Sandi Digit Pertama dan Terakhir,"Seorang mahasiswa Informatika melamar pekerjaan sebagai pemecah sandi rahasia. Salah satu pertanyaan dalam wawancara adalah menentukan sandi dari sebuah bilangan. Sandi tersebut merupakan hasil penjumlahan digit pertama dan digit terakhir dari bilangan yang diberikan.
  
  Sebagai contoh, jika bilangannya adalah 2345, digit pertamanya adalah 2 dan digit terakhirnya adalah 5, sehingga sandinya adalah 7.
  
  Masukan terdiri dari sebuah bilangan bulat positif n dan sebuah bilangan bulat positif d yang menyatakan banyak digit pada n. Keluaran berupa satu bilangan bulat yang menyatakan hasil penjumlahan digit pertama dan digit terakhir dari n.
  
  Catatan 1: Gunakan struktur perulangan for.
  Catatan 2: Tidak diperkenankan menggunakan while atau repeat-until.
  Catatan 3: Tidak diperkenankan menggunakan struktur percabangan.
  Catatan 4: Iterator for tidak boleh diubah secara manual di dalam badan perulangan.
  Catatan 5: Gunakan nilai d untuk menentukan banyaknya pengulangan.
  
  An Informatics student applies for a position as a secret code breaker. One of the interview questions asks the student to determine the secret code of a given number. The secret code is the sum of the first digit and the last digit of the given number.
  
  For example, if the number is 2345, the first digit is 2 and the last digit is 5, so the secret code is 7.","The input consists of a positive integer n and another positive integer d representing the number of digits in n. The output is an integer representing the sum of the first digit and the last digit of n.
  
  Note 1: Use a for loop.
  Note 2: Do not use while or repeat-until.
  Note 3: Do not use conditional statements.
  Note 4: Do not manually modify the for-loop iterator inside the loop body.
  Note 5: Use d to determine the number of iterations.",017,"program SecretDigits
  kamus
  n, d, digitTerakhir, i : integer
  algoritma
  input(n, d)
  digitTerakhir <- n mod 10
  for i <- 2 to d do
  n <- n div 10
  endfor
  output(n + digitTerakhir)
  endprogram","Test 1
  Input:
  1234 4
  Expected:
  5
  
  Test 2
  Input:
  1357902345 10
  Expected:
  6
  
  Test 3
  Input:
  33 2
  Expected:
  6
  
  Test 4
  Input:
  3331111122222 13
  Expected:
  5",W05-06,123,156,TRUE,ready,PS,LMS,LMS-PS-10566349,017.UAI sandi (1) (en),Easy,Seorang mahasiswa Informatika melamar pekerjaan sebagai pemecah sandi rahasia.,The input consists of a positive integer n and another positive integer d representing the number of digits in n.,"[{""type"": ""text"", ""content"": ""Seorang mahasiswa Informatika melamar pekerjaan sebagai pemecah sandi rahasia. Salah satu pertanyaan dalam wawancara adalah menentukan sandi dari sebuah bilangan. Sandi tersebut merupakan hasil penjumlahan digit pertama dan digit terakhir dari bilangan yang diberikan.\n\n Sebagai contoh, jika bilangannya adalah 2345, digit pertamanya adalah 2 dan digit terakhirnya adalah 5, sehingga sandinya adalah 7.\n\n Masukan terdiri dari sebuah bilangan bulat positif n dan sebuah bilangan bulat positif d yang menyatakan banyak digit pada n. Keluaran berupa satu bilangan bulat yang menyatakan hasil penjumlahan digit pertama dan digit terakhir dari n.\n\nCatatan 1: Gunakan struktur perulangan for.\nCatatan 2: Tidak diperkenankan menggunakan while atau repeat-until.\nCatatan 3: Tidak diperkenankan menggunakan struktur percabangan.\nCatatan 4: Iterator for tidak boleh diubah secara manual di dalam badan perulangan.\nCatatan 5: Gunakan nilai d untuk menentukan banyaknya pengulangan.\n\n An Informatics student applies for a position as a secret code breaker. One of the interview questions asks the student to determine the secret code of a given number. The secret code is the sum of the first digit and the last digit of the given number.""}, {""type"": ""code"", ""content"": ""For example, if the number is 2345, the first digit is 2 and the last digit is 5, so the secret code is 7.""}]","[{""type"": ""text"", ""content"": ""The input consists of a positive integer n and another positive integer d representing the number of digits in n. The output is an integer representing the sum of the first digit and the last digit of n.\n\nNote 1: Use a for loop.\nNote 2: Do not use while or repeat-until.\nNote 3: Do not use conditional statements.\nNote 4: Do not manually modify the for-loop iterator inside the loop body.\nNote 5: Use d to determine the number of iterations.""}]","[""1234 4"", ""1357902345 10"", ""33 2"", ""3331111122222 13""]","[""5"", ""6"", ""6"", ""5""]",,,terdiri dari sebuah bilangan bulat positif n dan sebuah bilangan bulat positif d yang menyatakan banyak digit pada n. Keluaran berupa satu bilangan bulat yang menyatakan hasil penjumlahan digit pertama dan digit terakhir dari n.,,,is an integer representing the sum of the first digit and the last digit of n.,text+table,"[{""case_no"": 1, ""input"": ""1234 4"", ""output"": ""5""}, {""case_no"": 2, ""input"": ""1357902345 10"", ""output"": ""6""}, {""case_no"": 3, ""input"": ""33 2"", ""output"": ""6""}, {""case_no"": 4, ""input"": ""3331111122222 13"", ""output"": ""5""}]",,,FALSE,10566349,10566349
Q157,Pembagian Keuntungan Software House,Pembagian Keuntungan Software House,"Tiga programmer mendirikan sebuah software house. Mereka sepakat untuk membagi keuntungan dari setiap proyek secara merata kepada ketiga programmer. Sisa keuntungan yang tidak dapat dibagi rata dimasukkan sebagai tambahan aset perusahaan.
  
  Sebagai contoh, terdapat tiga proyek dengan keuntungan masing-masing 315, 211, dan 122. Pendapatan setiap programmer adalah 105 + 70 + 40 = 215, sedangkan tambahan aset perusahaan adalah 0 + 1 + 2 = 3.
  
  Masukan terdiri dari sebuah bilangan bulat nonnegatif n yang menyatakan jumlah proyek perangkat lunak, diikuti oleh n bilangan bulat yang masing-masing menyatakan keuntungan dari setiap proyek.
  Keluaran terdiri dari dua bilangan bulat yang menyatakan total pendapatan setiap programmer dan total tambahan aset perusahaan.
  
  Catatan 1: Gunakan struktur perulangan for untuk memproses keuntungan dari n proyek.
  Catatan 2: Tidak diperkenankan menggunakan while atau repeat-until.
  Catatan 3: Tidak diperkenankan menggunakan struktur percabangan.
  Catatan 4: Iterator for tidak boleh diubah secara manual di dalam badan perulangan.
  Catatan 5: Gunakan operator div untuk menghitung bagian keuntungan setiap programmer dan operator mod untuk menghitung tambahan aset perusahaan.
  
  Three programmers set up a new software house. They agree to divide the profit from each project equally among the three programmers. Any remaining profit that cannot be divided equally is added to the company assets.
  
  For example, there are three projects with profits of 315, 211, and 122. The total earning of each programmer is 105 + 70 + 40 = 215, while the total additional company assets are 0 + 1 + 2 = 3.","The input consists of a nonnegative integer n representing the number of software projects, followed by n integers representing the profit from each project.
  The output consists of two integers representing the total earning of each programmer and the total additional company assets.
  
  Note 1: Use a for loop to process the profits from n projects.
  Note 2: Do not use while or repeat-until.
  Note 3: Do not use conditional statements.
  Note 4: Do not manually modify the for-loop iterator inside the loop body.
  Note 5: Use the div operator to calculate each programmer's share and the mod operator to calculate the additional company assets.",025,"[RIGHT ANSWER UPDATED - for loop and output format aligned]
  
  program SoftwareHouse
  kamus
  i, n, profit, totalAset, pendapatanProgrammer : integer
  algoritma
  input(n)
  totalAset <- 0
  pendapatanProgrammer <- 0
  for i <- 1 to n do
  input(profit)
  pendapatanProgrammer <- pendapatanProgrammer + profit div 3
  totalAset <- totalAset + profit mod 3
  endfor
  output(pendapatanProgrammer)
  output(totalAset)
  endprogram","Test 1
  Input:
  3
  315
  211
  122
  Expected:
  215
  3
  
  Test 2
  Input:
  2
  100
  200
  Expected:
  99
  3
  
  Test 3
  Input:
  1
  450
  Expected:
  150
  0
  
  Test 4
  Input:
  0
  Expected:
  0
  0
  
  Test 5
  Input:
  5
  11
  22
  33
  44
  55
  Expected:
  53
  6",W05-06,124,157,TRUE,ready,PS,LMS,LMS-PS-10595970,025.UAI software house (en),Easy,Tiga programmer mendirikan sebuah software house.,"The input consists of a nonnegative integer n representing the number of software projects, followed by n integers representing the profit from each project.","[{""type"": ""text"", ""content"": ""Tiga programmer mendirikan sebuah software house. Mereka sepakat untuk membagi keuntungan dari setiap proyek secara merata kepada ketiga programmer. Sisa keuntungan yang tidak dapat dibagi rata dimasukkan sebagai tambahan aset perusahaan.\n\nSebagai contoh, terdapat tiga proyek dengan keuntungan masing-masing 315, 211, dan 122. Pendapatan setiap programmer adalah 105 + 70 + 40 = 215, sedangkan tambahan aset perusahaan adalah 0 + 1 + 2 = 3.\n\nMasukan terdiri dari sebuah bilangan bulat nonnegatif n yang menyatakan jumlah proyek perangkat lunak, diikuti oleh n bilangan bulat yang masing-masing menyatakan keuntungan dari setiap proyek.\nKeluaran terdiri dari dua bilangan bulat yang menyatakan total pendapatan setiap programmer dan total tambahan aset perusahaan.\n\nCatatan 1: Gunakan struktur perulangan for untuk memproses keuntungan dari n proyek.\nCatatan 2: Tidak diperkenankan menggunakan while atau repeat-until.\nCatatan 3: Tidak diperkenankan menggunakan struktur percabangan.\nCatatan 4: Iterator for tidak boleh diubah secara manual di dalam badan perulangan.\nCatatan 5: Gunakan operator div untuk menghitung bagian keuntungan setiap programmer dan operator mod untuk menghitung tambahan aset perusahaan.\n\nThree programmers set up a new software house. They agree to divide the profit from each project equally among the three programmers. Any remaining profit that cannot be divided equally is added to the company assets.""}, {""type"": ""code"", ""content"": ""For example, there are three projects with profits of 315, 211, and 122. The total earning of each programmer is 105 + 70 + 40 = 215, while the total additional company assets are 0 + 1 + 2 = 3.""}]","[{""type"": ""text"", ""content"": ""The input consists of a nonnegative integer n representing the number of software projects, followed by n integers representing the profit from each project.\nThe output consists of two integers representing the total earning of each programmer and the total additional company assets.\n\nNote 1: Use a for loop to process the profits from n projects.\nNote 2: Do not use while or repeat-until.\nNote 3: Do not use conditional statements.\nNote 4: Do not manually modify the for-loop iterator inside the loop body.\nNote 5: Use the div operator to calculate each programmer's share and the mod operator to calculate the additional company assets.""}]","[""3\n315\n211\n122"", ""2\n100\n200"", ""1\n450"", ""0"", ""5\n11\n22\n33\n44\n55""]","[""215\n3"", ""99\n3"", ""150\n0"", ""0\n0"", ""53\n6""]",,,"terdiri dari sebuah bilangan bulat nonnegatif n yang menyatakan jumlah proyek perangkat lunak, diikuti oleh n bilangan bulat yang masing-masing menyatakan keuntungan dari setiap proyek.",,terdiri dari dua bilangan bulat yang menyatakan total pendapatan setiap programmer dan total tambahan aset perusahaan.,consists of two integers representing the total earning of each programmer and the total additional company assets.,text+table,"[{""case_no"": 1, ""input"": ""3\n315\n211\n122"", ""output"": ""215\n3""}, {""case_no"": 2, ""input"": ""2\n100\n200"", ""output"": ""99\n3""}, {""case_no"": 3, ""input"": ""1\n450"", ""output"": ""150\n0""}, {""case_no"": 4, ""input"": ""0"", ""output"": ""0\n0""}, {""case_no"": 5, ""input"": ""5\n11\n22\n33\n44\n55"", ""output"": ""53\n6""}]",,,TRUE,10595970,10595970
Q158,Total dan Rata-rata Waktu Berkuda,Total dan Rata-rata Waktu Berkuda,"Seorang adik sedang berlatih berkuda. Pada setiap latihan, dicatat waktu yang dibutuhkan untuk menyelesaikan satu putaran penuh dalam satuan detik. Tulislah algoritma untuk menghitung total waktu berkuda dan rata-rata waktu berkuda dari seluruh latihan.
  
  Masukan terdiri dari beberapa baris bilangan bulat positif. Baris pertama berisi bilangan bulat positif n yang menyatakan banyak latihan. Sebanyak n baris berikutnya masing-masing berisi waktu yang dibutuhkan untuk menyelesaikan satu putaran penuh. Keluaran berupa total waktu berkuda dan rata-rata waktu berkuda.
  
  Catatan 1: Gunakan struktur perulangan for untuk memproses tepat n waktu latihan.
  Catatan 2: Tidak diperkenankan menggunakan while atau repeat-until.
  Catatan 3: Tidak diperkenankan menggunakan struktur percabangan.
  Catatan 4: Iterator for tidak boleh diubah secara manual di dalam badan perulangan.
  
  A little brother practises horse riding. In each practice, the time he takes to complete one full circuit is recorded in seconds. Write an algorithm to compute the total riding time and the average riding time from all practices.","The input consists of several lines of positive integers. The first line contains a positive integer n representing the number of practices. Each of the next n lines contains the time taken to complete one full circuit. The output consists of the total riding time and the average riding time.
  
  Note 1: Use a for loop to process exactly n practice times.
  Note 2: Do not use while or repeat-until.
  Note 3: Do not use conditional statements.
  Note 4: Do not manually modify the for-loop iterator inside the loop body.",022,"[RIGHT ANSWER UPDATED - for loop required]
  
  program RidingTime
  kamus
  n, waktu, totalWaktu, i : integer
  rataRata : real
  algoritma
  input(n)
  totalWaktu <- 0
  for i <- 1 to n do
  input(waktu)
  totalWaktu <- totalWaktu + waktu
  endfor
  rataRata <- totalWaktu / n
  output(totalWaktu)
  output(rataRata)
  endprogram","Test 1
  Input:
  4
  20
  25
  21
  30
  Expected:
  96
  24.0000000
  
  Test 2
  Input:
  6
  23
  21
  24
  25
  23
  24
  Expected:
  140
  23.3333333
  
  Test 3
  Input:
  2
  34
  35
  Expected:
  69
  34.5000000
  
  Test 4
  Input:
  3
  25
  25
  25
  Expected:
  75
  25.0000000",W05-06,125,158,TRUE,ready,PS,LMS,LMS-PS-10566459,"022.UAI.while berkuda (en)
  
  ubah ke
  022.UAI.for berkuda (en)",Challenger,Seorang adik sedang berlatih berkuda.,The input consists of several lines of positive integers.,"[{""type"": ""text"", ""content"": ""Seorang adik sedang berlatih berkuda. Pada setiap latihan, dicatat waktu yang dibutuhkan untuk menyelesaikan satu putaran penuh dalam satuan detik. Tulislah algoritma untuk menghitung total waktu berkuda dan rata-rata waktu berkuda dari seluruh latihan.\n\n Masukan terdiri dari beberapa baris bilangan bulat positif. Baris pertama berisi bilangan bulat positif n yang menyatakan banyak latihan. Sebanyak n baris berikutnya masing-masing berisi waktu yang dibutuhkan untuk menyelesaikan satu putaran penuh. Keluaran berupa total waktu berkuda dan rata-rata waktu berkuda.\n\nCatatan 1: Gunakan struktur perulangan for untuk memproses tepat n waktu latihan.\nCatatan 2: Tidak diperkenankan menggunakan while atau repeat-until.\nCatatan 3: Tidak diperkenankan menggunakan struktur percabangan.\nCatatan 4: Iterator for tidak boleh diubah secara manual di dalam badan perulangan.\n\n A little brother practises horse riding. In each practice, the time he takes to complete one full circuit is recorded in seconds. Write an algorithm to compute the total riding time and the average riding time from all practices.""}]","[{""type"": ""text"", ""content"": ""The input consists of several lines of positive integers. The first line contains a positive integer n representing the number of practices. Each of the next n lines contains the time taken to complete one full circuit. The output consists of the total riding time and the average riding time.\n\nNote 1: Use a for loop to process exactly n practice times.\nNote 2: Do not use while or repeat-until.\nNote 3: Do not use conditional statements.\nNote 4: Do not manually modify the for-loop iterator inside the loop body.""}]","[""4\n20\n25\n21\n30"", ""6\n23\n21\n24\n25\n23\n24"", ""2\n34\n35"", ""3\n25\n25\n25""]","[""96\n24.0000000"", ""140\n23.3333333"", ""69\n34.5000000"", ""75\n25.0000000""]",,,terdiri dari beberapa baris bilangan bulat positif. Baris pertama berisi bilangan bulat positif n yang menyatakan banyak latihan. Sebanyak n baris berikutnya masing-masing berisi waktu yang dibutuhkan untuk menyelesaikan satu putaran penuh. Keluaran berupa total waktu berkuda dan rata-rata waktu berkuda.,,,consists of the total riding time and the average riding time.,text+table,"[{""case_no"": 1, ""input"": ""4\n20\n25\n21\n30"", ""output"": ""96\n24.0000000""}, {""case_no"": 2, ""input"": ""6\n23\n21\n24\n25\n23\n24"", ""output"": ""140\n23.3333333""}, {""case_no"": 3, ""input"": ""2\n34\n35"", ""output"": ""69\n34.5000000""}, {""case_no"": 4, ""input"": ""3\n25\n25\n25"", ""output"": ""75\n25.0000000""}]",,,FALSE,10566459,10566459
Q159,Rata-rata Harmonis,Rata-rata Harmonis,"Tulislah algoritma untuk menghitung rata-rata harmonis dari n bilangan positif X1, X2, X3, ..., Xn. Rata-rata harmonis diperoleh dengan membagi n dengan jumlah nilai kebalikan dari setiap bilangan.
  
  R = n / ((1/X1) + (1/X2) + (1/X3) + ... + (1/Xn))
  
  Masukan terdiri dari beberapa baris. Baris pertama berisi bilangan bulat positif n yang menyatakan banyak bilangan. Sebanyak n baris berikutnya masing-masing berisi sebuah bilangan riil positif Xi. Keluaran berupa satu bilangan riil yang menyatakan rata-rata harmonis.
  
  Catatan 1: Gunakan struktur perulangan for untuk membaca dan memproses tepat n bilangan.
  Catatan 2: Tidak diperkenankan menggunakan while atau repeat-until.
  Catatan 3: Tidak diperkenankan menggunakan struktur percabangan.
  Catatan 4: Iterator for tidak boleh diubah secara manual di dalam badan perulangan.
  Catatan 5: Gunakan operator / untuk melakukan pembagian riil.","Write an algorithm to compute the harmonic mean of n positive numbers X1, X2, X3, ..., Xn. The harmonic mean is computed by dividing n by the sum of the reciprocal of each number.
  
  R = n / ((1/X1) + (1/X2) + (1/X3) + ... + (1/Xn))
  
  The input consists of several lines. The first line contains a positive integer n representing the number of values. Each of the next n lines contains a positive real number Xi. The output is one real number representing the harmonic mean.
  
  Note 1: Use a for loop to read and process exactly n numbers.
  Note 2: Do not use while or repeat-until.
  Note 3: Do not use conditional statements.
  Note 4: Do not manually modify the for-loop iterator inside the loop body.
  Note 5: Use the / operator to perform real division.",024,"[RIGHT ANSWER UPDATED - Xi type aligned to real]
  
  program HarmonicMean
  kamus
  n, i : integer
  x, jumlahReciprocal, rataHarmonis : real
  algoritma
  input(n)
  jumlahReciprocal <- 0
  for i <- 1 to n do
  input(x)
  jumlahReciprocal <- jumlahReciprocal + 1 / x
  endfor
  rataHarmonis <- n / jumlahReciprocal
  output(rataHarmonis)
  endprogram","Test 1
  Input:
  4
  10000
  4000
  5000
  25000
  Expected:
  6779.6610169
  
  Test 2
  Input:
  6
  16
  25
  12
  91
  14
  58
  Expected:
  21.0163290
  
  Test 3
  Input:
  2
  1
  2
  Expected:
  1.3333333
  
  Test 4
  Input:
  4
  1
  2
  3
  4
  Expected:
  1.9200000
  
  Test 5
  Input:
  5
  1
  2
  3
  4
  5
  Expected:
  2.1897810
  
  Test 6
  Input:
  3
  1.5
  2.5
  5.0
  Expected:
  2.3684211",W05-06,126,159,TRUE,ready,PS,LMS,LMS-PS-10566857,024.AI.FOR.002 rata-rata harmonis (en),Challenger,"Tulislah algoritma untuk menghitung rata-rata harmonis dari n bilangan positif X1, X2, X3, ..., Xn.","Write an algorithm to compute the harmonic mean of n positive numbers X1, X2, X3, ..., Xn.","[{""type"": ""text"", ""content"": ""Tulislah algoritma untuk menghitung rata-rata harmonis dari n bilangan positif X1, X2, X3, ..., Xn. Rata-rata harmonis diperoleh dengan membagi n dengan jumlah nilai kebalikan dari setiap bilangan.""}, {""type"": ""code"", ""content"": ""R = n / ((1/X1) + (1/X2) + (1/X3) + ... + (1/Xn))""}, {""type"": ""text"", ""content"": ""Masukan terdiri dari beberapa baris. Baris pertama berisi bilangan bulat positif n yang menyatakan banyak bilangan. Sebanyak n baris berikutnya masing-masing berisi sebuah bilangan riil positif Xi. Keluaran berupa satu bilangan riil yang menyatakan rata-rata harmonis.\n\n Catatan 1: Gunakan struktur perulangan for untuk membaca dan memproses tepat n bilangan.\n Catatan 2: Tidak diperkenankan menggunakan while atau repeat-until.\n Catatan 3: Tidak diperkenankan menggunakan struktur percabangan.\n Catatan 4: Iterator for tidak boleh diubah secara manual di dalam badan perulangan.\n Catatan 5: Gunakan operator / untuk melakukan pembagian riil.""}]","[{""type"": ""text"", ""content"": ""Write an algorithm to compute the harmonic mean of n positive numbers X1, X2, X3, ..., Xn. The harmonic mean is computed by dividing n by the sum of the reciprocal of each number.""}, {""type"": ""code"", ""content"": ""R = n / ((1/X1) + (1/X2) + (1/X3) + ... + (1/Xn))""}, {""type"": ""text"", ""content"": ""The input consists of several lines. The first line contains a positive integer n representing the number of values. Each of the next n lines contains a positive real number Xi. The output is one real number representing the harmonic mean.\n\n Note 1: Use a for loop to read and process exactly n numbers.\n Note 2: Do not use while or repeat-until.\n Note 3: Do not use conditional statements.\n Note 4: Do not manually modify the for-loop iterator inside the loop body.\n Note 5: Use the / operator to perform real division.""}]","[""4\n10000\n4000\n5000\n25000"", ""6\n16\n25\n12\n91\n14\n58"", ""2\n1\n2"", ""4\n1\n2\n3\n4"", ""5\n1\n2\n3\n4\n5"", ""3\n1.5\n2.5\n5.0""]","[""6779.6610169"", ""21.0163290"", ""1.3333333"", ""1.9200000"", ""2.1897810"", ""2.3684211""]",,,terdiri dari beberapa baris. Baris pertama berisi bilangan bulat positif n yang menyatakan banyak bilangan. Sebanyak n baris berikutnya masing-masing berisi sebuah bilangan riil positif Xi. Keluaran berupa satu bilangan riil yang menyatakan rata-rata harmonis.,read and process exactly n numbers.,,is one real number representing the harmonic mean.,text+table,"[{""case_no"": 1, ""input"": ""4\n10000\n4000\n5000\n25000"", ""output"": ""6779.6610169""}, {""case_no"": 2, ""input"": ""6\n16\n25\n12\n91\n14\n58"", ""output"": ""21.0163290""}, {""case_no"": 3, ""input"": ""2\n1\n2"", ""output"": ""1.3333333""}, {""case_no"": 4, ""input"": ""4\n1\n2\n3\n4"", ""output"": ""1.9200000""}, {""case_no"": 5, ""input"": ""5\n1\n2\n3\n4\n5"", ""output"": ""2.1897810""}, {""case_no"": 6, ""input"": ""3\n1.5\n2.5\n5.0"", ""output"": ""2.3684211""}]",,,FALSE,10566857,10566857
Q160,Total Tabungan Mingguan,Total Tabungan Mingguan,"Kakak menabung di celengannya setiap hari Minggu. Setiap minggu, jumlah uang yang ditabung selalu Rp2.500 lebih banyak daripada minggu sebelumnya. Tulislah algoritma untuk menghitung total uang yang telah ditabung Kakak setelah n minggu.
  
  Masukan terdiri dari dua baris bilangan bulat. Baris pertama berisi jumlah uang yang ditabung pada minggu pertama. Baris kedua berisi bilangan bulat positif n yang menyatakan banyak minggu Kakak menabung. Keluaran berupa satu bilangan bulat yang menyatakan total tabungan Kakak setelah n minggu.
  
  Catatan 1: Gunakan struktur perulangan for untuk menghitung dan menjumlahkan tabungan dari minggu pertama sampai minggu ke-n.
  Catatan 2: Tidak diperkenankan menggunakan while atau repeat-until.
  Catatan 3: Tidak diperkenankan menggunakan struktur percabangan.
  Catatan 4: Iterator for tidak boleh diubah secara manual di dalam badan perulangan.
  Catatan 5: Tidak diperkenankan menggunakan rumus langsung jumlah deret aritmetika.
  
  Kakak saves money in his piggy bank every Sunday. Each week, he always saves 2,500 rupiahs more than in the previous week. Write an algorithm to calculate the total amount of money Kakak has saved after n weeks.","The input consists of two lines of integers. The first line contains the amount saved in the first week. The second line contains a positive integer n representing the number of weeks Kakak saves money. The output is an integer representing the total amount saved after n weeks.
  
  Note 1: Use a for loop to calculate and accumulate the savings from the first week to the n-th week.
  Note 2: Do not use while or repeat-until.
  Note 3: Do not use conditional statements.
  Note 4: Do not manually modify the for-loop iterator inside the loop body.
  Note 5: Do not use the direct arithmetic-series formula.",027,"program WeeklySaving
  kamus
  tabunganPertama, n, jumlah, i : integer
  algoritma
  input(tabunganPertama, n)
  jumlah <- 0
  for i <- 1 to n do
  jumlah <- jumlah + tabunganPertama + (i - 1) * 2500
  endfor
  output(jumlah)
  endprogram","Test 1
  Input:
  4000
  1
  Expected:
  4000
  
  Test 2
  Input:
  4000
  2
  Expected:
  10500
  
  Test 3
  Input:
  4000
  3
  Expected:
  19500
  
  Test 4
  Input:
  4000
  5
  Expected:
  45000
  
  Test 5
  Input:
  1000
  10
  Expected:
  122500
  
  Test 6
  Input:
  0
  30
  Expected:
  1087500
  
  Test 7
  Input:
  500
  30
  Expected:
  1102500",W05-06,127,160,TRUE,ready,PS,LMS,LMS-PS-10601874,027.UAI.for tabungan minggu (en),Challenger,Kakak menabung di celengannya setiap hari Minggu.,The input consists of two lines of integers.,"[{""type"": ""text"", ""content"": ""Kakak menabung di celengannya setiap hari Minggu. Setiap minggu, jumlah uang yang ditabung selalu Rp2.500 lebih banyak daripada minggu sebelumnya. Tulislah algoritma untuk menghitung total uang yang telah ditabung Kakak setelah n minggu.\n\n Masukan terdiri dari dua baris bilangan bulat. Baris pertama berisi jumlah uang yang ditabung pada minggu pertama. Baris kedua berisi bilangan bulat positif n yang menyatakan banyak minggu Kakak menabung. Keluaran berupa satu bilangan bulat yang menyatakan total tabungan Kakak setelah n minggu.\n\nCatatan 1: Gunakan struktur perulangan for untuk menghitung dan menjumlahkan tabungan dari minggu pertama sampai minggu ke-n.\nCatatan 2: Tidak diperkenankan menggunakan while atau repeat-until.\nCatatan 3: Tidak diperkenankan menggunakan struktur percabangan.\nCatatan 4: Iterator for tidak boleh diubah secara manual di dalam badan perulangan.\nCatatan 5: Tidak diperkenankan menggunakan rumus langsung jumlah deret aritmetika.\n\n Kakak saves money in his piggy bank every Sunday. Each week, he always saves 2,500 rupiahs more than in the previous week. Write an algorithm to calculate the total amount of money Kakak has saved after n weeks.""}]","[{""type"": ""text"", ""content"": ""The input consists of two lines of integers. The first line contains the amount saved in the first week. The second line contains a positive integer n representing the number of weeks Kakak saves money. The output is an integer representing the total amount saved after n weeks.\n\nNote 1: Use a for loop to calculate and accumulate the savings from the first week to the n-th week.\nNote 2: Do not use while or repeat-until.\nNote 3: Do not use conditional statements.\nNote 4: Do not manually modify the for-loop iterator inside the loop body.\nNote 5: Do not use the direct arithmetic-series formula.""}]","[""4000\n1"", ""4000\n2"", ""4000\n3"", ""4000\n5"", ""1000\n10"", ""0\n30"", ""500\n30""]","[""4000"", ""10500"", ""19500"", ""45000"", ""122500"", ""1087500"", ""1102500""]",,,terdiri dari dua baris bilangan bulat. Baris pertama berisi jumlah uang yang ditabung pada minggu pertama. Baris kedua berisi bilangan bulat positif n yang menyatakan banyak minggu Kakak menabung. Keluaran berupa satu bilangan bulat yang menyatakan total tabungan Kakak setelah n minggu.,,,is an integer representing the total amount saved after n weeks.,text+table,"[{""case_no"": 1, ""input"": ""4000\n1"", ""output"": ""4000""}, {""case_no"": 2, ""input"": ""4000\n2"", ""output"": ""10500""}, {""case_no"": 3, ""input"": ""4000\n3"", ""output"": ""19500""}, {""case_no"": 4, ""input"": ""4000\n5"", ""output"": ""45000""}, {""case_no"": 5, ""input"": ""1000\n10"", ""output"": ""122500""}, {""case_no"": 6, ""input"": ""0\n30"", ""output"": ""1087500""}, {""case_no"": 7, ""input"": ""500\n30"", ""output"": ""1102500""}]",,,TRUE,10601874,10601874
Q161,Total Pesan Grup WhatsApp,Total Pesan Grup WhatsApp,"Sebuah grup WhatsApp keluarga menerima banyak pesan teks dan pesan gambar. Tulislah algoritma untuk menghitung jumlah seluruh pesan teks dan pesan gambar yang diterima selama n hari.
  
  Masukan terdiri dari sebuah bilangan bulat nonnegatif n yang menyatakan banyak hari, diikuti oleh n baris. Setiap baris berisi dua bilangan bulat yang masing-masing menyatakan banyak pesan teks dan banyak pesan gambar yang diterima pada hari tersebut. Keluaran berupa dua bilangan bulat yang menyatakan total pesan teks, diikuti oleh total pesan gambar.
  
  Catatan 1: Gunakan struktur perulangan for untuk membaca dan memproses data selama tepat n hari.
  Catatan 2: Tidak diperkenankan menggunakan while atau repeat-until.
  Catatan 3: Tidak diperkenankan menggunakan struktur percabangan.
  Catatan 4: Iterator for tidak boleh diubah secara manual di dalam badan perulangan.
  
  A family WhatsApp group receives many text and picture messages. Write an algorithm to count the total number of text messages and picture messages received within n days.","The input consists of a nonnegative integer n representing the number of days, followed by n lines. Each line contains two integers representing the number of text messages and picture messages received on that day. The output consists of two integers representing the total number of text messages, followed by the total number of picture messages.
  
  Note 1: Use a for loop to read and process the data for exactly n days.
  Note 2: Do not use while or repeat-until.
  Note 3: Do not use conditional statements.
  Note 4: Do not manually modify the for-loop iterator inside the loop body.",028,"[RIGHT ANSWER UPDATED - for loop and output format aligned]
  
  program WhatsAppMessages
  kamus
  i, n, teks, gambar, totalTeks, totalGambar : integer
  algoritma
  input(n)
  totalTeks <- 0
  totalGambar <- 0
  for i <- 1 to n do
  input(teks, gambar)
  totalTeks <- totalTeks + teks
  totalGambar <- totalGambar + gambar
  endfor
  output(totalTeks)
  output(totalGambar)
  endprogram","Test 1
  Input:
  3
  100 25
  150 50
  213 45
  Expected:
  463
  120
  
  Test 2
  Input:
  2
  100 30
  200 19
  Expected:
  300
  49
  
  Test 3
  Input:
  1
  450 3
  Expected:
  450
  3
  
  Test 4
  Input:
  0
  Expected:
  0
  0
  
  Test 5
  Input:
  5
  11 10
  22 5
  33 6
  44 7
  55 44
  Expected:
  165
  72",W05-06,128,161,TRUE,ready,PS,LMS,LMS-PS-10601875,028.UAI grup WA (en),Challenger,Sebuah grup WhatsApp keluarga menerima banyak pesan teks dan pesan gambar.,"The input consists of a nonnegative integer n representing the number of days, followed by n lines.","[{""type"": ""text"", ""content"": ""Sebuah grup WhatsApp keluarga menerima banyak pesan teks dan pesan gambar. Tulislah algoritma untuk menghitung jumlah seluruh pesan teks dan pesan gambar yang diterima selama n hari.\n\n Masukan terdiri dari sebuah bilangan bulat nonnegatif n yang menyatakan banyak hari, diikuti oleh n baris. Setiap baris berisi dua bilangan bulat yang masing-masing menyatakan banyak pesan teks dan banyak pesan gambar yang diterima pada hari tersebut. Keluaran berupa dua bilangan bulat yang menyatakan total pesan teks, diikuti oleh total pesan gambar.\n\nCatatan 1: Gunakan struktur perulangan for untuk membaca dan memproses data selama tepat n hari.\nCatatan 2: Tidak diperkenankan menggunakan while atau repeat-until.\nCatatan 3: Tidak diperkenankan menggunakan struktur percabangan.\nCatatan 4: Iterator for tidak boleh diubah secara manual di dalam badan perulangan.\n\n A family WhatsApp group receives many text and picture messages. Write an algorithm to count the total number of text messages and picture messages received within n days.""}]","[{""type"": ""text"", ""content"": ""The input consists of a nonnegative integer n representing the number of days, followed by n lines. Each line contains two integers representing the number of text messages and picture messages received on that day. The output consists of two integers representing the total number of text messages, followed by the total number of picture messages.\n\nNote 1: Use a for loop to read and process the data for exactly n days.\nNote 2: Do not use while or repeat-until.\nNote 3: Do not use conditional statements.\nNote 4: Do not manually modify the for-loop iterator inside the loop body.""}]","[""3\n100 25\n150 50\n213 45"", ""2\n100 30\n200 19"", ""1\n450 3"", ""0"", ""5\n11 10\n22 5\n33 6\n44 7\n55 44""]","[""463\n120"", ""300\n49"", ""450\n3"", ""0\n0"", ""165\n72""]",,,"terdiri dari sebuah bilangan bulat nonnegatif n yang menyatakan banyak hari, diikuti oleh n baris. Setiap baris berisi dua bilangan bulat yang masing-masing menyatakan banyak pesan teks dan banyak pesan gambar yang diterima pada hari tersebut. Keluaran berupa dua bilangan bulat yang menyatakan total pesan teks, diikuti oleh total pesan gambar.",read and process the data for exactly n days.,,"consists of two integers representing the total number of text messages, followed by the total number of picture messages.",text+table,"[{""case_no"": 1, ""input"": ""3\n100 25\n150 50\n213 45"", ""output"": ""463\n120""}, {""case_no"": 2, ""input"": ""2\n100 30\n200 19"", ""output"": ""300\n49""}, {""case_no"": 3, ""input"": ""1\n450 3"", ""output"": ""450\n3""}, {""case_no"": 4, ""input"": ""0"", ""output"": ""0\n0""}, {""case_no"": 5, ""input"": ""5\n11 10\n22 5\n33 6\n44 7\n55 44"", ""output"": ""165\n72""}]",,,TRUE,10601875,10601875
Q162,Luas dan Keliling Persegi Panjang,Luas dan Keliling Persegi Panjang,"Adik mendapat tugas untuk menghitung luas dan keliling dari n persegi panjang. Tulislah algoritma untuk menghitung luas dan keliling setiap persegi panjang tersebut.
  
  Masukan terdiri dari sebuah bilangan bulat nonnegatif n yang menyatakan banyak persegi panjang, diikuti oleh n baris. Setiap baris berisi dua bilangan bulat positif yang menyatakan panjang dan lebar sebuah persegi panjang. Keluaran terdiri dari 2n baris. Untuk setiap persegi panjang, tampilkan luas pada satu baris, kemudian keliling pada baris berikutnya.
  
  Catatan 1: Gunakan struktur perulangan for untuk membaca dan memproses tepat n persegi panjang.
  Catatan 2: Tidak diperkenankan menggunakan while atau repeat-until.
  Catatan 3: Tidak diperkenankan menggunakan struktur percabangan.
  Catatan 4: Iterator for tidak boleh diubah secara manual di dalam badan perulangan.
  
  Adik has an assignment to compute the area and perimeter of n rectangles. Write an algorithm to compute the area and perimeter of each rectangle.","The input consists of a nonnegative integer n representing the number of rectangles, followed by n lines. Each line contains two positive integers representing the length and width of a rectangle. The output consists of 2n lines. For each rectangle, output the area on one line, followed by the perimeter on the next line.
  
  Note 1: Use a for loop to read and process exactly n rectangles.
  Note 2: Do not use while or repeat-until.
  Note 3: Do not use conditional statements.
  Note 4: Do not manually modify the for-loop iterator inside the loop body.",033,"[RIGHT ANSWER UPDATED - for loop and output format aligned]
  
  program RectangleMeasures
  kamus
  i, n, panjang, lebar, luas, keliling : integer
  algoritma
  input(n)
  for i <- 1 to n do
  input(panjang, lebar)
  luas <- panjang * lebar
  keliling <- 2 * (panjang + lebar)
  output(luas)
  output(keliling)
  endfor
  endprogram","Test 1
  Input:
  3
  5 3
  4 2
  7 6
  Expected:
  15
  16
  8
  12
  42
  26
  
  Test 2
  Input:
  2
  10 39
  20 19
  Expected:
  390
  98
  380
  78
  
  Test 3
  Input:
  1
  4 3
  Expected:
  12
  14
  
  Test 4
  Input:
  0
  Expected:
  (no output)
  
  Test 5
  Input:
  5
  11 10
  22 5
  33 3
  44 5
  55 4
  Expected:
  110
  42
  110
  54
  99
  72
  220
  98
  220
  118",W05-06,129,162,TRUE,ready,PS,LMS,LMS-PS-10601878,033.UAI luas dan keliling persegiPanjang (en),Challenger,Adik mendapat tugas untuk menghitung luas dan keliling dari n persegi panjang.,"The input consists of a nonnegative integer n representing the number of rectangles, followed by n lines.","[{""type"": ""text"", ""content"": ""Adik mendapat tugas untuk menghitung luas dan keliling dari n persegi panjang. Tulislah algoritma untuk menghitung luas dan keliling setiap persegi panjang tersebut.\n\n Masukan terdiri dari sebuah bilangan bulat nonnegatif n yang menyatakan banyak persegi panjang, diikuti oleh n baris. Setiap baris berisi dua bilangan bulat positif yang menyatakan panjang dan lebar sebuah persegi panjang. Keluaran terdiri dari 2n baris. Untuk setiap persegi panjang, tampilkan luas pada satu baris, kemudian keliling pada baris berikutnya.\n\n Catatan 1: Gunakan struktur perulangan for untuk membaca dan memproses tepat n persegi panjang.\n Catatan 2: Tidak diperkenankan menggunakan while atau repeat-until.\n Catatan 3: Tidak diperkenankan menggunakan struktur percabangan.\n Catatan 4: Iterator for tidak boleh diubah secara manual di dalam badan perulangan.\n\n Adik has an assignment to compute the area and perimeter of n rectangles. Write an algorithm to compute the area and perimeter of each rectangle.""}]","[{""type"": ""text"", ""content"": ""The input consists of a nonnegative integer n representing the number of rectangles, followed by n lines. Each line contains two positive integers representing the length and width of a rectangle. The output consists of 2n lines. For each rectangle, output the area on one line, followed by the perimeter on the next line.\n\n Note 1: Use a for loop to read and process exactly n rectangles.\n Note 2: Do not use while or repeat-until.\n Note 3: Do not use conditional statements.\n Note 4: Do not manually modify the for-loop iterator inside the loop body.""}]","[""3\n5 3\n4 2\n7 6"", ""2\n10 39\n20 19"", ""1\n4 3"", ""0"", ""5\n11 10\n22 5\n33 3\n44 5\n55 4""]","[""15\n16\n8\n12\n42\n26"", ""390\n98\n380\n78"", ""12\n14"", ""(no output)"", ""110\n42\n110\n54\n99\n72\n220\n98\n220\n118""]",,,"terdiri dari sebuah bilangan bulat nonnegatif n yang menyatakan banyak persegi panjang, diikuti oleh n baris. Setiap baris berisi dua bilangan bulat positif yang menyatakan panjang dan lebar sebuah persegi panjang. Keluaran terdiri dari 2n baris. Untuk setiap persegi panjang, tampilkan luas pada satu baris, kemudian keliling pada baris berikutnya.",read and process exactly n rectangles.,"tampilkan luas pada satu baris, kemudian keliling pada baris berikutnya.",consists of 2n lines.,text+table,"[{""case_no"": 1, ""input"": ""3\n5 3\n4 2\n7 6"", ""output"": ""15\n16\n8\n12\n42\n26""}, {""case_no"": 2, ""input"": ""2\n10 39\n20 19"", ""output"": ""390\n98\n380\n78""}, {""case_no"": 3, ""input"": ""1\n4 3"", ""output"": ""12\n14""}, {""case_no"": 4, ""input"": ""0"", ""output"": ""(no output)""}, {""case_no"": 5, ""input"": ""5\n11 10\n22 5\n33 3\n44 5\n55 4"", ""output"": ""110\n42\n110\n54\n99\n72\n220\n98\n220\n118""}]",,,FALSE,10601878,10601878
Q163,Memeriksa Faktor Bilangan,Memeriksa Faktor Bilangan,"Tulislah algoritma untuk memeriksa faktor dari sebuah bilangan. Suatu bilangan d merupakan faktor dari N apabila N dapat dibagi oleh d tanpa menghasilkan sisa.
  
  Sebagai contoh, faktor dari 15 adalah 1, 3, 5, dan 15. Faktor dari 24 adalah 1, 2, 3, 4, 6, 8, 12, dan 24.
  
  Masukan berupa sebuah bilangan bulat positif N. Untuk setiap bilangan bulat d dari 1 sampai N, tampilkan d pada satu baris dan nilai boolean s pada baris berikutnya. Nilai s adalah true apabila d merupakan faktor dari N dan false apabila d bukan merupakan faktor dari N. Dengan demikian, keluaran terdiri dari 2N baris.
  
  Catatan 1: Gunakan struktur perulangan for untuk memproses setiap nilai d dari 1 sampai N.
  Catatan 2: Tidak diperkenankan menggunakan while atau repeat-until.
  Catatan 3: Tidak diperkenankan menggunakan struktur percabangan.
  Catatan 4: Iterator for tidak boleh diubah secara manual di dalam badan perulangan.
  Catatan 5: Ekspresi N mod d == 0 menghasilkan nilai boolean dan dapat langsung digunakan pada output.","Write an algorithm to check the factors of a number. A number d is a factor of N when N can be divided by d without leaving a remainder.
  
  For example, the factors of 15 are 1, 3, 5, and 15. The factors of 24 are 1, 2, 3, 4, 6, 8, 12, and 24.
  
  The input is a positive integer N. For every integer d from 1 to N, output d on one line and the boolean value s on the next line. The value of s is true when d is a factor of N and false otherwise. Therefore, the output consists of 2N lines.
  
  Note 1: Use a for loop to process every value of d from 1 to N.
  Note 2: Do not use while or repeat-until.
  Note 3: Do not use conditional statements.
  Note 4: Do not manually modify the for-loop iterator inside the loop body.
  Note 5: The expression N mod d == 0 produces a boolean value and can be used directly in the output.",048,"[RIGHT ANSWER UPDATED - for loop and direct boolean output]
  
  program FactorCheck
  kamus
  n, d : integer
  algoritma
  input(n)
  for d <- 1 to n do
  output(d)
  output(n mod d == 0)
  endfor
  endprogram","Test 1
  Input:
  5
  Expected:
  1
  true
  2
  false
  3
  false
  4
  false
  5
  true
  
  Test 2
  Input:
  12
  Expected:
  1
  true
  2
  true
  3
  true
  4
  true
  5
  false
  6
  true
  7
  false
  8
  false
  9
  false
  10
  false
  11
  false
  12
  true
  
  Test 3
  Input: 100
  Expected pattern:
  For each d from 1 to 100, output d, followed on the next line by true if 100 mod d == 0; otherwise, output false.
  The output is true only for d = 1, 2, 4, 5, 10, 20, 25, 50, and 100.
  
  Test 4
  Input:
  1
  Expected:
  1
  true",W05-06,130,163,TRUE,ready,PS,LMS,LMS-PS-10624148,048.ANO faktor bilangan (en),Ultimate,Tulislah algoritma untuk memeriksa faktor dari sebuah bilangan.,Write an algorithm to check the factors of a number.,"[{""type"": ""text"", ""content"": ""Tulislah algoritma untuk memeriksa faktor dari sebuah bilangan. Suatu bilangan d merupakan faktor dari N apabila N dapat dibagi oleh d tanpa menghasilkan sisa.\n\n Sebagai contoh, faktor dari 15 adalah 1, 3, 5, dan 15. Faktor dari 24 adalah 1, 2, 3, 4, 6, 8, 12, dan 24.\n\n Masukan berupa sebuah bilangan bulat positif N. Untuk setiap bilangan bulat d dari 1 sampai N, tampilkan d pada satu baris dan nilai boolean s pada baris berikutnya. Nilai s adalah true apabila d merupakan faktor dari N dan false apabila d bukan merupakan faktor dari N. Dengan demikian, keluaran terdiri dari 2N baris.\n\n Catatan 1: Gunakan struktur perulangan for untuk memproses setiap nilai d dari 1 sampai N.\n Catatan 2: Tidak diperkenankan menggunakan while atau repeat-until.\n Catatan 3: Tidak diperkenankan menggunakan struktur percabangan.\n Catatan 4: Iterator for tidak boleh diubah secara manual di dalam badan perulangan.\n Catatan 5: Ekspresi N mod d == 0 menghasilkan nilai boolean dan dapat langsung digunakan pada output.""}]","[{""type"": ""text"", ""content"": ""Write an algorithm to check the factors of a number. A number d is a factor of N when N can be divided by d without leaving a remainder.""}, {""type"": ""code"", ""content"": ""For example, the factors of 15 are 1, 3, 5, and 15. The factors of 24 are 1, 2, 3, 4, 6, 8, 12, and 24.""}, {""type"": ""text"", ""content"": ""The input is a positive integer N. For every integer d from 1 to N, output d on one line and the boolean value s on the next line. The value of s is true when d is a factor of N and false otherwise. Therefore, the output consists of 2N lines.\n\n Note 1: Use a for loop to process every value of d from 1 to N.\n Note 2: Do not use while or repeat-until.\n Note 3: Do not use conditional statements.\n Note 4: Do not manually modify the for-loop iterator inside the loop body.\n Note 5: The expression N mod d == 0 produces a boolean value and can be used directly in the output.""}]","[""5"", ""12"", ""100\nExpected pattern:\nFor each d from 1 to 100, output d, followed on the next line by true if 100 mod d == 0; otherwise, output false.\nThe output is true only for d = 1, 2, 4, 5, 10, 20, 25, 50, and 100."", ""1""]","[""1\ntrue\n2\nfalse\n3\nfalse\n4\nfalse\n5\ntrue"", ""1\ntrue\n2\ntrue\n3\ntrue\n4\ntrue\n5\nfalse\n6\ntrue\n7\nfalse\n8\nfalse\n9\nfalse\n10\nfalse\n11\nfalse\n12\ntrue"", """", ""1\ntrue""]",,,"berupa sebuah bilangan bulat positif N. Untuk setiap bilangan bulat d dari 1 sampai N, tampilkan d pada satu baris dan nilai boolean s pada baris berikutnya. Nilai s adalah true apabila d merupakan faktor dari N dan false apabila d bukan merupakan faktor dari N. Dengan demikian, keluaran terdiri dari 2N baris.",,tampilkan d pada satu baris dan nilai boolean s pada baris berikutnya.,d on one line and the boolean value s on the next line.,text+table,"[{""case_no"": 1, ""input"": ""5"", ""output"": ""1\ntrue\n2\nfalse\n3\nfalse\n4\nfalse\n5\ntrue""}, {""case_no"": 2, ""input"": ""12"", ""output"": ""1\ntrue\n2\ntrue\n3\ntrue\n4\ntrue\n5\nfalse\n6\ntrue\n7\nfalse\n8\nfalse\n9\nfalse\n10\nfalse\n11\nfalse\n12\ntrue""}, {""case_no"": 3, ""input"": ""100\nExpected pattern:\nFor each d from 1 to 100, output d, followed on the next line by true if 100 mod d == 0; otherwise, output false.\nThe output is true only for d = 1, 2, 4, 5, 10, 20, 25, 50, and 100."", ""output"": """"}, {""case_no"": 4, ""input"": ""1"", ""output"": ""1\ntrue""}]",,,TRUE,10624148,10624148
Q164,Estimasi Pi dari Pengamatan Lingkaran-Persegi,Estimasi Pi dari Pengamatan Lingkaran-Persegi,"Nilai pi bukanlah 22/7 maupun 3.14 secara tepat. Pi merupakan bilangan irasional yang memiliki jumlah digit desimal tak terbatas dan tidak memiliki pola berulang.
  
  Diberikan sebuah lingkaran yang berada di dalam sebuah persegi. Sejumlah bola dilemparkan secara acak ke dalam persegi tersebut. Nilai pi dapat diperkirakan berdasarkan perbandingan banyak bola yang berada di dalam lingkaran dengan banyak seluruh bola yang berada di dalam persegi.
  
  Masukan terdiri dari beberapa baris. Baris pertama berisi sebuah bilangan bulat positif n yang menyatakan banyak pengamatan. Sebanyak n baris berikutnya masing-masing berisi dua bilangan bulat. Bilangan pertama menyatakan banyak bola yang berada di dalam lingkaran, sedangkan bilangan kedua menyatakan banyak seluruh bola yang berada di dalam persegi. Untuk setiap pengamatan berlaku 0 <= bolaLingkaran <= bolaPersegi dan bolaPersegi > 0.
  
  Untuk setiap pengamatan, nilai estimasi pi dihitung menggunakan:
  
  estimasiPi = 4 * bolaLingkaran / bolaPersegi
  
  Keluaran berupa satu bilangan riil yang menyatakan rata-rata dari seluruh nilai estimasi pi.
  
  Catatan 1: Gunakan struktur perulangan for untuk membaca dan memproses tepat n pengamatan.
  Catatan 2: Tidak diperkenankan menggunakan while atau repeat-until.
  Catatan 3: Tidak diperkenankan menggunakan struktur percabangan.
  Catatan 4: Iterator for tidak boleh diubah secara manual di dalam badan perulangan.
  Catatan 5: Hitung estimasi pi untuk setiap pengamatan, kemudian tampilkan rata-rata dari seluruh estimasi tersebut.
  Catatan 6: Gunakan operator / untuk melakukan pembagian riil.","The value of pi is not exactly 22/7 or 3.14. Pi is an irrational number with infinitely many decimal digits and no recurring pattern.
  
  A circle is located inside a square. A number of balls are randomly thrown into the square. The value of pi can be estimated from the ratio between the number of balls inside the circle and the total number of balls inside the square.
  
  The input consists of several lines. The first line contains a positive integer n representing the number of observations. Each of the next n lines contains two integers. The first integer represents the number of balls inside the circle, while the second integer represents the total number of balls inside the square. For each observation, 0 <= ballsInsideCircle <= ballsInsideSquare and ballsInsideSquare > 0.
  
  For each observation, the estimated value of pi is calculated using:
  
  estimatedPi = 4 * ballsInsideCircle / ballsInsideSquare
  
  The output is one real number representing the average of all estimated pi values.
  
  Note 1: Use a for loop to read and process exactly n observations.
  Note 2: Do not use while or repeat-until.
  Note 3: Do not use conditional statements.
  Note 4: Do not manually modify the for-loop iterator inside the loop body.
  Note 5: Calculate the pi estimate for each observation, then output the average of all estimates.
  Note 6: Use the / operator to perform real division.",061,"[RIGHT ANSWER UPDATED - count input types aligned]
  
  program EstimatePi
  kamus
  circle, square, i, n : integer
  piEstimate : real
  algoritma
  input(n)
  piEstimate <- 0
  for i <- 1 to n do
  input(circle, square)
  piEstimate <- piEstimate + 4 * circle / square
  endfor
  output(piEstimate / n)
  endprogram","Test 1
  Input:
  2
  7854 10000
  7853 9999
  Expected:
  3.1415571
  
  Test 2
  Input:
  5
  3 10
  123 45678
  222 444
  1000 4000
  1234 5678
  Expected:
  1.0160182
  
  Test 3
  Input:
  7
  7854 10000
  7853 9999
  51471 65536
  31415 40000
  3141592 4000000
  3141592 3999999
  4318924 5499025
  Expected:
  3.1415617",W05-06,131,164,TRUE,ready,PS,LMS,LMS-PS-10624151,"061.JMT Constant PI is long (en)
  
  ubah menjadi
  061.JMT Average PI Estimate from Circle-Square Observations",Ultimate,Nilai pi bukanlah 22/7 maupun 3.14 secara tepat.,The value of pi is not exactly 22/7 or 3.14.,"[{""type"": ""text"", ""content"": ""Nilai pi bukanlah 22/7 maupun 3.14 secara tepat. Pi merupakan bilangan irasional yang memiliki jumlah digit desimal tak terbatas dan tidak memiliki pola berulang.\n\n Diberikan sebuah lingkaran yang berada di dalam sebuah persegi. Sejumlah bola dilemparkan secara acak ke dalam persegi tersebut. Nilai pi dapat diperkirakan berdasarkan perbandingan banyak bola yang berada di dalam lingkaran dengan banyak seluruh bola yang berada di dalam persegi.\n\n Masukan terdiri dari beberapa baris. Baris pertama berisi sebuah bilangan bulat positif n yang menyatakan banyak pengamatan. Sebanyak n baris berikutnya masing-masing berisi dua bilangan bulat. Bilangan pertama menyatakan banyak bola yang berada di dalam lingkaran, sedangkan bilangan kedua menyatakan banyak seluruh bola yang berada di dalam persegi. Untuk setiap pengamatan berlaku 0 <= bolaLingkaran <= bolaPersegi dan bolaPersegi > 0.\n\n Untuk setiap pengamatan, nilai estimasi pi dihitung menggunakan:""}, {""type"": ""code"", ""content"": ""estimasiPi = 4 * bolaLingkaran / bolaPersegi""}, {""type"": ""text"", ""content"": ""Keluaran berupa satu bilangan riil yang menyatakan rata-rata dari seluruh nilai estimasi pi.\n\n Catatan 1: Gunakan struktur perulangan for untuk membaca dan memproses tepat n pengamatan.\n Catatan 2: Tidak diperkenankan menggunakan while atau repeat-until.\n Catatan 3: Tidak diperkenankan menggunakan struktur percabangan.\n Catatan 4: Iterator for tidak boleh diubah secara manual di dalam badan perulangan.\n Catatan 5: Hitung estimasi pi untuk setiap pengamatan, kemudian tampilkan rata-rata dari seluruh estimasi tersebut.\n Catatan 6: Gunakan operator / untuk melakukan pembagian riil.""}]","[{""type"": ""text"", ""content"": ""The value of pi is not exactly 22/7 or 3.14. Pi is an irrational number with infinitely many decimal digits and no recurring pattern.\n\n A circle is located inside a square. A number of balls are randomly thrown into the square. The value of pi can be estimated from the ratio between the number of balls inside the circle and the total number of balls inside the square.\n\n The input consists of several lines. The first line contains a positive integer n representing the number of observations. Each of the next n lines contains two integers. The first integer represents the number of balls inside the circle, while the second integer represents the total number of balls inside the square. For each observation, 0 <= ballsInsideCircle <= ballsInsideSquare and ballsInsideSquare > 0.""}, {""type"": ""code"", ""content"": ""For each observation, the estimated value of pi is calculated using:\n\n estimatedPi = 4 * ballsInsideCircle / ballsInsideSquare""}, {""type"": ""text"", ""content"": ""The output is one real number representing the average of all estimated pi values.\n\n Note 1: Use a for loop to read and process exactly n observations.\n Note 2: Do not use while or repeat-until.\n Note 3: Do not use conditional statements.\n Note 4: Do not manually modify the for-loop iterator inside the loop body.\n Note 5: Calculate the pi estimate for each observation, then output the average of all estimates.\n Note 6: Use the / operator to perform real division.""}]","[""2\n7854 10000\n7853 9999"", ""5\n3 10\n123 45678\n222 444\n1000 4000\n1234 5678"", ""7\n7854 10000\n7853 9999\n51471 65536\n31415 40000\n3141592 4000000\n3141592 3999999\n4318924 5499025""]","[""3.1415571"", ""1.0160182"", ""3.1415617""]",,,"terdiri dari beberapa baris. Baris pertama berisi sebuah bilangan bulat positif n yang menyatakan banyak pengamatan. Sebanyak n baris berikutnya masing-masing berisi dua bilangan bulat. Bilangan pertama menyatakan banyak bola yang berada di dalam lingkaran, sedangkan bilangan kedua menyatakan banyak seluruh bola yang berada di dalam persegi. Untuk setiap pengamatan berlaku 0 <= bolaLingkaran <= bolaPersegi dan bolaPersegi > 0.",read and process exactly n observations.,berupa satu bilangan riil yang menyatakan rata-rata dari seluruh nilai estimasi pi.,is one real number representing the average of all estimated pi values.,text+table,"[{""case_no"": 1, ""input"": ""2\n7854 10000\n7853 9999"", ""output"": ""3.1415571""}, {""case_no"": 2, ""input"": ""5\n3 10\n123 45678\n222 444\n1000 4000\n1234 5678"", ""output"": ""1.0160182""}, {""case_no"": 3, ""input"": ""7\n7854 10000\n7853 9999\n51471 65536\n31415 40000\n3141592 4000000\n3141592 3999999\n4318924 5499025"", ""output"": ""3.1415617""}]",,,FALSE,10624151,10624151
Q165,Pendekatan Pi dengan Deret Leibniz,Pendekatan Pi dengan Deret Leibniz,"Konstanta pi didefinisikan sebagai perbandingan antara keliling lingkaran dan diameternya. Pi merupakan bilangan irasional sehingga tidak dapat dinyatakan secara tepat sebagai pecahan. Nilai 22/7 dan 3.14 hanya merupakan nilai pendekatan.
  
  Salah satu cara untuk mendekati nilai pi adalah menggunakan deret Leibniz berikut:
  
  pi = 4/1 - 4/3 + 4/5 - 4/7 + 4/9 - 4/11 + ...
  
  Masukan berupa sebuah bilangan bulat positif n yang menyatakan banyak pasangan suku yang digunakan dalam perhitungan. Keluaran berupa satu bilangan riil yang menyatakan nilai pendekatan pi.
  
  Catatan 1: Gunakan struktur perulangan for.
  Catatan 2: Tidak diperkenankan menggunakan while atau repeat-until.
  Catatan 3: Tidak diperkenankan menggunakan struktur percabangan.
  Catatan 4: Iterator for tidak boleh diubah secara manual di dalam badan perulangan.
  Catatan 5: Gunakan iterator i dari 0 sampai n - 1.
  Catatan 6: Pada setiap iterasi, hitung satu pasangan suku menggunakan:
  
  4 / (4 * i + 1) - 4 / (4 * i + 3)
  
  Catatan 7: Gunakan operator / untuk melakukan pembagian riil.","The constant pi is defined as the ratio of a circle's circumference to its diameter. Pi is an irrational number and therefore cannot be represented exactly as a fraction. The values 22/7 and 3.14 are only approximations.
  
  One method for approximating pi is the following Leibniz series:
  
  pi = 4/1 - 4/3 + 4/5 - 4/7 + 4/9 - 4/11 + ...
  
  The input is a positive integer n representing the number of term pairs used in the calculation. The output is a real number representing the approximated value of pi.
  
  Note 1: Use a for loop.
  Note 2: Do not use while or repeat-until.
  Note 3: Do not use conditional statements.
  Note 4: Do not manually modify the for-loop iterator inside the loop body.
  Note 5: Use the iterator i from 0 to n - 1.
  Note 6: In each iteration, calculate one pair of terms using:
  
  4 / (4 * i + 1) - 4 / (4 * i + 3)
  
  Note 7: Use the / operator to perform real division.",070,"[RIGHT ANSWER AND TEST CASES UPDATED - standard Leibniz series]
  
  program LeibnizApproximation
  kamus
  i, n : integer
  pi : real
  algoritma
  input(n)
  pi <- 0
  for i <- 0 to n - 1 do
  pi <- pi + 4 / (4 * i + 1) - 4 / (4 * i + 3)
  endfor
  output(pi)
  endprogram","[TEST CASES UPDATED - standard Leibniz series]
  
  Test 1
  Input:
  5
  Expected:
  3.0418396
  
  Test 2
  Input:
  10
  Expected:
  3.0916238
  
  Test 3
  Input:
  20
  Expected:
  3.1165966
  
  Test 4
  Input:
  40
  Expected:
  3.1290931
  
  Test 5
  Input:
  80
  Expected:
  3.1353427
  
  Test 6
  Input:
  150
  Expected:
  3.1382593
  
  Test 7
  Input:
  300
  Expected:
  3.1399260
  
  Test 8
  Input:
  500
  Expected:
  3.1405927",W05-06,132,165,TRUE,ready,PS,LMS,LMS-PS-11044531,070.JMT LAB 2: Leibniz PI (en),Ultimate,Konstanta pi didefinisikan sebagai perbandingan antara keliling lingkaran dan diameternya.,The constant pi is defined as the ratio of a circle's circumference to its diameter.,"[{""type"": ""text"", ""content"": ""Konstanta pi didefinisikan sebagai perbandingan antara keliling lingkaran dan diameternya. Pi merupakan bilangan irasional sehingga tidak dapat dinyatakan secara tepat sebagai pecahan. Nilai 22/7 dan 3.14 hanya merupakan nilai pendekatan.\n\n Salah satu cara untuk mendekati nilai pi adalah menggunakan deret Leibniz berikut:""}, {""type"": ""code"", ""content"": ""pi = 4/1 - 4/3 + 4/5 - 4/7 + 4/9 - 4/11 + ...""}, {""type"": ""text"", ""content"": ""Masukan berupa sebuah bilangan bulat positif n yang menyatakan banyak pasangan suku yang digunakan dalam perhitungan. Keluaran berupa satu bilangan riil yang menyatakan nilai pendekatan pi.\n\nCatatan 1: Gunakan struktur perulangan for.\nCatatan 2: Tidak diperkenankan menggunakan while atau repeat-until.\nCatatan 3: Tidak diperkenankan menggunakan struktur percabangan.\nCatatan 4: Iterator for tidak boleh diubah secara manual di dalam badan perulangan.\nCatatan 5: Gunakan iterator i dari 0 sampai n - 1.\nCatatan 6: Pada setiap iterasi, hitung satu pasangan suku menggunakan:\n\n 4 / (4 * i + 1) - 4 / (4 * i + 3)\n\nCatatan 7: Gunakan operator / untuk melakukan pembagian riil.""}]","[{""type"": ""text"", ""content"": ""The constant pi is defined as the ratio of a circle's circumference to its diameter. Pi is an irrational number and therefore cannot be represented exactly as a fraction. The values 22/7 and 3.14 are only approximations.\n\n One method for approximating pi is the following Leibniz series:""}, {""type"": ""code"", ""content"": ""pi = 4/1 - 4/3 + 4/5 - 4/7 + 4/9 - 4/11 + ...""}, {""type"": ""text"", ""content"": ""The input is a positive integer n representing the number of term pairs used in the calculation. The output is a real number representing the approximated value of pi.\n\nNote 1: Use a for loop.\nNote 2: Do not use while or repeat-until.\nNote 3: Do not use conditional statements.\nNote 4: Do not manually modify the for-loop iterator inside the loop body.\nNote 5: Use the iterator i from 0 to n - 1.\nNote 6: In each iteration, calculate one pair of terms using:\n\n 4 / (4 * i + 1) - 4 / (4 * i + 3)\n\nNote 7: Use the / operator to perform real division.""}]","[""5"", ""10"", ""20"", ""40"", ""80"", ""150"", ""300"", ""500""]","[""3.0418396"", ""3.0916238"", ""3.1165966"", ""3.1290931"", ""3.1353427"", ""3.1382593"", ""3.1399260"", ""3.1405927""]",,,berupa sebuah bilangan bulat positif n yang menyatakan banyak pasangan suku yang digunakan dalam perhitungan. Keluaran berupa satu bilangan riil yang menyatakan nilai pendekatan pi.,,hitung satu pasangan suku menggunakan: 4 / (4 * i + 1) - 4 / (4 * i + 3) Catatan 7: Gunakan operator / untuk melakukan pembagian riil.,is a real number representing the approximated value of pi.,text+table,"[{""case_no"": 1, ""input"": ""5"", ""output"": ""3.0418396""}, {""case_no"": 2, ""input"": ""10"", ""output"": ""3.0916238""}, {""case_no"": 3, ""input"": ""20"", ""output"": ""3.1165966""}, {""case_no"": 4, ""input"": ""40"", ""output"": ""3.1290931""}, {""case_no"": 5, ""input"": ""80"", ""output"": ""3.1353427""}, {""case_no"": 6, ""input"": ""150"", ""output"": ""3.1382593""}, {""case_no"": 7, ""input"": ""300"", ""output"": ""3.1399260""}, {""case_no"": 8, ""input"": ""500"", ""output"": ""3.1405927""}]",,,FALSE,11044531,11044531
Q166,Variabel dianggap dapat digunakan sebelum diinisialisasi: Kasus 1,A variable is assumed to be usable before initialization: Case 1,"Perhatikan pseudocode berikut.
  program Jumlah
  kamus
  i, jumlah : integer
  algoritma
  for i <- 1 to 3 do
  jumlah <- jumlah + i
  endfor
  output(jumlah)
  endprogram
  
  Apa masalah utama pada algoritma tersebut?","Perhatikan pseudocode berikut.
  program Jumlah
  kamus
  i, jumlah : integer
  algoritma
  for i <- 1 to 3 do
  jumlah <- jumlah + i
  endfor
  output(jumlah)
  endprogram
  
  Apa masalah utama pada algoritma tersebut?",VA-14,jumlah digunakan sebelum diberi nilai awal.,Kunci: C,W05-06,267,166,TRUE,ready,MP,LMS,LMS-MP-W05-06-VA-14-Q1,VA-14,,"Uji pemahaman tentang Variabel dianggap dapat digunakan sebelum diinisialisasi. Perhatikan pseudocode berikut. i, jumlah : integer Apa masalah utama pada algoritma tersebut?","Assess understanding of A variable is assumed to be usable before initialization. Perhatikan pseudocode berikut. i, jumlah : integer Apa masalah utama pada algoritma tersebut?","[{""type"": ""text"", ""content"": ""Perhatikan pseudocode berikut.""}, {""type"": ""code"", ""content"": ""program Jumlah\nkamus""}, {""type"": ""text"", ""content"": ""i, jumlah : integer""}, {""type"": ""code"", ""content"": ""algoritma\n for i <- 1 to 3 do\n jumlah <- jumlah + i\n endfor\n output(jumlah)\nendprogram""}, {""type"": ""text"", ""content"": ""Apa masalah utama pada algoritma tersebut?""}]","[{""type"": ""text"", ""content"": ""Perhatikan pseudocode berikut.""}, {""type"": ""code"", ""content"": ""program Jumlah\n kamus""}, {""type"": ""text"", ""content"": ""i, jumlah : integer""}, {""type"": ""code"", ""content"": ""algoritma\n for i <- 1 to 3 do\n jumlah <- jumlah + i\n endfor\n output(jumlah)\n endprogram""}, {""type"": ""text"", ""content"": ""Apa masalah utama pada algoritma tersebut?""}]",[],[],1,VA-14,,,,,none,,"[{""answer_id"": ""A534"", ""label"": ""A"", ""text"": ""Tidak ada masalah; jumlah otomatis bernilai awal 0."", ""is_correct"": false, ""misconceptions"": [""VA-14""]}, {""answer_id"": ""A535"", ""label"": ""B"", ""text"": ""jumlah otomatis menyimpan nilai i pertama."", ""is_correct"": false, ""misconceptions"": [""VA-14""]}, {""answer_id"": ""A536"", ""label"": ""C"", ""text"": ""jumlah digunakan sebelum diberi nilai awal."", ""is_correct"": true, ""misconceptions"": []}, {""answer_id"": ""A537"", ""label"": ""D"", ""text"": ""output tidak boleh diletakkan setelah endfor."", ""is_correct"": false, ""misconceptions"": []}]",C,TRUE,,MP-VA-14-1
Q167,Variabel dianggap dapat digunakan sebelum diinisialisasi: Kasus 2,A variable is assumed to be usable before initialization: Case 2,Program harus menjumlahkan n bilangan yang dibaca di dalam perulangan. Manakah susunan yang benar?,Program harus menjumlahkan n bilangan yang dibaca di dalam perulangan. Manakah susunan yang benar?,VA-14,"input(n)
  total <- 0
  for i <- 1 to n do
  input(x)
  total <- total + x
  endfor
  output(total)",Kunci: B,W05-06,268,167,TRUE,ready,MP,LMS,LMS-MP-W05-06-VA-14-Q2,VA-14,,Uji pemahaman tentang Variabel dianggap dapat digunakan sebelum diinisialisasi.,Assess understanding of A variable is assumed to be usable before initialization.,"[{""type"": ""text"", ""content"": ""Program harus menjumlahkan n bilangan yang dibaca di dalam perulangan. Manakah susunan yang benar?""}]","[{""type"": ""code"", ""content"": ""Program harus menjumlahkan n bilangan yang dibaca di dalam perulangan. Manakah susunan yang benar?""}]",[],[],2,VA-14,,,,,none,,"[{""answer_id"": ""A538"", ""label"": ""A"", ""text"": ""input(n)\n for i <- 1 to n do\n input(x)\n total <- total + x\n endfor\n output(total)"", ""is_correct"": false, ""misconceptions"": [""VA-14""]}, {""answer_id"": ""A539"", ""label"": ""B"", ""text"": ""input(n)\n total <- 0\n for i <- 1 to n do\n input(x)\n total <- total + x\n endfor\n output(total)"", ""is_correct"": true, ""misconceptions"": []}, {""answer_id"": ""A540"", ""label"": ""C"", ""text"": ""input(n)\n for i <- 1 to n do\n total <- 0\n input(x)\n total <- total + x\n endfor\n output(total)"", ""is_correct"": false, ""misconceptions"": []}, {""answer_id"": ""A541"", ""label"": ""D"", ""text"": ""input(n)\n for i <- 1 to n do\n input(x)\n total <- total + x\n endfor\n total <- 0\n output(total)"", ""is_correct"": false, ""misconceptions"": []}]",B,TRUE,,MP-VA-14-2
Q168,Perubahan variabel FOR dianggap tidak memengaruhi iterasi berikutnya: Kasus 1,Changing a FOR variable is assumed not to affect the next iteration: Case 1,"Perhatikan pseudocode berikut.
  
  for i <- 1 to 5 do
  i <- i + 1
  output(i)
  endfor
  
  Gunakan semantik for yang digunakan dalam mata kuliah. Nilai apa saja yang ditampilkan?","Perhatikan pseudocode berikut.
  
  for i <- 1 to 5 do
  i <- i + 1
  output(i)
  endfor
  
  Gunakan semantik for yang digunakan dalam mata kuliah. Nilai apa saja yang ditampilkan?",LO-04,"2, 4, 6",Kunci: B,W05-06,269,168,TRUE,ready,MP,LMS,LMS-MP-W05-06-LO-04-Q1,LO-04,,Uji pemahaman tentang Perubahan variabel FOR dianggap tidak memengaruhi iterasi berikutnya. Perhatikan pseudocode berikut. Gunakan semantik for yang digunakan dalam mata kuliah.,Assess understanding of Changing a FOR variable is assumed not to affect the next iteration. Perhatikan pseudocode berikut. Gunakan semantik for yang digunakan dalam mata kuliah.,"[{""type"": ""text"", ""content"": ""Perhatikan pseudocode berikut.""}, {""type"": ""code"", ""content"": ""for i <- 1 to 5 do\n i <- i + 1\n output(i)\nendfor""}, {""type"": ""text"", ""content"": ""Gunakan semantik for yang digunakan dalam mata kuliah. Nilai apa saja yang ditampilkan?""}]","[{""type"": ""text"", ""content"": ""Perhatikan pseudocode berikut.""}, {""type"": ""code"", ""content"": ""for i <- 1 to 5 do\n i <- i + 1\n output(i)\n endfor""}, {""type"": ""text"", ""content"": ""Gunakan semantik for yang digunakan dalam mata kuliah. Nilai apa saja yang ditampilkan?""}]",[],[],1,LO-04,,,,,none,,"[{""answer_id"": ""A542"", ""label"": ""A"", ""text"": ""2, 3, 4, 5, 6"", ""is_correct"": false, ""misconceptions"": [""LO-04""]}, {""answer_id"": ""A543"", ""label"": ""B"", ""text"": ""2, 4, 6"", ""is_correct"": true, ""misconceptions"": []}, {""answer_id"": ""A544"", ""label"": ""C"", ""text"": ""1, 2, 3, 4, 5"", ""is_correct"": false, ""misconceptions"": []}, {""answer_id"": ""A545"", ""label"": ""D"", ""text"": ""2, 4"", ""is_correct"": false, ""misconceptions"": []}]",B,TRUE,,MP-LO-04-1
Q169,Perubahan variabel FOR dianggap tidak memengaruhi iterasi berikutnya: Kasus 2,Changing a FOR variable is assumed not to affect the next iteration: Case 2,"Gunakan semantik for yang digunakan dalam mata kuliah.
  
  Perhatikan pseudocode berikut.
  
  for i <- 1 to 6 do
  input(x)
  i <- i + 1
  endfor
  
  Berapa kali perintah input(x) dijalankan?","Gunakan semantik for yang digunakan dalam mata kuliah.
  
  Perhatikan pseudocode berikut.
  
  for i <- 1 to 6 do
  input(x)
  i <- i + 1
  endfor
  
  Berapa kali perintah input(x) dijalankan?",LO-04,"3 kali, karena i berubah di dalam badan loop dan kemudian dinaikkan kembali secara otomatis oleh for.",Kunci: B,W05-06,270,169,TRUE,ready,MP,LMS,LMS-MP-W05-06-LO-04-Q2,LO-04,,Uji pemahaman tentang Perubahan variabel FOR dianggap tidak memengaruhi iterasi berikutnya. Gunakan semantik for yang digunakan dalam mata kuliah.,Assess understanding of Changing a FOR variable is assumed not to affect the next iteration. Gunakan semantik for yang digunakan dalam mata kuliah.,"[{""type"": ""text"", ""content"": ""Gunakan semantik for yang digunakan dalam mata kuliah.\n\n Perhatikan pseudocode berikut.""}, {""type"": ""code"", ""content"": ""for i <- 1 to 6 do\n input(x)\n i <- i + 1\n endfor""}, {""type"": ""text"", ""content"": ""Berapa kali perintah input(x) dijalankan?""}]","[{""type"": ""text"", ""content"": ""Gunakan semantik for yang digunakan dalam mata kuliah.\n\n Perhatikan pseudocode berikut.""}, {""type"": ""code"", ""content"": ""for i <- 1 to 6 do\n input(x)\n i <- i + 1\n endfor""}, {""type"": ""text"", ""content"": ""Berapa kali perintah input(x) dijalankan?""}]",[],[],2,LO-04,,,,,none,,"[{""answer_id"": ""A546"", ""label"": ""A"", ""text"": ""6 kali, karena assignment terhadap i di dalam loop tidak memengaruhi iterator for."", ""is_correct"": false, ""misconceptions"": [""LO-04""]}, {""answer_id"": ""A547"", ""label"": ""B"", ""text"": ""3 kali, karena i berubah di dalam badan loop dan kemudian dinaikkan kembali secara otomatis oleh for."", ""is_correct"": true, ""misconceptions"": []}, {""answer_id"": ""A548"", ""label"": ""C"", ""text"": ""5 kali, karena hanya iterasi terakhir yang dilewati."", ""is_correct"": false, ""misconceptions"": []}, {""answer_id"": ""A549"", ""label"": ""D"", ""text"": ""Perulangan tidak pernah berhenti."", ""is_correct"": false, ""misconceptions"": []}]",B,TRUE,,MP-LO-04-2
Q170,Hasil perhitungan dianggap otomatis menjadi output: Kasus 1,A computed result is assumed to become output automatically: Case 1,"Perhatikan pseudocode berikut.
  
  program Total
  kamus
  i, total : integer
  algoritma
  total <- 0
  for i <- 1 to 3 do
  total <- total + i
  endfor
  endprogram
  
  Apa yang ditampilkan program?","Perhatikan pseudocode berikut.
  
  program Total
  kamus
  i, total : integer
  algoritma
  total <- 0
  for i <- 1 to 3 do
  total <- total + i
  endfor
  endprogram
  
  Apa yang ditampilkan program?",IO-05,Tidak menampilkan apa pun,Kunci: D,W05-06,271,170,TRUE,ready,MP,LMS,LMS-MP-W05-06-IO-05-Q1,IO-05,,"Uji pemahaman tentang Hasil perhitungan dianggap otomatis menjadi output. Perhatikan pseudocode berikut. i, total : integer Apa yang ditampilkan program?","Assess understanding of A computed result is assumed to become output automatically. Perhatikan pseudocode berikut. i, total : integer Apa yang ditampilkan program?","[{""type"": ""text"", ""content"": ""Perhatikan pseudocode berikut.""}, {""type"": ""code"", ""content"": ""program Total\n kamus""}, {""type"": ""text"", ""content"": ""i, total : integer""}, {""type"": ""code"", ""content"": ""algoritma\n total <- 0\n for i <- 1 to 3 do\n total <- total + i\n endfor\n endprogram""}, {""type"": ""text"", ""content"": ""Apa yang ditampilkan program?""}]","[{""type"": ""text"", ""content"": ""Perhatikan pseudocode berikut.""}, {""type"": ""code"", ""content"": ""program Total\n kamus""}, {""type"": ""text"", ""content"": ""i, total : integer""}, {""type"": ""code"", ""content"": ""algoritma\n total <- 0\n for i <- 1 to 3 do\n total <- total + i\n endfor\n endprogram""}, {""type"": ""text"", ""content"": ""Apa yang ditampilkan program?""}]",[],[],1,IO-05,,,,,none,,"[{""answer_id"": ""A550"", ""label"": ""A"", ""text"": ""6"", ""is_correct"": false, ""misconceptions"": [""IO-05""]}, {""answer_id"": ""A551"", ""label"": ""B"", ""text"": ""1, 3, dan 6"", ""is_correct"": false, ""misconceptions"": [""IO-05""]}, {""answer_id"": ""A552"", ""label"": ""C"", ""text"": ""0"", ""is_correct"": false, ""misconceptions"": [""IO-05""]}, {""answer_id"": ""A553"", ""label"": ""D"", ""text"": ""Tidak menampilkan apa pun"", ""is_correct"": true, ""misconceptions"": []}]",D,FALSE,,MP-IO-05-1
Q171,Hasil perhitungan dianggap otomatis menjadi output: Kasus 2,A computed result is assumed to become output automatically: Case 2,Program harus menampilkan satu nilai total setelah seluruh data selesai diproses. Manakah penempatan output yang benar?,Program harus menampilkan satu nilai total setelah seluruh data selesai diproses. Manakah penempatan output yang benar?,IO-05,"total <- 0
  for i <- 1 to n do
  input(x)
  total <- total + x
  endfor
  output(total)",Kunci: C,W05-06,272,171,TRUE,ready,MP,LMS,LMS-MP-W05-06-IO-05-Q2,IO-05,,Uji pemahaman tentang Hasil perhitungan dianggap otomatis menjadi output.,Assess understanding of A computed result is assumed to become output automatically.,"[{""type"": ""text"", ""content"": ""Program harus menampilkan satu nilai total setelah seluruh data selesai diproses. Manakah penempatan output yang benar?""}]","[{""type"": ""code"", ""content"": ""Program harus menampilkan satu nilai total setelah seluruh data selesai diproses. Manakah penempatan output yang benar?""}]",[],[],2,IO-05,,,,,none,,"[{""answer_id"": ""A554"", ""label"": ""A"", ""text"": ""total <- 0\n for i <- 1 to n do\n input(x)\n total <- total + x\n endfor"", ""is_correct"": false, ""misconceptions"": [""IO-05""]}, {""answer_id"": ""A555"", ""label"": ""B"", ""text"": ""total <- 0\n for i <- 1 to n do\n input(x)\n total <- total + x\n output(total)\n endfor"", ""is_correct"": false, ""misconceptions"": []}, {""answer_id"": ""A556"", ""label"": ""C"", ""text"": ""total <- 0\n for i <- 1 to n do\n input(x)\n total <- total + x\n endfor\n output(total)"", ""is_correct"": true, ""misconceptions"": []}, {""answer_id"": ""A557"", ""label"": ""D"", ""text"": ""total <- 0\n for i <- 1 to n do\n input(x)\n total <- total + x\n endfor\n output(\""total\"")"", ""is_correct"": false, ""misconceptions"": [""IO-02""]}]",C,FALSE,,MP-IO-05-2
Q172,Perhitungan dilakukan sebelum data tersedia: Kasus 1,Computation is performed before data is available: Case 1,"Perhatikan kerangka algoritma berikut.
  
  input(n)
  total <- 0
  for i <- 1 to n do
  input(waktu)
  total <- total + waktu
  endfor
  output(total)
  output(rata)
  
  Di posisi manakah assignment rata <- total / n harus ditempatkan?","Perhatikan kerangka algoritma berikut.
  
  input(n)
  total <- 0
  for i <- 1 to n do
  input(waktu)
  total <- total + waktu
  endfor
  output(total)
  output(rata)
  
  Di posisi manakah assignment rata <- total / n harus ditempatkan?",SQ-03,"Setelah endfor, sebelum output(total).",Kunci: D,W05-06,273,172,TRUE,ready,MP,LMS,LMS-MP-W05-06-SQ-03-Q1,SQ-03,,Uji pemahaman tentang Perhitungan dilakukan sebelum data tersedia. Perhatikan kerangka algoritma berikut.,Assess understanding of Computation is performed before data is available. Perhatikan kerangka algoritma berikut.,"[{""type"": ""text"", ""content"": ""Perhatikan kerangka algoritma berikut.""}, {""type"": ""code"", ""content"": ""input(n)\n total <- 0\n for i <- 1 to n do\n input(waktu)\n total <- total + waktu\n endfor\n output(total)\n output(rata)\n\n Di posisi manakah assignment rata <- total / n harus ditempatkan?""}]","[{""type"": ""text"", ""content"": ""Perhatikan kerangka algoritma berikut.""}, {""type"": ""code"", ""content"": ""input(n)\n total <- 0\n for i <- 1 to n do\n input(waktu)\n total <- total + waktu\n endfor\n output(total)\n output(rata)\n\n Di posisi manakah assignment rata <- total / n harus ditempatkan?""}]",[],[],1,SQ-03,,,,,none,,"[{""answer_id"": ""A558"", ""label"": ""A"", ""text"": ""Sebelum input(n)."", ""is_correct"": false, ""misconceptions"": [""SQ-03""]}, {""answer_id"": ""A559"", ""label"": ""B"", ""text"": ""Setelah total <- 0, tetapi sebelum for."", ""is_correct"": false, ""misconceptions"": [""SQ-03""]}, {""answer_id"": ""A560"", ""label"": ""C"", ""text"": ""Di dalam for, sebelum input(waktu)."", ""is_correct"": false, ""misconceptions"": [""SQ-03""]}, {""answer_id"": ""A561"", ""label"": ""D"", ""text"": ""Setelah endfor, sebelum output(total)."", ""is_correct"": true, ""misconceptions"": []}]",D,FALSE,,MP-SQ-03-1
Q173,Perhitungan dilakukan sebelum data tersedia: Kasus 2,Computation is performed before data is available: Case 2,"Di dalam setiap iterasi, program membaca profit lalu menghitung bagian programmer dan sisa aset. Manakah urutan yang benar?","Di dalam setiap iterasi, program membaca profit lalu menghitung bagian programmer dan sisa aset. Manakah urutan yang benar?",SQ-03,"input(profit)
  bagian <- profit div 3
  sisa <- profit mod 3
  totalBagian <- totalBagian + bagian
  totalAset <- totalAset + sisa",Kunci: B,W05-06,274,173,TRUE,ready,MP,LMS,LMS-MP-W05-06-SQ-03-Q2,SQ-03,,"Uji pemahaman tentang Perhitungan dilakukan sebelum data tersedia. Di dalam setiap iterasi, program membaca profit lalu menghitung bagian programmer dan sisa aset.","Assess understanding of Computation is performed before data is available. Di dalam setiap iterasi, program membaca profit lalu menghitung bagian programmer dan sisa aset.","[{""type"": ""text"", ""content"": ""Di dalam setiap iterasi, program membaca profit lalu menghitung bagian programmer dan sisa aset. Manakah urutan yang benar?""}]","[{""type"": ""text"", ""content"": ""Di dalam setiap iterasi, program membaca profit lalu menghitung bagian programmer dan sisa aset. Manakah urutan yang benar?""}]",[],[],2,SQ-03,,,,,none,,"[{""answer_id"": ""A562"", ""label"": ""A"", ""text"": ""bagian <- profit div 3\n sisa <- profit mod 3\n input(profit)"", ""is_correct"": false, ""misconceptions"": [""SQ-03""]}, {""answer_id"": ""A563"", ""label"": ""B"", ""text"": ""input(profit)\n bagian <- profit div 3\n sisa <- profit mod 3\n totalBagian <- totalBagian + bagian\n totalAset <- totalAset + sisa"", ""is_correct"": true, ""misconceptions"": []}, {""answer_id"": ""A564"", ""label"": ""C"", ""text"": ""totalBagian <- totalBagian + bagian\n totalAset <- totalAset + sisa\n input(profit)"", ""is_correct"": false, ""misconceptions"": [""SQ-03""]}, {""answer_id"": ""A565"", ""label"": ""D"", ""text"": ""input(profit)\n output(totalBagian, totalAset)\n bagian <- profit div 3\n sisa <- profit mod 3"", ""is_correct"": false, ""misconceptions"": [""SQ-01""]}]",B,FALSE,,MP-SQ-03-2
Q174,Batas akhir blok tidak dikenali: Kasus 1,The end of a block is not recognized: Case 1,"Perhatikan pseudocode berikut.
  
  for i <- 1 to 3 do
  output(i)
  endfor
  output(99)
  
  Berapa kali nilai 99 ditampilkan?","Perhatikan pseudocode berikut.
  
  for i <- 1 to 3 do
  output(i)
  endfor
  output(99)
  
  Berapa kali nilai 99 ditampilkan?",SQ-02,1 kali,Kunci: B,W05-06,275,174,TRUE,ready,MP,LMS,LMS-MP-W05-06-SQ-02-Q1,SQ-02,,Uji pemahaman tentang Batas akhir blok tidak dikenali. Perhatikan pseudocode berikut. Berapa kali nilai 99 ditampilkan?,Assess understanding of The end of a block is not recognized. Perhatikan pseudocode berikut. Berapa kali nilai 99 ditampilkan?,"[{""type"": ""text"", ""content"": ""Perhatikan pseudocode berikut.""}, {""type"": ""code"", ""content"": ""for i <- 1 to 3 do\n output(i)\n endfor\n output(99)""}, {""type"": ""text"", ""content"": ""Berapa kali nilai 99 ditampilkan?""}]","[{""type"": ""text"", ""content"": ""Perhatikan pseudocode berikut.""}, {""type"": ""code"", ""content"": ""for i <- 1 to 3 do\n output(i)\n endfor\n output(99)""}, {""type"": ""text"", ""content"": ""Berapa kali nilai 99 ditampilkan?""}]",[],[],1,SQ-02,,,,,none,,"[{""answer_id"": ""A566"", ""label"": ""A"", ""text"": ""0 kali"", ""is_correct"": false, ""misconceptions"": []}, {""answer_id"": ""A567"", ""label"": ""B"", ""text"": ""1 kali"", ""is_correct"": true, ""misconceptions"": []}, {""answer_id"": ""A568"", ""label"": ""C"", ""text"": ""3 kali"", ""is_correct"": false, ""misconceptions"": [""SQ-02""]}, {""answer_id"": ""A569"", ""label"": ""D"", ""text"": ""4 kali"", ""is_correct"": false, ""misconceptions"": []}]",B,FALSE,,MP-SQ-02-1
Q175,Batas akhir blok tidak dikenali: Kasus 2,The end of a block is not recognized: Case 2,"Perhatikan pseudocode berikut.
  
  jumlah <- 0
  for i <- 1 to 3 do
  jumlah <- jumlah + i
  endfor
  output(jumlah)
  
  Pernyataan yang benar adalah ...","Perhatikan pseudocode berikut.
  
  jumlah <- 0
  for i <- 1 to 3 do
  jumlah <- jumlah + i
  endfor
  output(jumlah)
  
  Pernyataan yang benar adalah ...",SQ-02,Hanya jumlah <- jumlah + i yang berada di dalam loop; output(jumlah) dijalankan setelah loop.,Kunci: B,W05-06,276,175,TRUE,ready,MP,LMS,LMS-MP-W05-06-SQ-02-Q2,SQ-02,,Uji pemahaman tentang Batas akhir blok tidak dikenali. Perhatikan pseudocode berikut. Pernyataan yang benar adalah ...,Assess understanding of The end of a block is not recognized. Perhatikan pseudocode berikut. Pernyataan yang benar adalah ...,"[{""type"": ""text"", ""content"": ""Perhatikan pseudocode berikut.""}, {""type"": ""code"", ""content"": ""jumlah <- 0\n for i <- 1 to 3 do\n jumlah <- jumlah + i\n endfor\n output(jumlah)""}, {""type"": ""text"", ""content"": ""Pernyataan yang benar adalah ...""}]","[{""type"": ""text"", ""content"": ""Perhatikan pseudocode berikut.""}, {""type"": ""code"", ""content"": ""jumlah <- 0\n for i <- 1 to 3 do\n jumlah <- jumlah + i\n endfor\n output(jumlah)""}, {""type"": ""text"", ""content"": ""Pernyataan yang benar adalah ...""}]",[],[],2,SQ-02,,,,,none,,"[{""answer_id"": ""A570"", ""label"": ""A"", ""text"": ""jumlah <- jumlah + i dan output(jumlah) sama-sama berada di dalam loop."", ""is_correct"": false, ""misconceptions"": [""SQ-02""]}, {""answer_id"": ""A571"", ""label"": ""B"", ""text"": ""Hanya jumlah <- jumlah + i yang berada di dalam loop; output(jumlah) dijalankan setelah loop."", ""is_correct"": true, ""misconceptions"": []}, {""answer_id"": ""A572"", ""label"": ""C"", ""text"": ""Tidak ada instruksi yang berada di dalam loop."", ""is_correct"": false, ""misconceptions"": []}, {""answer_id"": ""A573"", ""label"": ""D"", ""text"": ""output(jumlah) menjadi batas akhir loop."", ""is_correct"": false, ""misconceptions"": []}]",B,FALSE,,MP-SQ-02-2
Q176,Loop dianggap harus menghasilkan output yang sama pada setiap iterasi: Kasus 1,A loop is assumed to require the same output on every iteration: Case 1,"Diketahui N <- 4. Perhatikan loop berikut.
  
  for d <- 1 to 4 do
  output(N mod d == 0)
  endfor
  
  Pernyataan yang paling tepat adalah ...","Diketahui N <- 4. Perhatikan loop berikut.
  
  for d <- 1 to 4 do
  output(N mod d == 0)
  endfor
  
  Pernyataan yang paling tepat adalah ...",LO-23,Loop valid karena badan yang sama dijalankan untuk nilai d yang berbeda; keluaran setiap iterasi boleh berbeda.,Kunci: B,W05-06,277,176,TRUE,ready,MP,LMS,LMS-MP-W05-06-LO-23-Q1,LO-23,,Uji pemahaman tentang Loop dianggap harus menghasilkan output yang sama pada setiap iterasi. Pernyataan yang paling tepat adalah ...,Assess understanding of A loop is assumed to require the same output on every iteration. Pernyataan yang paling tepat adalah ...,"[{""type"": ""code"", ""content"": ""Diketahui N <- 4. Perhatikan loop berikut.\n\n for d <- 1 to 4 do\n output(N mod d == 0)\n endfor""}, {""type"": ""text"", ""content"": ""Pernyataan yang paling tepat adalah ...""}]","[{""type"": ""code"", ""content"": ""Diketahui N <- 4. Perhatikan loop berikut.\n\n for d <- 1 to 4 do\n output(N mod d == 0)\n endfor""}, {""type"": ""text"", ""content"": ""Pernyataan yang paling tepat adalah ...""}]",[],[],1,LO-23,,,,,none,,"[{""answer_id"": ""A574"", ""label"": ""A"", ""text"": ""Loop tidak valid karena keluaran setiap iterasi dapat berbeda."", ""is_correct"": false, ""misconceptions"": [""LO-23""]}, {""answer_id"": ""A575"", ""label"": ""B"", ""text"": ""Loop valid karena badan yang sama dijalankan untuk nilai d yang berbeda; keluaran setiap iterasi boleh berbeda."", ""is_correct"": true, ""misconceptions"": []}, {""answer_id"": ""A576"", ""label"": ""C"", ""text"": ""Loop valid hanya jika seluruh hasil Boolean sama."", ""is_correct"": false, ""misconceptions"": [""LO-23""]}, {""answer_id"": ""A577"", ""label"": ""D"", ""text"": ""Karena hasil dapat berbeda, empat instruksi output harus ditulis terpisah tanpa loop."", ""is_correct"": false, ""misconceptions"": [""LO-23""]}]",B,FALSE,,MP-LO-23-1
Q177,Loop dianggap harus menghasilkan output yang sama pada setiap iterasi: Kasus 2,A loop is assumed to require the same output on every iteration: Case 2,"Program membaca panjang dan lebar n persegi panjang, lalu menampilkan luas setiap persegi panjang. Luas antarpersegi panjang dapat berbeda. Pernyataan yang paling tepat adalah ...","Program membaca panjang dan lebar n persegi panjang, lalu menampilkan luas setiap persegi panjang. Luas antarpersegi panjang dapat berbeda. Pernyataan yang paling tepat adalah ...",LO-23,"for tepat karena jumlah data diketahui, sedangkan keluaran setiap iterasi boleh berbeda.",Kunci: B,W05-06,278,177,TRUE,ready,MP,LMS,LMS-MP-W05-06-LO-23-Q2,LO-23,,Uji pemahaman tentang Loop dianggap harus menghasilkan output yang sama pada setiap iterasi.,Assess understanding of A loop is assumed to require the same output on every iteration.,"[{""type"": ""text"", ""content"": ""Program membaca panjang dan lebar n persegi panjang, lalu menampilkan luas setiap persegi panjang. Luas antarpersegi panjang dapat berbeda. Pernyataan yang paling tepat adalah ...""}]","[{""type"": ""code"", ""content"": ""Program membaca panjang dan lebar n persegi panjang, lalu menampilkan luas setiap persegi panjang. Luas antarpersegi panjang dapat berbeda. Pernyataan yang paling tepat adalah ...""}]",[],[],2,LO-23,,,,,none,,"[{""answer_id"": ""A578"", ""label"": ""A"", ""text"": ""for tidak tepat karena keluaran setiap iterasi harus sama."", ""is_correct"": false, ""misconceptions"": [""LO-23""]}, {""answer_id"": ""A579"", ""label"": ""B"", ""text"": ""for tepat karena jumlah data diketahui, sedangkan keluaran setiap iterasi boleh berbeda."", ""is_correct"": true, ""misconceptions"": []}, {""answer_id"": ""A580"", ""label"": ""C"", ""text"": ""for hanya tepat jika seluruh persegi panjang mempunyai ukuran yang sama."", ""is_correct"": false, ""misconceptions"": [""LO-23""]}, {""answer_id"": ""A581"", ""label"": ""D"", ""text"": ""Karena luas dapat berbeda, proses input dan perhitungan harus ditulis n kali tanpa loop."", ""is_correct"": false, ""misconceptions"": [""LO-23""]}]",B,FALSE,,MP-LO-23-2
Q178,Variabel dianggap dapat menyimpan banyak nilai sekaligus: Kasus 1,A variable is assumed to store multiple values at once: Case 1,"Perhatikan pseudocode berikut.
  
  n <- 2345
  n <- n div 10
  output(n)
  
  Apa yang ditampilkan?","Perhatikan pseudocode berikut.
  
  n <- 2345
  n <- n div 10
  output(n)
  
  Apa yang ditampilkan?",VA-05,234,Kunci: B,W05-06,279,178,TRUE,ready,MP,LMS,LMS-MP-W05-06-VA-05-Q1,VA-05,,Uji pemahaman tentang Variabel dianggap dapat menyimpan banyak nilai sekaligus. Perhatikan pseudocode berikut. Apa yang ditampilkan?,Assess understanding of A variable is assumed to store multiple values at once. Perhatikan pseudocode berikut. Apa yang ditampilkan?,"[{""type"": ""text"", ""content"": ""Perhatikan pseudocode berikut.""}, {""type"": ""code"", ""content"": ""n <- 2345\n n <- n div 10\n output(n)""}, {""type"": ""text"", ""content"": ""Apa yang ditampilkan?""}]","[{""type"": ""text"", ""content"": ""Perhatikan pseudocode berikut.""}, {""type"": ""code"", ""content"": ""n <- 2345\n n <- n div 10\n output(n)""}, {""type"": ""text"", ""content"": ""Apa yang ditampilkan?""}]",[],[],1,VA-05,,,,,none,,"[{""answer_id"": ""A582"", ""label"": ""A"", ""text"": ""2345"", ""is_correct"": false, ""misconceptions"": [""VA-05""]}, {""answer_id"": ""A583"", ""label"": ""B"", ""text"": ""234"", ""is_correct"": true, ""misconceptions"": []}, {""answer_id"": ""A584"", ""label"": ""C"", ""text"": ""2345 dan 234"", ""is_correct"": false, ""misconceptions"": [""VA-05""]}, {""answer_id"": ""A585"", ""label"": ""D"", ""text"": ""5"", ""is_correct"": false, ""misconceptions"": [""OP-09""]}]",B,FALSE,,MP-VA-05-1
Q179,Variabel dianggap dapat menyimpan banyak nilai sekaligus: Kasus 2,A variable is assumed to store multiple values at once: Case 2,"Perhatikan pseudocode berikut.
  
  n <- 2345
  digitTerakhir <- n mod 10
  for i <- 2 to 4 do
  n <- n div 10
  endfor
  output(n, digitTerakhir)
  
  Apa yang ditampilkan?","Perhatikan pseudocode berikut.
  
  n <- 2345
  digitTerakhir <- n mod 10
  for i <- 2 to 4 do
  n <- n div 10
  endfor
  output(n, digitTerakhir)
  
  Apa yang ditampilkan?",VA-05,2 dan 5,Kunci: B,W05-06,280,179,TRUE,ready,MP,LMS,LMS-MP-W05-06-VA-05-Q2,VA-05,,Uji pemahaman tentang Variabel dianggap dapat menyimpan banyak nilai sekaligus. Perhatikan pseudocode berikut. Apa yang ditampilkan?,Assess understanding of A variable is assumed to store multiple values at once. Perhatikan pseudocode berikut. Apa yang ditampilkan?,"[{""type"": ""text"", ""content"": ""Perhatikan pseudocode berikut.""}, {""type"": ""code"", ""content"": ""n <- 2345\n digitTerakhir <- n mod 10\n for i <- 2 to 4 do\n n <- n div 10\n endfor\n output(n, digitTerakhir)""}, {""type"": ""text"", ""content"": ""Apa yang ditampilkan?""}]","[{""type"": ""text"", ""content"": ""Perhatikan pseudocode berikut.""}, {""type"": ""code"", ""content"": ""n <- 2345\n digitTerakhir <- n mod 10\n for i <- 2 to 4 do\n n <- n div 10\n endfor\n output(n, digitTerakhir)""}, {""type"": ""text"", ""content"": ""Apa yang ditampilkan?""}]",[],[],2,VA-05,,,,,none,,"[{""answer_id"": ""A586"", ""label"": ""A"", ""text"": ""2345 dan 5"", ""is_correct"": false, ""misconceptions"": [""VA-05""]}, {""answer_id"": ""A587"", ""label"": ""B"", ""text"": ""2 dan 5"", ""is_correct"": true, ""misconceptions"": []}, {""answer_id"": ""A588"", ""label"": ""C"", ""text"": ""2 dan 2345"", ""is_correct"": false, ""misconceptions"": []}, {""answer_id"": ""A589"", ""label"": ""D"", ""text"": ""2 dan 2"", ""is_correct"": false, ""misconceptions"": [""VA-08""]}]",B,FALSE,,MP-VA-05-2
Q180,Hasil bagi bulat dan sisa pembagian tertukar: Kasus 1,Integer quotient and remainder are confused: Case 1,"Berapakah hasil kedua ekspresi berikut?
  
  17 div 5
  17 mod 5","Berapakah hasil kedua ekspresi berikut?
  
  17 div 5
  17 mod 5",OP-09,3 dan 2,Kunci: A,W05-06,281,180,TRUE,ready,MP,LMS,LMS-MP-W05-06-OP-09-Q1,OP-09,,Uji pemahaman tentang Hasil bagi bulat dan sisa pembagian tertukar. Berapakah hasil kedua ekspresi berikut?,Assess understanding of Integer quotient and remainder are confused. Berapakah hasil kedua ekspresi berikut?,"[{""type"": ""text"", ""content"": ""Berapakah hasil kedua ekspresi berikut?\n\n 17 div 5\n 17 mod 5""}]","[{""type"": ""text"", ""content"": ""Berapakah hasil kedua ekspresi berikut?\n\n 17 div 5\n 17 mod 5""}]",[],[],1,OP-09,,,,,none,,"[{""answer_id"": ""A590"", ""label"": ""A"", ""text"": ""3 dan 2"", ""is_correct"": true, ""misconceptions"": []}, {""answer_id"": ""A591"", ""label"": ""B"", ""text"": ""2 dan 3"", ""is_correct"": false, ""misconceptions"": [""OP-09""]}, {""answer_id"": ""A592"", ""label"": ""C"", ""text"": ""3 dan 3"", ""is_correct"": false, ""misconceptions"": [""OP-09""]}, {""answer_id"": ""A593"", ""label"": ""D"", ""text"": ""2 dan 2"", ""is_correct"": false, ""misconceptions"": [""OP-09""]}]",A,FALSE,,MP-OP-09-1
Q181,Hasil bagi bulat dan sisa pembagian tertukar: Kasus 2,Integer quotient and remainder are confused: Case 2,Manakah ekspresi yang benar untuk memeriksa apakah N habis dibagi d?,Manakah ekspresi yang benar untuk memeriksa apakah N habis dibagi d?,OP-09,N mod d == 0,Kunci: B,W05-06,282,181,TRUE,ready,MP,LMS,LMS-MP-W05-06-OP-09-Q2,OP-09,,Uji pemahaman tentang Hasil bagi bulat dan sisa pembagian tertukar. Manakah ekspresi yang benar untuk memeriksa apakah N habis dibagi d?,Assess understanding of Integer quotient and remainder are confused. Manakah ekspresi yang benar untuk memeriksa apakah N habis dibagi d?,"[{""type"": ""text"", ""content"": ""Manakah ekspresi yang benar untuk memeriksa apakah N habis dibagi d?""}]","[{""type"": ""text"", ""content"": ""Manakah ekspresi yang benar untuk memeriksa apakah N habis dibagi d?""}]",[],[],2,OP-09,,,,,none,,"[{""answer_id"": ""A594"", ""label"": ""A"", ""text"": ""N div d == 0"", ""is_correct"": false, ""misconceptions"": [""OP-09""]}, {""answer_id"": ""A595"", ""label"": ""B"", ""text"": ""N mod d == 0"", ""is_correct"": true, ""misconceptions"": []}, {""answer_id"": ""A596"", ""label"": ""C"", ""text"": ""N div d != 0"", ""is_correct"": false, ""misconceptions"": [""OP-09""]}, {""answer_id"": ""A597"", ""label"": ""D"", ""text"": ""d mod N == 0"", ""is_correct"": false, ""misconceptions"": [""OP-10""]}]",B,FALSE,,MP-OP-09-2
Q182,Assignment dan perbandingan kesetaraan tertukar: Kasus 1,Assignment and equality comparison are confused: Case 1,Manakah kondisi yang benar untuk memeriksa apakah sisa pembagian N oleh d sama dengan 0?,Manakah kondisi yang benar untuk memeriksa apakah sisa pembagian N oleh d sama dengan 0?,OP-01,N mod d == 0,Kunci: C,W05-06,283,182,TRUE,ready,MP,LMS,LMS-MP-W05-06-OP-01-Q1,OP-01,,Uji pemahaman tentang Assignment dan perbandingan kesetaraan tertukar. Manakah kondisi yang benar untuk memeriksa apakah sisa pembagian N oleh d sama dengan 0?,Assess understanding of Assignment and equality comparison are confused. Manakah kondisi yang benar untuk memeriksa apakah sisa pembagian N oleh d sama dengan 0?,"[{""type"": ""text"", ""content"": ""Manakah kondisi yang benar untuk memeriksa apakah sisa pembagian N oleh d sama dengan 0?""}]","[{""type"": ""text"", ""content"": ""Manakah kondisi yang benar untuk memeriksa apakah sisa pembagian N oleh d sama dengan 0?""}]",[],[],1,OP-01,,,,,none,,"[{""answer_id"": ""A598"", ""label"": ""A"", ""text"": ""N mod d <- 0"", ""is_correct"": false, ""misconceptions"": [""OP-01""]}, {""answer_id"": ""A599"", ""label"": ""B"", ""text"": ""N mod d = 0"", ""is_correct"": false, ""misconceptions"": [""OP-01""]}, {""answer_id"": ""A600"", ""label"": ""C"", ""text"": ""N mod d == 0"", ""is_correct"": true, ""misconceptions"": []}, {""answer_id"": ""A601"", ""label"": ""D"", ""text"": ""N mod d : 0"", ""is_correct"": false, ""misconceptions"": []}]",C,TRUE,,MP-OP-01-1
Q183,Assignment dan perbandingan kesetaraan tertukar: Kasus 2,Assignment and equality comparison are confused: Case 2,"Perhatikan instruksi berikut.
  
  isFactor <- (N mod d == 0)
  
  Pernyataan yang benar adalah ...","Perhatikan instruksi berikut.
  
  isFactor <- (N mod d == 0)
  
  Pernyataan yang benar adalah ...",OP-01,"<- menyimpan hasil Boolean ke isFactor, sedangkan == membandingkan sisa dengan 0.",Kunci: B,W05-06,284,183,TRUE,ready,MP,LMS,LMS-MP-W05-06-OP-01-Q2,OP-01,,Uji pemahaman tentang Assignment dan perbandingan kesetaraan tertukar. Perhatikan instruksi berikut. Pernyataan yang benar adalah ...,Assess understanding of Assignment and equality comparison are confused. Perhatikan instruksi berikut. Pernyataan yang benar adalah ...,"[{""type"": ""text"", ""content"": ""Perhatikan instruksi berikut.""}, {""type"": ""code"", ""content"": ""isFactor <- (N mod d == 0)""}, {""type"": ""text"", ""content"": ""Pernyataan yang benar adalah ...""}]","[{""type"": ""text"", ""content"": ""Perhatikan instruksi berikut.""}, {""type"": ""code"", ""content"": ""isFactor <- (N mod d == 0)""}, {""type"": ""text"", ""content"": ""Pernyataan yang benar adalah ...""}]",[],[],2,OP-01,,,,,none,,"[{""answer_id"": ""A602"", ""label"": ""A"", ""text"": ""<- membandingkan dua nilai, sedangkan == menyimpan nilai."", ""is_correct"": false, ""misconceptions"": [""OP-01""]}, {""answer_id"": ""A603"", ""label"": ""B"", ""text"": ""<- menyimpan hasil Boolean ke isFactor, sedangkan == membandingkan sisa dengan 0."", ""is_correct"": true, ""misconceptions"": []}, {""answer_id"": ""A604"", ""label"": ""C"", ""text"": ""Kedua simbol mempunyai fungsi yang sama."", ""is_correct"": false, ""misconceptions"": [""OP-01""]}, {""answer_id"": ""A605"", ""label"": ""D"", ""text"": ""Hasil N mod d == 0 harus dibandingkan lagi dengan true sebelum dapat disimpan."", ""is_correct"": false, ""misconceptions"": [""EX-01""]}]",B,TRUE,,MP-OP-01-2
Q184,Penjumlahan dianggap lebih dahulu daripada pembagian: Kasus 1,Addition is assumed to take precedence over division: Case 1,"Perhatikan ekspresi berikut.
  
  nilai <- 12.0 + 6.0 / 3.0 - 2.0
  
  Berapakah nilai variabel nilai?","Perhatikan ekspresi berikut.
  
  nilai <- 12.0 + 6.0 / 3.0 - 2.0
  
  Berapakah nilai variabel nilai?",OP-05,12.0,Kunci: A,W05-06,285,184,TRUE,ready,MP,LMS,LMS-MP-W05-06-OP-05-Q1,OP-05,,Uji pemahaman tentang Penjumlahan dianggap lebih dahulu daripada pembagian. Perhatikan ekspresi berikut. Berapakah nilai variabel nilai?,Assess understanding of Addition is assumed to take precedence over division. Perhatikan ekspresi berikut. Berapakah nilai variabel nilai?,"[{""type"": ""text"", ""content"": ""Perhatikan ekspresi berikut.""}, {""type"": ""code"", ""content"": ""nilai <- 12.0 + 6.0 / 3.0 - 2.0""}, {""type"": ""text"", ""content"": ""Berapakah nilai variabel nilai?""}]","[{""type"": ""text"", ""content"": ""Perhatikan ekspresi berikut.""}, {""type"": ""code"", ""content"": ""nilai <- 12.0 + 6.0 / 3.0 - 2.0""}, {""type"": ""text"", ""content"": ""Berapakah nilai variabel nilai?""}]",[],[],1,OP-05,,,,,none,,"[{""answer_id"": ""A606"", ""label"": ""A"", ""text"": ""12.0"", ""is_correct"": true, ""misconceptions"": []}, {""answer_id"": ""A607"", ""label"": ""B"", ""text"": ""4.0"", ""is_correct"": false, ""misconceptions"": [""OP-05""]}, {""answer_id"": ""A608"", ""label"": ""C"", ""text"": ""18.0"", ""is_correct"": false, ""misconceptions"": [""OP-06""]}, {""answer_id"": ""A609"", ""label"": ""D"", ""text"": ""10.5"", ""is_correct"": false, ""misconceptions"": [""OP-10""]}]",A,FALSE,,MP-OP-05-1
Q185,Penjumlahan dianggap lebih dahulu daripada pembagian: Kasus 2,Addition is assumed to take precedence over division: Case 2,"Diketahui:
  
  i <- 2
  nilai <- 4.0 / 4 * i + 1
  
  Manakah pengelompokan yang sesuai aturan prioritas dan asosiasi operator?","Diketahui:
  
  i <- 2
  nilai <- 4.0 / 4 * i + 1
  
  Manakah pengelompokan yang sesuai aturan prioritas dan asosiasi operator?",OP-05,(4.0 / 4) * i + 1,Kunci: A,W05-06,286,185,TRUE,ready,MP,LMS,LMS-MP-W05-06-OP-05-Q2,OP-05,,Uji pemahaman tentang Penjumlahan dianggap lebih dahulu daripada pembagian. Diketahui: Manakah pengelompokan yang sesuai aturan prioritas dan asosiasi operator?,Assess understanding of Addition is assumed to take precedence over division. Diketahui: Manakah pengelompokan yang sesuai aturan prioritas dan asosiasi operator?,"[{""type"": ""text"", ""content"": ""Diketahui:""}, {""type"": ""code"", ""content"": ""i <- 2\nnilai <- 4.0 / 4 * i + 1""}, {""type"": ""text"", ""content"": ""Manakah pengelompokan yang sesuai aturan prioritas dan asosiasi operator?""}]","[{""type"": ""text"", ""content"": ""Diketahui:""}, {""type"": ""code"", ""content"": ""i <- 2\n nilai <- 4.0 / 4 * i + 1""}, {""type"": ""text"", ""content"": ""Manakah pengelompokan yang sesuai aturan prioritas dan asosiasi operator?""}]",[],[],2,OP-05,,,,,none,,"[{""answer_id"": ""A610"", ""label"": ""A"", ""text"": ""(4.0 / 4) * i + 1"", ""is_correct"": true, ""misconceptions"": []}, {""answer_id"": ""A611"", ""label"": ""B"", ""text"": ""4.0 / (4 * i + 1)"", ""is_correct"": false, ""misconceptions"": [""OP-05""]}, {""answer_id"": ""A612"", ""label"": ""C"", ""text"": ""4.0 / (4 * i) + 1"", ""is_correct"": false, ""misconceptions"": []}, {""answer_id"": ""A613"", ""label"": ""D"", ""text"": ""(4 * i + 1) / 4.0"", ""is_correct"": false, ""misconceptions"": []}]",A,FALSE,,MP-OP-05-2
Q186,Menghitung Banyak Bilangan Negatif,Menghitung Banyak Bilangan Negatif,"Tulislah algoritma untuk menghitung banyak bilangan negatif dari tiga bilangan bulat yang diberikan.
  Input: Tiga bilangan bulat.
  Output: Sebuah bilangan bulat 0, 1, 2, atau 3 yang menyatakan banyak input bernilai negatif.
  Catatan: Gunakan satu atau lebih struktur percabangan if-then untuk memeriksa setiap bilangan.","Write an algorithm to count how many of three given integers are negative.
  Input: Three integers.
  Output: An integer from 0 to 3 representing the number of negative input values.
  Note: Use one or more if-then statements to check each value.",069,"[RIGHT ANSWER UPDATED FOR WEEK 9]
  
  program CountNegatives
  kamus
  d1, d2, d3, count : integer
  algoritma
  input(d1, d2, d3)
  count <- 0
  
  if d1 < 0 then
  count <- count + 1
  endif
  if d2 < 0 then
  count <- count + 1
  endif
  if d3 < 0 then
  count <- count + 1
  endif
  
  output(count)
  endprogram","[TEST CASES UPDATED FOR WEEK 9]
  
  1) Input: 1 2 -3
  Expected: 1
  
  2) Input: -1 -2 4
  Expected: 2
  
  3) Input: 1 3 2
  Expected: 0
  
  4) Input: -3 -3 -3
  Expected: 3
  
  5) Input: 0 0 0
  Expected: 0
  
  6) Input: -1 0 2
  Expected: 1
  
  7) Input: 4 -4 -4
  Expected: 2",W09,133,186,TRUE,ready,PS,LMS,LMS-PS-11233164,"069.JMT Count negatives (en)
  [REVISED FOR WEEK 9]",Ultimate,Tulislah algoritma untuk menghitung banyak bilangan negatif dari tiga bilangan bulat yang diberikan.,Write an algorithm to count how many of three given integers are negative.,"[{""type"": ""text"", ""content"": ""Tulislah algoritma untuk menghitung banyak bilangan negatif dari tiga bilangan bulat yang diberikan.\n Input: Tiga bilangan bulat.\n Output: Sebuah bilangan bulat 0, 1, 2, atau 3 yang menyatakan banyak input bernilai negatif.\n Catatan: Gunakan satu atau lebih struktur percabangan if-then untuk memeriksa setiap bilangan.""}]","[{""type"": ""text"", ""content"": ""Write an algorithm to count how many of three given integers are negative.\n Input: Three integers.\n Output: An integer from 0 to 3 representing the number of negative input values.\n Note: Use one or more if-then statements to check each value.""}]","[""1 2 -3"", ""-1 -2 4"", ""1 3 2"", ""-3 -3 -3"", ""0 0 0"", ""-1 0 2"", ""4 -4 -4""]","[""1"", ""2"", ""0"", ""3"", ""0"", ""1"", ""2""]",,,Tiga bilangan bulat.,Three integers.,"Sebuah bilangan bulat 0, 1, 2, atau 3 yang menyatakan banyak input bernilai negatif.",An integer from 0 to 3 representing the number of negative input values.,text+table,"[{""case_no"": 1, ""input"": ""1 2 -3"", ""output"": ""1""}, {""case_no"": 2, ""input"": ""-1 -2 4"", ""output"": ""2""}, {""case_no"": 3, ""input"": ""1 3 2"", ""output"": ""0""}, {""case_no"": 4, ""input"": ""-3 -3 -3"", ""output"": ""3""}, {""case_no"": 5, ""input"": ""0 0 0"", ""output"": ""0""}, {""case_no"": 6, ""input"": ""-1 0 2"", ""output"": ""1""}, {""case_no"": 7, ""input"": ""4 -4 -4"", ""output"": ""2""}]",,,FALSE,11233164,11233164
Q187,Menghitung Banyak Bilangan Ganjil,Menghitung Banyak Bilangan Ganjil,"Tulislah algoritma untuk menghitung banyak bilangan ganjil dari tiga bilangan bulat yang diberikan.
  Input: Tiga bilangan bulat.
  Output: Sebuah bilangan bulat 0, 1, 2, atau 3 yang menyatakan banyak input bernilai ganjil.
  Catatan: Gunakan satu atau lebih struktur percabangan if-then. Bilangan ganjil memiliki sisa pembagian oleh 2 yang tidak sama dengan 0, termasuk untuk bilangan negatif.","Write an algorithm to count how many of three given integers are odd.
  Input: Three integers.
  Output: An integer from 0 to 3 representing the number of odd input values.
  Note: Use one or more if-then statements. An odd integer has a remainder after division by 2 that is not equal to 0, including negative integers.",069,"[RIGHT ANSWER UPDATED FOR WEEK 9]
  
  program CountOdds
  kamus
  d1, d2, d3, count : integer
  algoritma
  input(d1, d2, d3)
  count <- 0
  
  if d1 mod 2 != 0 then
  count <- count + 1
  endif
  if d2 mod 2 != 0 then
  count <- count + 1
  endif
  if d3 mod 2 != 0 then
  count <- count + 1
  endif
  
  output(count)
  endprogram","[TEST CASES UPDATED FOR WEEK 9]
  
  1) Input: 1 2 3
  Expected: 2
  
  2) Input: 1 2 4
  Expected: 1
  
  3) Input: 3 3 3
  Expected: 3
  
  4) Input: 4 4 4
  Expected: 0
  
  5) Input: -1 2 -3
  Expected: 2
  
  6) Input: 0 -4 6
  Expected: 0
  
  7) Input: -5 4 3
  Expected: 2",W09,134,187,TRUE,ready,PS,LMS,LMS-PS-11233163,"069.JMT Count odds (en)
  [REVISED FOR WEEK 9]",Ultimate,Tulislah algoritma untuk menghitung banyak bilangan ganjil dari tiga bilangan bulat yang diberikan.,Write an algorithm to count how many of three given integers are odd.,"[{""type"": ""text"", ""content"": ""Tulislah algoritma untuk menghitung banyak bilangan ganjil dari tiga bilangan bulat yang diberikan.\n Input: Tiga bilangan bulat.\n Output: Sebuah bilangan bulat 0, 1, 2, atau 3 yang menyatakan banyak input bernilai ganjil.\n Catatan: Gunakan satu atau lebih struktur percabangan if-then. Bilangan ganjil memiliki sisa pembagian oleh 2 yang tidak sama dengan 0, termasuk untuk bilangan negatif.""}]","[{""type"": ""text"", ""content"": ""Write an algorithm to count how many of three given integers are odd.\n Input: Three integers.\n Output: An integer from 0 to 3 representing the number of odd input values.\n Note: Use one or more if-then statements. An odd integer has a remainder after division by 2 that is not equal to 0, including negative integers.""}]","[""1 2 3"", ""1 2 4"", ""3 3 3"", ""4 4 4"", ""-1 2 -3"", ""0 -4 6"", ""-5 4 3""]","[""2"", ""1"", ""3"", ""0"", ""2"", ""0"", ""2""]",,,Tiga bilangan bulat.,Three integers.,"Sebuah bilangan bulat 0, 1, 2, atau 3 yang menyatakan banyak input bernilai ganjil.",An integer from 0 to 3 representing the number of odd input values.,text+table,"[{""case_no"": 1, ""input"": ""1 2 3"", ""output"": ""2""}, {""case_no"": 2, ""input"": ""1 2 4"", ""output"": ""1""}, {""case_no"": 3, ""input"": ""3 3 3"", ""output"": ""3""}, {""case_no"": 4, ""input"": ""4 4 4"", ""output"": ""0""}, {""case_no"": 5, ""input"": ""-1 2 -3"", ""output"": ""2""}, {""case_no"": 6, ""input"": ""0 -4 6"", ""output"": ""0""}, {""case_no"": 7, ""input"": ""-5 4 3"", ""output"": ""2""}]",,,FALSE,11233163,11233163
Q188,Menjumlahkan Bilangan Ganjil,Menjumlahkan Bilangan Ganjil,"Tulislah algoritma untuk menghitung jumlah semua bilangan ganjil dari tiga bilangan bulat yang diberikan.
  Input: Tiga bilangan bulat.
  Output: Sebuah bilangan bulat yang menyatakan jumlah semua input bernilai ganjil. Keluarkan 0 jika tidak ada bilangan ganjil.
  Catatan: Gunakan satu atau lebih struktur percabangan if-then.","Write an algorithm to compute the sum of all odd values among three given integers.
  Input: Three integers.
  Output: An integer representing the sum of all odd input values. Output 0 if none of the inputs is odd.
  Note: Use one or more if-then statements.",069,"[RIGHT ANSWER UPDATED FOR WEEK 9]
  
  program SumOdds
  kamus
  d1, d2, d3, sum : integer
  algoritma
  input(d1, d2, d3)
  sum <- 0
  
  if d1 mod 2 != 0 then
  sum <- sum + d1
  endif
  if d2 mod 2 != 0 then
  sum <- sum + d2
  endif
  if d3 mod 2 != 0 then
  sum <- sum + d3
  endif
  
  output(sum)
  endprogram","[TEST CASES UPDATED FOR WEEK 9]
  
  1) Input: 1 2 3
  Expected: 4
  
  2) Input: 1 2 4
  Expected: 1
  
  3) Input: 3 3 3
  Expected: 9
  
  4) Input: 4 4 4
  Expected: 0
  
  5) Input: -1 2 -3
  Expected: -4
  
  6) Input: 0 -4 6
  Expected: 0
  
  7) Input: -5 4 3
  Expected: -2",W09,135,188,TRUE,ready,PS,LMS,LMS-PS-11233165,"069.JMT Sum of odds (en)
  [REVISED FOR WEEK 9]",Ultimate,Tulislah algoritma untuk menghitung jumlah semua bilangan ganjil dari tiga bilangan bulat yang diberikan.,Write an algorithm to compute the sum of all odd values among three given integers.,"[{""type"": ""text"", ""content"": ""Tulislah algoritma untuk menghitung jumlah semua bilangan ganjil dari tiga bilangan bulat yang diberikan.\n Input: Tiga bilangan bulat.\n Output: Sebuah bilangan bulat yang menyatakan jumlah semua input bernilai ganjil. Keluarkan 0 jika tidak ada bilangan ganjil.\n Catatan: Gunakan satu atau lebih struktur percabangan if-then.""}]","[{""type"": ""text"", ""content"": ""Write an algorithm to compute the sum of all odd values among three given integers.\n Input: Three integers.\n Output: An integer representing the sum of all odd input values. Output 0 if none of the inputs is odd.\n Note: Use one or more if-then statements.""}]","[""1 2 3"", ""1 2 4"", ""3 3 3"", ""4 4 4"", ""-1 2 -3"", ""0 -4 6"", ""-5 4 3""]","[""4"", ""1"", ""9"", ""0"", ""-4"", ""0"", ""-2""]",,,Tiga bilangan bulat.,Three integers.,Sebuah bilangan bulat yang menyatakan jumlah semua input bernilai ganjil. Keluarkan 0 jika tidak ada bilangan ganjil.,An integer representing the sum of all odd input values. Output 0 if none of the inputs is odd.,text+table,"[{""case_no"": 1, ""input"": ""1 2 3"", ""output"": ""4""}, {""case_no"": 2, ""input"": ""1 2 4"", ""output"": ""1""}, {""case_no"": 3, ""input"": ""3 3 3"", ""output"": ""9""}, {""case_no"": 4, ""input"": ""4 4 4"", ""output"": ""0""}, {""case_no"": 5, ""input"": ""-1 2 -3"", ""output"": ""-4""}, {""case_no"": 6, ""input"": ""0 -4 6"", ""output"": ""0""}, {""case_no"": 7, ""input"": ""-5 4 3"", ""output"": ""-2""}]",,,FALSE,11233165,11233165
Q189,Menjumlahkan Bilangan Positif,Menjumlahkan Bilangan Positif,"Tulislah algoritma untuk menghitung jumlah semua bilangan positif dari tiga bilangan bulat yang diberikan.
  Input: Tiga bilangan bulat.
  Output: Sebuah bilangan bulat yang menyatakan jumlah semua input yang lebih besar dari 0. Keluarkan 0 jika tidak ada bilangan positif.
  Catatan: Gunakan satu atau lebih struktur percabangan if-then. Nol bukan bilangan positif.","Write an algorithm to compute the sum of all positive values among three given integers.
  Input: Three integers.
  Output: An integer representing the sum of all input values greater than 0. Output 0 if none of the inputs is positive.
  Note: Use one or more if-then statements. Zero is not a positive number.",069,"[RIGHT ANSWER UPDATED FOR WEEK 9]
  
  program SumPositives
  kamus
  d1, d2, d3, sum : integer
  algoritma
  input(d1, d2, d3)
  sum <- 0
  
  if d1 > 0 then
  sum <- sum + d1
  endif
  if d2 > 0 then
  sum <- sum + d2
  endif
  if d3 > 0 then
  sum <- sum + d3
  endif
  
  output(sum)
  endprogram","[TEST CASES UPDATED FOR WEEK 9]
  
  1) Input: 1 2 -3
  Expected: 3
  
  2) Input: -1 -2 4
  Expected: 4
  
  3) Input: 1 3 2
  Expected: 6
  
  4) Input: -3 -3 -3
  Expected: 0
  
  5) Input: 0 0 0
  Expected: 0
  
  6) Input: 0 5 -2
  Expected: 5
  
  7) Input: 4 -4 -4
  Expected: 4",W09,136,189,TRUE,ready,PS,LMS,LMS-PS-11233392,"069.JMT Sum of positives (en)
  [REVISED FOR WEEK 9]",Ultimate,Tulislah algoritma untuk menghitung jumlah semua bilangan positif dari tiga bilangan bulat yang diberikan.,Write an algorithm to compute the sum of all positive values among three given integers.,"[{""type"": ""text"", ""content"": ""Tulislah algoritma untuk menghitung jumlah semua bilangan positif dari tiga bilangan bulat yang diberikan.\n Input: Tiga bilangan bulat.\n Output: Sebuah bilangan bulat yang menyatakan jumlah semua input yang lebih besar dari 0. Keluarkan 0 jika tidak ada bilangan positif.\n Catatan: Gunakan satu atau lebih struktur percabangan if-then. Nol bukan bilangan positif.""}]","[{""type"": ""text"", ""content"": ""Write an algorithm to compute the sum of all positive values among three given integers.\n Input: Three integers.\n Output: An integer representing the sum of all input values greater than 0. Output 0 if none of the inputs is positive.\n Note: Use one or more if-then statements. Zero is not a positive number.""}]","[""1 2 -3"", ""-1 -2 4"", ""1 3 2"", ""-3 -3 -3"", ""0 0 0"", ""0 5 -2"", ""4 -4 -4""]","[""3"", ""4"", ""6"", ""0"", ""0"", ""5"", ""4""]",,,Tiga bilangan bulat.,Three integers.,Sebuah bilangan bulat yang menyatakan jumlah semua input yang lebih besar dari 0. Keluarkan 0 jika tidak ada bilangan positif.,An integer representing the sum of all input values greater than 0. Output 0 if none of the inputs is positive.,text+table,"[{""case_no"": 1, ""input"": ""1 2 -3"", ""output"": ""3""}, {""case_no"": 2, ""input"": ""-1 -2 4"", ""output"": ""4""}, {""case_no"": 3, ""input"": ""1 3 2"", ""output"": ""6""}, {""case_no"": 4, ""input"": ""-3 -3 -3"", ""output"": ""0""}, {""case_no"": 5, ""input"": ""0 0 0"", ""output"": ""0""}, {""case_no"": 6, ""input"": ""0 5 -2"", ""output"": ""5""}, {""case_no"": 7, ""input"": ""4 -4 -4"", ""output"": ""4""}]",,,FALSE,11233392,11233392
Q190,Menentukan Cashback dan Diskon,Menentukan Cashback dan Diskon,"Tulislah algoritma untuk menentukan cashback dan diskon berdasarkan lima nomor voucher a, b, c, d, dan e.
  Input: Lima bilangan bulat a, b, c, d, dan e, dengan a + e != 0.
  Output: Teks ""cashback"" jika a + b + c == c + d + e dan teks ""discount"" jika (b + c + d) mod (a + e) == 0. Jika kedua syarat terpenuhi, keluarkan ""cashback"" terlebih dahulu, kemudian ""discount"", masing-masing pada baris terpisah. Jangan menampilkan apa pun jika tidak ada syarat yang terpenuhi.
  Catatan: Kedua promosi bersifat independen. Gunakan dua struktur if-then terpisah.","Write an algorithm to determine cashback and discount eligibility based on five voucher numbers a, b, c, d, and e.
  Input: Five integers a, b, c, d, and e, where a + e != 0.
  Output: The text ""cashback"" if a + b + c == c + d + e and the text ""discount"" if (b + c + d) mod (a + e) == 0. If both conditions are satisfied, output ""cashback"" first and then ""discount"", each on a separate line. Display nothing if neither condition is satisfied.
  Note: The two promotions are independent. Use two separate if-then statements.",002,"program CashbackDiscount
  kamus
  a, b, c, d, e : integer
  algoritma
  input(a, b, c, d, e)
  
  if a + b + c == c + d + e then
  output(""cashback"")
  endif
  
  if (b + c + d) mod (a + e) == 0 then
  output(""discount"")
  endif
  endprogram","1) Input: 3 4 5 2 5
  Expected:
  cashback
  
  2) Input: 2 2 2 4 2
  Expected:
  discount
  
  3) Input: 1 2 3 4 5
  Expected: [no output]
  
  4) Input: 2 7 6 5 4
  Expected:
  cashback
  discount
  
  5) Input: 1 9 3 4 3
  Expected:
  discount
  
  6) Input: 2 2 3 4 5
  Expected: [no output]
  
  7) Input: 2 3 4 1 5
  Expected: [no output]
  
  8) Input: 1 1 1 2 1
  Expected:
  discount
  
  9) Input: 0 1 2 3 1
  Expected:
  discount
  
  10) Input: -1 2 3 4 2
  Expected:
  discount",W09,137,190,TRUE,ready,PS,LMS,LMS-PS-10624155,002 PEY cashback diskon (en),Basic,"Tulislah algoritma untuk menentukan cashback dan diskon berdasarkan lima nomor voucher a, b, c, d, dan e.","Write an algorithm to determine cashback and discount eligibility based on five voucher numbers a, b, c, d, and e.","[{""type"": ""text"", ""content"": ""Tulislah algoritma untuk menentukan cashback dan diskon berdasarkan lima nomor voucher a, b, c, d, dan e.\n Input: Lima bilangan bulat a, b, c, d, dan e, dengan a + e != 0.\n Output: Teks \""cashback\"" jika a + b + c == c + d + e dan teks \""discount\"" jika (b + c + d) mod (a + e) == 0. Jika kedua syarat terpenuhi, keluarkan \""cashback\"" terlebih dahulu, kemudian \""discount\"", masing-masing pada baris terpisah. Jangan menampilkan apa pun jika tidak ada syarat yang terpenuhi.\n Catatan: Kedua promosi bersifat independen. Gunakan dua struktur if-then terpisah.""}]","[{""type"": ""text"", ""content"": ""Write an algorithm to determine cashback and discount eligibility based on five voucher numbers a, b, c, d, and e.\n Input: Five integers a, b, c, d, and e, where a + e != 0.\n Output: The text \""cashback\"" if a + b + c == c + d + e and the text \""discount\"" if (b + c + d) mod (a + e) == 0. If both conditions are satisfied, output \""cashback\"" first and then \""discount\"", each on a separate line. Display nothing if neither condition is satisfied.\n Note: The two promotions are independent. Use two separate if-then statements.""}]","[""3 4 5 2 5"", ""2 2 2 4 2"", ""1 2 3 4 5"", ""2 7 6 5 4"", ""1 9 3 4 3"", ""2 2 3 4 5"", ""2 3 4 1 5"", ""1 1 1 2 1"", ""0 1 2 3 1"", ""-1 2 3 4 2""]","[""cashback"", ""discount"", ""[no output]"", ""cashback\ndiscount"", ""discount"", ""[no output]"", ""[no output]"", ""discount"", ""discount"", ""discount""]",,,"Lima bilangan bulat a, b, c, d, dan e, dengan a + e != 0.","Five integers a, b, c, d, and e, where a + e != 0.","Teks ""cashback"" jika a + b + c == c + d + e dan teks ""discount"" jika (b + c + d) mod (a + e) == 0. Jika kedua syarat terpenuhi, keluarkan ""cashback"" terlebih dahulu, kemudian ""discount"", masing-masing pada baris terpisah. Jangan menampilkan apa pun jika tidak ada syarat yang terpenuhi.","The text ""cashback"" if a + b + c == c + d + e and the text ""discount"" if (b + c + d) mod (a + e) == 0. If both conditions are satisfied, output ""cashback"" first and then ""discount"", each on a separate line. Display nothing if neither condition is satisfied.",text+table,"[{""case_no"": 1, ""input"": ""3 4 5 2 5"", ""output"": ""cashback""}, {""case_no"": 2, ""input"": ""2 2 2 4 2"", ""output"": ""discount""}, {""case_no"": 3, ""input"": ""1 2 3 4 5"", ""output"": ""[no output]""}, {""case_no"": 4, ""input"": ""2 7 6 5 4"", ""output"": ""cashback\ndiscount""}, {""case_no"": 5, ""input"": ""1 9 3 4 3"", ""output"": ""discount""}, {""case_no"": 6, ""input"": ""2 2 3 4 5"", ""output"": ""[no output]""}, {""case_no"": 7, ""input"": ""2 3 4 1 5"", ""output"": ""[no output]""}, {""case_no"": 8, ""input"": ""1 1 1 2 1"", ""output"": ""discount""}, {""case_no"": 9, ""input"": ""0 1 2 3 1"", ""output"": ""discount""}, {""case_no"": 10, ""input"": ""-1 2 3 4 2"", ""output"": ""discount""}]",,,TRUE,10624155,10624155
Q191,Menentukan Keberangkatan Bus,Menentukan Keberangkatan Bus,"Tulislah algoritma untuk menentukan apakah bus antarkota berangkat atau dibatalkan.
  Input: Dua bilangan bulat, yaitu kapasitas bus yang bernilai positif dan jumlah penumpang.
  Output: Teks ""Depart"" jika jumlah penumpang sekurang-kurangnya 50% dan paling banyak 75% dari kapasitas bus; selain itu, keluarkan ""Cancelled"".
  Catatan: Batas 50% dan 75% bersifat inklusif.","Write an algorithm to determine whether an intercity bus will depart or be cancelled.
  Input: Two integers: a positive bus capacity and the number of passengers.
  Output: The text ""Depart"" if the number of passengers is at least 50% and at most 75% of the bus capacity; otherwise, output ""Cancelled"".
  Note: The 50% and 75% limits are inclusive.",005,"program BusDeparture
  kamus
  capacity, passengers : integer
  ratio : real
  algoritma
  input(capacity)
  input(passengers)
  
  ratio <- passengers * 1.0 / capacity
  
  if ratio >= 0.50 and ratio <= 0.75 then
  output(""Depart"")
  else
  output(""Cancelled"")
  endif
  endprogram","[TEST CASES UPDATED - BOUNDARIES]
  
  1) Input:
  40
  20
  Expected: Depart
  
  2) Input:
  40
  30
  Expected: Depart
  
  3) Input:
  40
  19
  Expected: Cancelled
  
  4) Input:
  40
  31
  Expected: Cancelled
  
  5) Input:
  41
  21
  Expected: Depart
  
  6) Input:
  41
  31
  Expected: Cancelled
  
  7) Input:
  41
  20
  Expected: Cancelled
  
  8) Input:
  41
  30
  Expected: Depart",W09,138,191,TRUE,ready,PS,LMS,LMS-PS-10624183,005.UAI bus masa pandemi (en),Basic,Tulislah algoritma untuk menentukan apakah bus antarkota berangkat atau dibatalkan.,Write an algorithm to determine whether an intercity bus will depart or be cancelled.,"[{""type"": ""text"", ""content"": ""Tulislah algoritma untuk menentukan apakah bus antarkota berangkat atau dibatalkan.\n Input: Dua bilangan bulat, yaitu kapasitas bus yang bernilai positif dan jumlah penumpang.\n Output: Teks \""Depart\"" jika jumlah penumpang sekurang-kurangnya 50% dan paling banyak 75% dari kapasitas bus; selain itu, keluarkan \""Cancelled\"".\n Catatan: Batas 50% dan 75% bersifat inklusif.""}]","[{""type"": ""text"", ""content"": ""Write an algorithm to determine whether an intercity bus will depart or be cancelled.\n Input: Two integers: a positive bus capacity and the number of passengers.\n Output: The text \""Depart\"" if the number of passengers is at least 50% and at most 75% of the bus capacity; otherwise, output \""Cancelled\"".\n Note: The 50% and 75% limits are inclusive.""}]","[""40\n20"", ""40\n30"", ""40\n19"", ""40\n31"", ""41\n21"", ""41\n31"", ""41\n20"", ""41\n30""]","[""Depart"", ""Depart"", ""Cancelled"", ""Cancelled"", ""Depart"", ""Cancelled"", ""Cancelled"", ""Depart""]",,,"Dua bilangan bulat, yaitu kapasitas bus yang bernilai positif dan jumlah penumpang.",Two integers: a positive bus capacity and the number of passengers.,"Teks ""Depart"" jika jumlah penumpang sekurang-kurangnya 50% dan paling banyak 75% dari kapasitas bus; selain itu, keluarkan ""Cancelled"".","The text ""Depart"" if the number of passengers is at least 50% and at most 75% of the bus capacity; otherwise, output ""Cancelled"".",text+table,"[{""case_no"": 1, ""input"": ""40\n20"", ""output"": ""Depart""}, {""case_no"": 2, ""input"": ""40\n30"", ""output"": ""Depart""}, {""case_no"": 3, ""input"": ""40\n19"", ""output"": ""Cancelled""}, {""case_no"": 4, ""input"": ""40\n31"", ""output"": ""Cancelled""}, {""case_no"": 5, ""input"": ""41\n21"", ""output"": ""Depart""}, {""case_no"": 6, ""input"": ""41\n31"", ""output"": ""Cancelled""}, {""case_no"": 7, ""input"": ""41\n20"", ""output"": ""Cancelled""}, {""case_no"": 8, ""input"": ""41\n30"", ""output"": ""Depart""}]",,,TRUE,10624183,10624183
Q192,Menentukan Kelayakan Monetisasi YouTube,Menentukan Kelayakan Monetisasi YouTube,"Tulislah algoritma untuk menentukan apakah sebuah kanal YouTube memenuhi syarat monetisasi.
  Input: Dua bilangan bulat, yaitu jumlah subscribers dan jumlah jam tayang selama 12 bulan terakhir.
  Output: Teks ""monetizable"" jika jumlah subscribers sekurang-kurangnya 1000 dan jumlah jam tayang sekurang-kurangnya 4000; selain itu, keluarkan ""unmonetizable"".","Write an algorithm to determine whether a YouTube channel is eligible for monetization.
  Input: Two integers: the number of subscribers and the number of viewing hours during the last 12 months.
  Output: The text ""monetizable"" if the channel has at least 1,000 subscribers and at least 4,000 viewing hours; otherwise, output ""unmonetizable"".",006,"program YouTubeMonetization
  kamus
  subscribers, viewingHours : integer
  algoritma
  input(subscribers)
  input(viewingHours)
  
  if subscribers >= 1000 and viewingHours >= 4000 then
  output(""monetizable"")
  else
  output(""unmonetizable"")
  endif
  endprogram","[TEST CASES UPDATED - ISOLATED THRESHOLDS]
  
  1) Input:
  1000
  4000
  Expected: monetizable
  
  2) Input:
  1000
  3000
  Expected: unmonetizable
  
  3) Input:
  999
  2000
  Expected: unmonetizable
  
  4) Input:
  900
  1000
  Expected: unmonetizable
  
  5) Input:
  2000
  5000
  Expected: monetizable
  
  6) Input:
  999
  4000
  Expected: unmonetizable
  
  7) Input:
  1000
  3999
  Expected: unmonetizable",W09,139,192,TRUE,ready,PS,LMS,LMS-PS-10624184,006.UAI monetisasi youtube (en),Basic,Tulislah algoritma untuk menentukan apakah sebuah kanal YouTube memenuhi syarat monetisasi.,Write an algorithm to determine whether a YouTube channel is eligible for monetization.,"[{""type"": ""text"", ""content"": ""Tulislah algoritma untuk menentukan apakah sebuah kanal YouTube memenuhi syarat monetisasi.\n Input: Dua bilangan bulat, yaitu jumlah subscribers dan jumlah jam tayang selama 12 bulan terakhir.\n Output: Teks \""monetizable\"" jika jumlah subscribers sekurang-kurangnya 1000 dan jumlah jam tayang sekurang-kurangnya 4000; selain itu, keluarkan \""unmonetizable\"".""}]","[{""type"": ""text"", ""content"": ""Write an algorithm to determine whether a YouTube channel is eligible for monetization.\n Input: Two integers: the number of subscribers and the number of viewing hours during the last 12 months.\n Output: The text \""monetizable\"" if the channel has at least 1,000 subscribers and at least 4,000 viewing hours; otherwise, output \""unmonetizable\"".""}]","[""1000\n4000"", ""1000\n3000"", ""999\n2000"", ""900\n1000"", ""2000\n5000"", ""999\n4000"", ""1000\n3999""]","[""monetizable"", ""unmonetizable"", ""unmonetizable"", ""unmonetizable"", ""monetizable"", ""unmonetizable"", ""unmonetizable""]",,,"Dua bilangan bulat, yaitu jumlah subscribers dan jumlah jam tayang selama 12 bulan terakhir.",Two integers: the number of subscribers and the number of viewing hours during the last 12 months.,"Teks ""monetizable"" jika jumlah subscribers sekurang-kurangnya 1000 dan jumlah jam tayang sekurang-kurangnya 4000; selain itu, keluarkan ""unmonetizable"".","The text ""monetizable"" if the channel has at least 1,000 subscribers and at least 4,000 viewing hours; otherwise, output ""unmonetizable"".",text+table,"[{""case_no"": 1, ""input"": ""1000\n4000"", ""output"": ""monetizable""}, {""case_no"": 2, ""input"": ""1000\n3000"", ""output"": ""unmonetizable""}, {""case_no"": 3, ""input"": ""999\n2000"", ""output"": ""unmonetizable""}, {""case_no"": 4, ""input"": ""900\n1000"", ""output"": ""unmonetizable""}, {""case_no"": 5, ""input"": ""2000\n5000"", ""output"": ""monetizable""}, {""case_no"": 6, ""input"": ""999\n4000"", ""output"": ""unmonetizable""}, {""case_no"": 7, ""input"": ""1000\n3999"", ""output"": ""unmonetizable""}]",,,FALSE,10624184,10624184
Q193,Memeriksa Hasil Penjumlahan,Memeriksa Hasil Penjumlahan,"Tulislah algoritma untuk memeriksa apakah hasil penjumlahan tiga bilangan bulat sudah benar.
  Input: Empat bilangan bulat. Tiga bilangan pertama adalah bilangan yang dijumlahkan dan bilangan keempat adalah jawaban yang akan diperiksa.
  Output: Teks ""correct"" jika jawaban sama dengan jumlah tiga bilangan pertama; selain itu, keluarkan ""wrong"".","Write an algorithm to check whether the result of adding three integers is correct.
  Input: Four integers. The first three integers are the values to be added, and the fourth integer is the answer to be checked.
  Output: The text ""correct"" if the answer equals the sum of the first three integers; otherwise, output ""wrong"".",016,"program CheckSum
  kamus
  a, b, c, result : integer
  algoritma
  input(a, b, c, result)
  
  if a + b + c == result then
  output(""correct"")
  else
  output(""wrong"")
  endif
  endprogram","1) Input:
  11
  22
  33
  66
  Expected: correct
  
  2) Input:
  12
  34
  56
  101
  Expected: wrong
  
  3) Input:
  1123
  1234
  4563
  6240
  Expected: wrong
  
  4) Input:
  1
  1
  1
  3
  Expected: correct
  
  5) Input:
  -5
  0
  2
  -3
  Expected: correct
  
  6) Input:
  0
  0
  0
  1
  Expected: wrong",W09,140,193,TRUE,ready,PS,LMS,LMS-PS-10630593,016.UAI hitung jumlah (en),Basic,Tulislah algoritma untuk memeriksa apakah hasil penjumlahan tiga bilangan bulat sudah benar.,Write an algorithm to check whether the result of adding three integers is correct.,"[{""type"": ""text"", ""content"": ""Tulislah algoritma untuk memeriksa apakah hasil penjumlahan tiga bilangan bulat sudah benar.\n Input: Empat bilangan bulat. Tiga bilangan pertama adalah bilangan yang dijumlahkan dan bilangan keempat adalah jawaban yang akan diperiksa.\n Output: Teks \""correct\"" jika jawaban sama dengan jumlah tiga bilangan pertama; selain itu, keluarkan \""wrong\"".""}]","[{""type"": ""text"", ""content"": ""Write an algorithm to check whether the result of adding three integers is correct.\n Input: Four integers. The first three integers are the values to be added, and the fourth integer is the answer to be checked.\n Output: The text \""correct\"" if the answer equals the sum of the first three integers; otherwise, output \""wrong\"".""}]","[""11\n22\n33\n66"", ""12\n34\n56\n101"", ""1123\n1234\n4563\n6240"", ""1\n1\n1\n3"", ""-5\n0\n2\n-3"", ""0\n0\n0\n1""]","[""correct"", ""wrong"", ""wrong"", ""correct"", ""correct"", ""wrong""]",,,Empat bilangan bulat. Tiga bilangan pertama adalah bilangan yang dijumlahkan dan bilangan keempat adalah jawaban yang akan diperiksa.,"Four integers. The first three integers are the values to be added, and the fourth integer is the answer to be checked.","Teks ""correct"" jika jawaban sama dengan jumlah tiga bilangan pertama; selain itu, keluarkan ""wrong"".","The text ""correct"" if the answer equals the sum of the first three integers; otherwise, output ""wrong"".",text+table,"[{""case_no"": 1, ""input"": ""11\n22\n33\n66"", ""output"": ""correct""}, {""case_no"": 2, ""input"": ""12\n34\n56\n101"", ""output"": ""wrong""}, {""case_no"": 3, ""input"": ""1123\n1234\n4563\n6240"", ""output"": ""wrong""}, {""case_no"": 4, ""input"": ""1\n1\n1\n3"", ""output"": ""correct""}, {""case_no"": 5, ""input"": ""-5\n0\n2\n-3"", ""output"": ""correct""}, {""case_no"": 6, ""input"": ""0\n0\n0\n1"", ""output"": ""wrong""}]",,,TRUE,10630593,10630593
Q194,Menghitung Harga Bubur Ayam dan Topping,Menghitung Harga Bubur Ayam dan Topping,"Tulislah algoritma untuk menghitung harga bubur ayam berdasarkan topping yang dipilih.
  Input: Empat nilai Boolean secara berurutan yang menyatakan pilihan ayam suwir, cakwe, hati ayam, dan telur rebus.
  Output: Sebuah bilangan bulat yang menyatakan total harga bubur ayam.
  Catatan: Harga dasar Rp9.000; ayam suwir Rp5.000; cakwe Rp3.000; hati ayam Rp6.000; telur rebus Rp5.000. Setiap topping bersifat independen, sehingga gunakan if-then terpisah untuk setiap topping.","Write an algorithm to compute the price of chicken porridge based on the selected toppings.
  Input: Four Boolean values, in order, indicating whether shredded chicken, cakwe, chicken liver, and boiled egg are selected.
  Output: An integer representing the total price of the chicken porridge.
  Note: The base price is Rp9,000; shredded chicken costs Rp5,000; cakwe Rp3,000; chicken liver Rp6,000; and boiled egg Rp5,000. Each topping is independent, so use a separate if-then statement for each topping.",014,"program ChickenPorridge
  kamus
  shreddedChicken, cakwe, liver, egg : boolean
  total : integer
  algoritma
  input(shreddedChicken, cakwe, liver, egg)
  total <- 9000
  
  if shreddedChicken then
  total <- total + 5000
  endif
  if cakwe then
  total <- total + 3000
  endif
  if liver then
  total <- total + 6000
  endif
  if egg then
  total <- total + 5000
  endif
  
  output(total)
  endprogram","1) true true true true
  Expected: 28000
  
  2) true true true false
  Expected: 23000
  
  3) true true false true
  Expected: 22000
  
  4) false false false true
  Expected: 14000
  
  5) false false true false
  Expected: 15000
  
  6) false true true false
  Expected: 18000
  
  7) true false true false
  Expected: 20000
  
  8) true true false false
  Expected: 17000
  
  9) true false true true
  Expected: 25000
  
  10) false false false false
  Expected: 9000",W09,141,194,TRUE,ready,PS,LMS,LMS-PS-10630590,014.UAI bubur ayam (en),Intermediate,Tulislah algoritma untuk menghitung harga bubur ayam berdasarkan topping yang dipilih.,Write an algorithm to compute the price of chicken porridge based on the selected toppings.,"[{""type"": ""text"", ""content"": ""Tulislah algoritma untuk menghitung harga bubur ayam berdasarkan topping yang dipilih.\n Input: Empat nilai Boolean secara berurutan yang menyatakan pilihan ayam suwir, cakwe, hati ayam, dan telur rebus.\n Output: Sebuah bilangan bulat yang menyatakan total harga bubur ayam.\n Catatan: Harga dasar Rp9.000; ayam suwir Rp5.000; cakwe Rp3.000; hati ayam Rp6.000; telur rebus Rp5.000. Setiap topping bersifat independen, sehingga gunakan if-then terpisah untuk setiap topping.""}]","[{""type"": ""text"", ""content"": ""Write an algorithm to compute the price of chicken porridge based on the selected toppings.\n Input: Four Boolean values, in order, indicating whether shredded chicken, cakwe, chicken liver, and boiled egg are selected.\n Output: An integer representing the total price of the chicken porridge.\n Note: The base price is Rp9,000; shredded chicken costs Rp5,000; cakwe Rp3,000; chicken liver Rp6,000; and boiled egg Rp5,000. Each topping is independent, so use a separate if-then statement for each topping.""}]","[""true true true true"", ""true true true false"", ""true true false true"", ""false false false true"", ""false false true false"", ""false true true false"", ""true false true false"", ""true true false false"", ""true false true true"", ""false false false false""]","[""28000"", ""23000"", ""22000"", ""14000"", ""15000"", ""18000"", ""20000"", ""17000"", ""25000"", ""9000""]",,,"Empat nilai Boolean secara berurutan yang menyatakan pilihan ayam suwir, cakwe, hati ayam, dan telur rebus.","Four Boolean values, in order, indicating whether shredded chicken, cakwe, chicken liver, and boiled egg are selected.",Sebuah bilangan bulat yang menyatakan total harga bubur ayam.,An integer representing the total price of the chicken porridge.,text+table,"[{""case_no"": 1, ""input"": ""true true true true"", ""output"": ""28000""}, {""case_no"": 2, ""input"": ""true true true false"", ""output"": ""23000""}, {""case_no"": 3, ""input"": ""true true false true"", ""output"": ""22000""}, {""case_no"": 4, ""input"": ""false false false true"", ""output"": ""14000""}, {""case_no"": 5, ""input"": ""false false true false"", ""output"": ""15000""}, {""case_no"": 6, ""input"": ""false true true false"", ""output"": ""18000""}, {""case_no"": 7, ""input"": ""true false true false"", ""output"": ""20000""}, {""case_no"": 8, ""input"": ""true true false false"", ""output"": ""17000""}, {""case_no"": 9, ""input"": ""true false true true"", ""output"": ""25000""}, {""case_no"": 10, ""input"": ""false false false false"", ""output"": ""9000""}]",,,TRUE,10630590,10630590
Q195,Assignment dan perbandingan kesetaraan tertukar: Kasus 1,Assignment and equality comparison are confused: Case 1,Variabel total dan jawaban bertipe integer. Manakah kondisi yang menjalankan aksi hanya ketika kedua nilainya sama?,The variables total and jawaban are integers. Which condition executes the action only when their values are equal?,OP-01,if total == jawaban then,Kunci: A,W09,287,195,TRUE,ready,MP,LMS,LMS-MP-W09-OP-01-Q1,OP-01,,Uji pemahaman tentang Assignment dan perbandingan kesetaraan tertukar. Variabel total dan jawaban bertipe integer.,Assess understanding of Assignment and equality comparison are confused. The variables total and jawaban are integers.,"[{""type"": ""text"", ""content"": ""Variabel total dan jawaban bertipe integer. Manakah kondisi yang menjalankan aksi hanya ketika kedua nilainya sama?""}]","[{""type"": ""text"", ""content"": ""The variables total and jawaban are integers. Which condition executes the action only when their values are equal?""}]",[],[],1,OP-01,,,,,none,,"[{""answer_id"": ""A632"", ""label"": ""A"", ""text"": ""if total == jawaban then"", ""is_correct"": true, ""misconceptions"": []}, {""answer_id"": ""A633"", ""label"": ""B"", ""text"": ""if total = jawaban then"", ""is_correct"": false, ""misconceptions"": [""OP-01""]}, {""answer_id"": ""A634"", ""label"": ""C"", ""text"": ""if total != jawaban then"", ""is_correct"": false, ""misconceptions"": []}, {""answer_id"": ""A635"", ""label"": ""D"", ""text"": ""if total <= jawaban then"", ""is_correct"": false, ""misconceptions"": []}]",A,TRUE,,MP-OP-01-1
Q196,Assignment dan perbandingan kesetaraan tertukar: Kasus 2,Assignment and equality comparison are confused: Case 2,Perhatikan assignment berikut. Pernyataan manakah yang tepat tentang kedua operator tersebut?,"Consider the following assignment. Which statement correctly describes the two operators?
  
  sama <- (nilai == 7)",OP-01,<- menyimpan hasil Boolean; == membandingkan dua nilai. / <- stores the Boolean result; == compares two values.,Kunci: A,W09,288,196,TRUE,ready,MP,LMS,LMS-MP-W09-OP-01-Q2,OP-01,,Uji pemahaman tentang Assignment dan perbandingan kesetaraan tertukar. Perhatikan assignment berikut. Pernyataan manakah yang tepat tentang kedua operator tersebut?,Assess understanding of Assignment and equality comparison are confused. Consider the following assignment.,"[{""type"": ""text"", ""content"": ""Perhatikan assignment berikut. Pernyataan manakah yang tepat tentang kedua operator tersebut?""}]","[{""type"": ""text"", ""content"": ""Consider the following assignment. Which statement correctly describes the two operators?""}, {""type"": ""code"", ""content"": ""sama <- (nilai == 7)""}]",[],[],2,OP-01,,,,,none,,"[{""answer_id"": ""A636"", ""label"": ""A"", ""text"": ""<- menyimpan hasil Boolean; == membandingkan dua nilai. / <- stores the Boolean result; == compares two values."", ""is_correct"": true, ""misconceptions"": []}, {""answer_id"": ""A637"", ""label"": ""B"", ""text"": ""<- membandingkan dua nilai; == menyimpan hasil Boolean. / <- compares two values; == stores the Boolean result."", ""is_correct"": false, ""misconceptions"": [""OP-01""]}, {""answer_id"": ""A638"", ""label"": ""C"", ""text"": ""Kedua operator menyimpan nilai. / Both operators store a value."", ""is_correct"": false, ""misconceptions"": []}, {""answer_id"": ""A639"", ""label"": ""D"", ""text"": ""Kedua operator membandingkan nilai. / Both operators compare values."", ""is_correct"": false, ""misconceptions"": []}]",A,TRUE,,MP-OP-01-2
Q197,Hasil bagi bulat dan sisa pembagian tertukar: Kasus 1,Integer quotient and remainder are confused: Case 1,Variabel n bertipe integer. Manakah kondisi yang benar untuk memeriksa apakah n ganjil?,The variable n is an integer. Which condition correctly checks whether n is odd?,OP-09,n mod 2 != 0,Kunci: A,W09,289,197,TRUE,ready,MP,LMS,LMS-MP-W09-OP-09-Q1,OP-09,,Uji pemahaman tentang Hasil bagi bulat dan sisa pembagian tertukar. Variabel n bertipe integer. Manakah kondisi yang benar untuk memeriksa apakah n ganjil?,Assess understanding of Integer quotient and remainder are confused. The variable n is an integer. Which condition correctly checks whether n is odd?,"[{""type"": ""text"", ""content"": ""Variabel n bertipe integer. Manakah kondisi yang benar untuk memeriksa apakah n ganjil?""}]","[{""type"": ""text"", ""content"": ""The variable n is an integer. Which condition correctly checks whether n is odd?""}]",[],[],1,OP-09,,,,,none,,"[{""answer_id"": ""A640"", ""label"": ""A"", ""text"": ""n mod 2 != 0"", ""is_correct"": true, ""misconceptions"": []}, {""answer_id"": ""A641"", ""label"": ""B"", ""text"": ""n div 2 != 0"", ""is_correct"": false, ""misconceptions"": [""OP-09""]}, {""answer_id"": ""A642"", ""label"": ""C"", ""text"": ""n mod 2 == 0"", ""is_correct"": false, ""misconceptions"": []}, {""answer_id"": ""A643"", ""label"": ""D"", ""text"": ""n div 2 == 0"", ""is_correct"": false, ""misconceptions"": []}]",A,TRUE,,MP-OP-09-1
Q198,Hasil bagi bulat dan sisa pembagian tertukar: Kasus 2,Integer quotient and remainder are confused: Case 2,Manakah kondisi yang benar untuk memeriksa apakah p merupakan faktor dari n? Asumsikan p != 0.,Which condition correctly checks whether p is a factor of n? Assume p != 0.,OP-09,n mod p == 0,Kunci: A,W09,290,198,TRUE,ready,MP,LMS,LMS-MP-W09-OP-09-Q2,OP-09,,Uji pemahaman tentang Hasil bagi bulat dan sisa pembagian tertukar. Manakah kondisi yang benar untuk memeriksa apakah p merupakan faktor dari n?,Assess understanding of Integer quotient and remainder are confused. Which condition correctly checks whether p is a factor of n?,"[{""type"": ""text"", ""content"": ""Manakah kondisi yang benar untuk memeriksa apakah p merupakan faktor dari n? Asumsikan p != 0.""}]","[{""type"": ""text"", ""content"": ""Which condition correctly checks whether p is a factor of n? Assume p != 0.""}]",[],[],2,OP-09,,,,,none,,"[{""answer_id"": ""A644"", ""label"": ""A"", ""text"": ""n mod p == 0"", ""is_correct"": true, ""misconceptions"": []}, {""answer_id"": ""A645"", ""label"": ""B"", ""text"": ""n div p == 0"", ""is_correct"": false, ""misconceptions"": [""OP-09""]}, {""answer_id"": ""A646"", ""label"": ""C"", ""text"": ""p mod n == 0"", ""is_correct"": false, ""misconceptions"": []}, {""answer_id"": ""A647"", ""label"": ""D"", ""text"": ""n mod p != 0"", ""is_correct"": false, ""misconceptions"": []}]",A,TRUE,,MP-OP-09-2
Q199,Batas inklusif dan eksklusif tertukar: Kasus 1,Inclusive and exclusive boundaries are confused: Case 1,Variabel weight bertipe real dan menyimpan berat paket. Nilai tepat 5.0 dan 10.0 harus diterima; nilai di luar interval tersebut harus ditolak. Manakah kondisi yang tepat?,The real variable weight stores a package weight. The exact values 5.0 and 10.0 must be accepted; values outside that interval must be rejected. Which condition is correct?,OP-11,weight >= 5.0 and weight <= 10.0,Kunci: A,W09,291,199,TRUE,ready,MP,LMS,LMS-MP-W09-OP-11-Q1,OP-11,,Uji pemahaman tentang Batas inklusif dan eksklusif tertukar. Variabel weight bertipe real dan menyimpan berat paket.,Assess understanding of Inclusive and exclusive boundaries are confused. The real variable weight stores a package weight.,"[{""type"": ""text"", ""content"": ""Variabel weight bertipe real dan menyimpan berat paket. Nilai tepat 5.0 dan 10.0 harus diterima; nilai di luar interval tersebut harus ditolak. Manakah kondisi yang tepat?""}]","[{""type"": ""text"", ""content"": ""The real variable weight stores a package weight. The exact values 5.0 and 10.0 must be accepted; values outside that interval must be rejected. Which condition is correct?""}]",[],[],1,OP-11,,,,,none,,"[{""answer_id"": ""A648"", ""label"": ""A"", ""text"": ""weight >= 5.0 and weight <= 10.0"", ""is_correct"": true, ""misconceptions"": []}, {""answer_id"": ""A649"", ""label"": ""B"", ""text"": ""weight >= 5.0 and weight < 10.0"", ""is_correct"": false, ""misconceptions"": [""OP-11""]}, {""answer_id"": ""A650"", ""label"": ""C"", ""text"": ""weight > 5.0 and weight <= 10.0"", ""is_correct"": false, ""misconceptions"": [""OP-11""]}, {""answer_id"": ""A651"", ""label"": ""D"", ""text"": ""weight > 5.0 and weight < 10.0"", ""is_correct"": false, ""misconceptions"": [""OP-11""]}]",A,TRUE,,MP-OP-11-1
Q200,Batas inklusif dan eksklusif tertukar: Kasus 2,Inclusive and exclusive boundaries are confused: Case 2,Manakah kondisi yang tepat untuk menyatakan bahwa integer x adalah positif?,Which condition correctly states that the integer x is positive?,OP-11,x > 0,Kunci: B,W09,292,200,TRUE,ready,MP,LMS,LMS-MP-W09-OP-11-Q2,OP-11,,Uji pemahaman tentang Batas inklusif dan eksklusif tertukar. Manakah kondisi yang tepat untuk menyatakan bahwa integer x adalah positif?,Assess understanding of Inclusive and exclusive boundaries are confused. Which condition correctly states that the integer x is positive?,"[{""type"": ""text"", ""content"": ""Manakah kondisi yang tepat untuk menyatakan bahwa integer x adalah positif?""}]","[{""type"": ""text"", ""content"": ""Which condition correctly states that the integer x is positive?""}]",[],[],2,OP-11,,,,,none,,"[{""answer_id"": ""A652"", ""label"": ""A"", ""text"": ""x >= 0"", ""is_correct"": false, ""misconceptions"": [""OP-11""]}, {""answer_id"": ""A653"", ""label"": ""B"", ""text"": ""x > 0"", ""is_correct"": true, ""misconceptions"": []}, {""answer_id"": ""A654"", ""label"": ""C"", ""text"": ""x != 0"", ""is_correct"": false, ""misconceptions"": []}, {""answer_id"": ""A655"", ""label"": ""D"", ""text"": ""x < 0"", ""is_correct"": false, ""misconceptions"": []}]",B,TRUE,,MP-OP-11-2
Q201,Connector Boolean untuk rentang digunakan secara keliru,The wrong Boolean connector is used for interval bounds,Nilai temp pada interval 20 sampai 30 secara inklusif harus diterima; nilai di luar interval ditolak. Dua nilai Boolean berikut sudah dihitung. Manakah assignment yang menetapkan accepted sesuai ketentuan tersebut?,"Values of temp in the inclusive interval from 20 to 30 must be accepted; values outside the interval must be rejected. The following two Boolean values have been computed. Which assignment sets accepted according to that requirement?
  
  lowerOK <- temp >= 20
  upperOK <- temp <= 30",EX-05,accepted <- lowerOK and upperOK,Kunci: A,W09,293,201,TRUE,ready,MP,LMS,LMS-MP-W09-EX-05-Q1,EX-05,,Uji pemahaman tentang Connector Boolean untuk rentang digunakan secara keliru. Nilai temp pada interval 20 sampai 30 secara inklusif harus diterima; nilai di luar interval ditolak.,Assess understanding of The wrong Boolean connector is used for interval bounds. Values of temp in the inclusive interval from 20 to 30 must be accepted; values outside the interval must be rejected.,"[{""type"": ""text"", ""content"": ""Nilai temp pada interval 20 sampai 30 secara inklusif harus diterima; nilai di luar interval ditolak. Dua nilai Boolean berikut sudah dihitung. Manakah assignment yang menetapkan accepted sesuai ketentuan tersebut?""}]","[{""type"": ""text"", ""content"": ""Values of temp in the inclusive interval from 20 to 30 must be accepted; values outside the interval must be rejected. The following two Boolean values have been computed. Which assignment sets accepted according to that requirement?""}, {""type"": ""code"", ""content"": ""lowerOK <- temp >= 20\n upperOK <- temp <= 30""}]",[],[],1,EX-05,,,,,none,,"[{""answer_id"": ""A656"", ""label"": ""A"", ""text"": ""accepted <- lowerOK and upperOK"", ""is_correct"": true, ""misconceptions"": []}, {""answer_id"": ""A657"", ""label"": ""B"", ""text"": ""accepted <- lowerOK or upperOK"", ""is_correct"": false, ""misconceptions"": [""EX-05""]}, {""answer_id"": ""A658"", ""label"": ""C"", ""text"": ""accepted <- (not lowerOK) and upperOK"", ""is_correct"": false, ""misconceptions"": []}, {""answer_id"": ""A659"", ""label"": ""D"", ""text"": ""accepted <- lowerOK and (not upperOK)"", ""is_correct"": false, ""misconceptions"": []}]",A,TRUE,,MP-EX-05-1
Q202,Variabel dianggap dapat digunakan sebelum diinisialisasi: Kasus 1,A variable is assumed to be usable before initialization: Case 1,Perhatikan pseudocode berikut. Perubahan manakah yang benar agar count menyimpan banyak nilai negatif yang telah ditemukan?,"Consider the following pseudocode. Which change correctly prepares count to store how many negative values have been found?
  
  program Count
  kamus
  count, x : integer
  algoritma
  input(x)
  if x < 0 then
  count <- count + 1
  endif
  output(count)
  endprogram",VA-14,Tetapkan count <- 0 sebelum if. / Set count <- 0 before the if.,Kunci: A,W09,294,202,TRUE,ready,MP,LMS,LMS-MP-W09-VA-14-Q1,VA-14,,Uji pemahaman tentang Variabel dianggap dapat digunakan sebelum diinisialisasi. Perhatikan pseudocode berikut. Perubahan manakah yang benar agar count menyimpan banyak nilai negatif yang telah ditemukan?,Assess understanding of A variable is assumed to be usable before initialization. Consider the following pseudocode.,"[{""type"": ""text"", ""content"": ""Perhatikan pseudocode berikut. Perubahan manakah yang benar agar count menyimpan banyak nilai negatif yang telah ditemukan?""}]","[{""type"": ""text"", ""content"": ""Consider the following pseudocode. Which change correctly prepares count to store how many negative values have been found?""}, {""type"": ""code"", ""content"": ""program Count\n kamus""}, {""type"": ""text"", ""content"": ""count, x : integer""}, {""type"": ""code"", ""content"": ""algoritma\n input(x)\n if x < 0 then\n count <- count + 1\n endif\n output(count)\n endprogram""}]",[],[],1,VA-14,,,,,none,,"[{""answer_id"": ""A660"", ""label"": ""A"", ""text"": ""Tetapkan count <- 0 sebelum if. / Set count <- 0 before the if."", ""is_correct"": true, ""misconceptions"": []}, {""answer_id"": ""A661"", ""label"": ""B"", ""text"": ""Biarkan count tanpa assignment karena deklarasi otomatis memberi nilai 0. / Leave count without an assignment because the declaration automatically gives it 0."", ""is_correct"": false, ""misconceptions"": [""VA-14""]}, {""answer_id"": ""A662"", ""label"": ""C"", ""text"": ""Tetapkan count <- 1 sebelum if. / Set count <- 1 before the if."", ""is_correct"": false, ""misconceptions"": []}, {""answer_id"": ""A663"", ""label"": ""D"", ""text"": ""Tetapkan count <- x sebelum if. / Set count <- x before the if."", ""is_correct"": false, ""misconceptions"": []}]",A,TRUE,,MP-VA-14-1
Q203,Variabel dianggap dapat digunakan sebelum diinisialisasi: Kasus 2,A variable is assumed to be usable before initialization: Case 2,Program memulai points dari 10 dan menambah 4 jika bonus bernilai true. Manakah susunan yang benar?,A program starts points at 10 and adds 4 when bonus is true. Which arrangement is correct?,VA-14,"points <- 10
  if bonus then
  points <- points + 4
  endif",Kunci: A,W09,295,203,TRUE,ready,MP,LMS,LMS-MP-W09-VA-14-Q2,VA-14,,Uji pemahaman tentang Variabel dianggap dapat digunakan sebelum diinisialisasi.,Assess understanding of A variable is assumed to be usable before initialization. A program starts points at 10 and adds 4 when bonus is true.,"[{""type"": ""text"", ""content"": ""Program memulai points dari 10 dan menambah 4 jika bonus bernilai true. Manakah susunan yang benar?""}]","[{""type"": ""text"", ""content"": ""A program starts points at 10 and adds 4 when bonus is true. Which arrangement is correct?""}]",[],[],2,VA-14,,,,,none,,"[{""answer_id"": ""A664"", ""label"": ""A"", ""text"": ""points <- 10\n if bonus then\n points <- points + 4\n endif"", ""is_correct"": true, ""misconceptions"": []}, {""answer_id"": ""A665"", ""label"": ""B"", ""text"": ""if bonus then\n points <- points + 4\n endif"", ""is_correct"": false, ""misconceptions"": [""VA-14""]}, {""answer_id"": ""A666"", ""label"": ""C"", ""text"": ""if bonus then\n points <- points + 4\n endif\n points <- 10"", ""is_correct"": false, ""misconceptions"": []}, {""answer_id"": ""A667"", ""label"": ""D"", ""text"": ""points <- 4\n if bonus then\n points <- points + 10\n endif"", ""is_correct"": false, ""misconceptions"": []}]",A,TRUE,,MP-VA-14-2
Q204,Cabang dianggap tetap dijalankan saat kondisinya salah: Kasus 1,A branch is assumed to execute even when its condition is false: Case 1,Perhatikan pseudocode berikut. Apa keluarannya?,"Consider the following pseudocode. What is the output?
  
  nilai <- 0
  if nilai < 0 then
  output(""N"")
  endif
  output(""S"")",CD-03,S,Kunci: A,W09,296,204,TRUE,ready,MP,LMS,LMS-MP-W09-CD-03-Q1,CD-03,,Uji pemahaman tentang Cabang dianggap tetap dijalankan saat kondisinya salah. Perhatikan pseudocode berikut. Apa keluarannya?,Assess understanding of A branch is assumed to execute even when its condition is false. Consider the following pseudocode.,"[{""type"": ""text"", ""content"": ""Perhatikan pseudocode berikut. Apa keluarannya?""}]","[{""type"": ""text"", ""content"": ""Consider the following pseudocode. What is the output?""}, {""type"": ""code"", ""content"": ""nilai <- 0\n if nilai < 0 then\n output(\""N\"")\n endif\n output(\""S\"")""}]",[],[],1,CD-03,,,,,none,,"[{""answer_id"": ""A668"", ""label"": ""A"", ""text"": ""S"", ""is_correct"": true, ""misconceptions"": []}, {""answer_id"": ""A669"", ""label"": ""B"", ""text"": ""N, lalu S / N, then S"", ""is_correct"": false, ""misconceptions"": [""CD-03""]}, {""answer_id"": ""A670"", ""label"": ""C"", ""text"": ""N"", ""is_correct"": false, ""misconceptions"": []}, {""answer_id"": ""A671"", ""label"": ""D"", ""text"": ""Tidak menampilkan apa pun / No output"", ""is_correct"": false, ""misconceptions"": []}]",A,FALSE,,MP-CD-03-1
Q205,Cabang dianggap tetap dijalankan saat kondisinya salah: Kasus 2,A branch is assumed to execute even when its condition is false: Case 2,Perhatikan pseudocode berikut. Apa yang ditampilkan?,"Consider the following pseudocode. What is displayed?
  
  ready <- false
  paid <- true
  if ready then
  output(""R"")
  endif
  if paid then
  output(""P"")
  endif",CD-03,P,Kunci: A,W09,297,205,TRUE,ready,MP,LMS,LMS-MP-W09-CD-03-Q2,CD-03,,Uji pemahaman tentang Cabang dianggap tetap dijalankan saat kondisinya salah. Perhatikan pseudocode berikut. Apa yang ditampilkan?,Assess understanding of A branch is assumed to execute even when its condition is false. Consider the following pseudocode.,"[{""type"": ""text"", ""content"": ""Perhatikan pseudocode berikut. Apa yang ditampilkan?""}]","[{""type"": ""text"", ""content"": ""Consider the following pseudocode. What is displayed?""}, {""type"": ""code"", ""content"": ""ready <- false\n paid <- true\n if ready then\n output(\""R\"")\n endif\n if paid then\n output(\""P\"")\n endif""}]",[],[],2,CD-03,,,,,none,,"[{""answer_id"": ""A672"", ""label"": ""A"", ""text"": ""P"", ""is_correct"": true, ""misconceptions"": []}, {""answer_id"": ""A673"", ""label"": ""B"", ""text"": ""R, lalu P / R, then P"", ""is_correct"": false, ""misconceptions"": [""CD-03""]}, {""answer_id"": ""A674"", ""label"": ""C"", ""text"": ""R"", ""is_correct"": false, ""misconceptions"": []}, {""answer_id"": ""A675"", ""label"": ""D"", ""text"": ""Tidak menampilkan apa pun / No output"", ""is_correct"": false, ""misconceptions"": []}]",A,FALSE,,MP-CD-03-2
Q206,Beberapa cabang dianggap dapat dijalankan sekaligus: Kasus 1,Multiple branches are assumed to execute at once: Case 1,Perhatikan pseudocode berikut. Apa keluarannya?,"Consider the following pseudocode. What is the output?
  
  x <- 5
  if x > 0 then
  output(""P"")
  else
  output(""N"")
  endif",CD-07,P,Kunci: A,W09,298,206,TRUE,ready,MP,LMS,LMS-MP-W09-CD-07-Q1,CD-07,,Uji pemahaman tentang Beberapa cabang dianggap dapat dijalankan sekaligus. Perhatikan pseudocode berikut. Apa keluarannya?,Assess understanding of Multiple branches are assumed to execute at once. Consider the following pseudocode.,"[{""type"": ""text"", ""content"": ""Perhatikan pseudocode berikut. Apa keluarannya?""}]","[{""type"": ""text"", ""content"": ""Consider the following pseudocode. What is the output?""}, {""type"": ""code"", ""content"": ""x <- 5\n if x > 0 then\n output(\""P\"")\n else\n output(\""N\"")\n endif""}]",[],[],1,CD-07,,,,,none,,"[{""answer_id"": ""A676"", ""label"": ""A"", ""text"": ""P"", ""is_correct"": true, ""misconceptions"": []}, {""answer_id"": ""A677"", ""label"": ""B"", ""text"": ""N"", ""is_correct"": false, ""misconceptions"": []}, {""answer_id"": ""A678"", ""label"": ""C"", ""text"": ""P, lalu N / P, then N"", ""is_correct"": false, ""misconceptions"": [""CD-07""]}, {""answer_id"": ""A679"", ""label"": ""D"", ""text"": ""Tidak menampilkan apa pun / No output"", ""is_correct"": false, ""misconceptions"": []}]",A,FALSE,,MP-CD-07-1
Q207,Beberapa cabang dianggap dapat dijalankan sekaligus: Kasus 2,Multiple branches are assumed to execute at once: Case 2,Perhatikan pseudocode berikut. Apa yang ditampilkan?,"Consider the following pseudocode. What is displayed?
  
  total <- 10
  express <- false
  if express then
  total <- total + 4
  else
  total <- total + 1
  endif
  output(total)",CD-07,11,Kunci: D,W09,299,207,TRUE,ready,MP,LMS,LMS-MP-W09-CD-07-Q2,CD-07,,Uji pemahaman tentang Beberapa cabang dianggap dapat dijalankan sekaligus. Perhatikan pseudocode berikut. Apa yang ditampilkan?,Assess understanding of Multiple branches are assumed to execute at once. Consider the following pseudocode.,"[{""type"": ""text"", ""content"": ""Perhatikan pseudocode berikut. Apa yang ditampilkan?""}]","[{""type"": ""text"", ""content"": ""Consider the following pseudocode. What is displayed?""}, {""type"": ""code"", ""content"": ""total <- 10\n express <- false\n if express then\n total <- total + 4\n else\n total <- total + 1\n endif\n output(total)""}]",[],[],2,CD-07,,,,,none,,"[{""answer_id"": ""A680"", ""label"": ""A"", ""text"": ""10"", ""is_correct"": false, ""misconceptions"": []}, {""answer_id"": ""A681"", ""label"": ""B"", ""text"": ""15"", ""is_correct"": false, ""misconceptions"": [""CD-07""]}, {""answer_id"": ""A682"", ""label"": ""C"", ""text"": ""14"", ""is_correct"": false, ""misconceptions"": []}, {""answer_id"": ""A683"", ""label"": ""D"", ""text"": ""11"", ""is_correct"": true, ""misconceptions"": []}]",D,FALSE,,MP-CD-07-2
Q208,Pemilihan Ketua Kelas,Pemilihan Ketua Kelas,"Tulislah algoritma untuk menentukan hasil pemilihan ketua kelas dari dua kandidat.
  Seorang kandidat dinyatakan menang hanya jika jumlah seluruh suara yang masuk sekurang-kurangnya 60% dari jumlah mahasiswa dan kandidat tersebut memperoleh suara lebih banyak daripada kandidat lain.
  Input: Tiga bilangan bulat secara berurutan: jumlah mahasiswa, suara Kandidat A, dan suara Kandidat B.
  Output: Teks ""Candidate A won"", ""Candidate B won"", atau ""No winner"".
  Catatan: Jika jumlah suara kurang dari 60% atau suara kedua kandidat sama, keluarkan ""No winner"". Batas 60% bersifat inklusif.","Write an algorithm to determine the result of a class-president election between two candidates.
  A candidate wins only when the total number of cast votes is at least 60% of the students and that candidate receives more votes than the other candidate.
  Input: Three integers in this order: the number of students, the votes for Candidate A, and the votes for Candidate B.
  Output: The text ""Candidate A won"", ""Candidate B won"", or ""No winner"".
  Note: Output ""No winner"" when turnout is below 60% or when both candidates receive the same number of votes. The 60% boundary is inclusive.",004,"program ClassPresident
  kamus
  students, votesA, votesB, totalVotes : integer
  turnout : real
  algoritma
  input(students, votesA, votesB)
  totalVotes <- votesA + votesB
  turnout <- totalVotes * 1.0 / students
  
  if turnout >= 0.60 and votesA > votesB then
  output(""Candidate A won"")
  else if turnout >= 0.60 and votesB > votesA then
  output(""Candidate B won"")
  else
  output(""No winner"")
  endif
  endprogram","[TEST CASES UPDATED - TURNOUT, TIE, AND BOUNDARIES]
  
  1) Input:
  50
  20
  10
  Expected: Candidate A won
  
  2) Input:
  50
  10
  20
  Expected: Candidate B won
  
  3) Input:
  50
  15
  15
  Expected: No winner
  
  4) Input:
  50
  14
  15
  Expected: No winner
  
  5) Input:
  46
  20
  15
  Expected: Candidate A won
  
  6) Input:
  46
  10
  30
  Expected: Candidate B won
  
  7) Input:
  10
  3
  3
  Expected: No winner
  
  8) Input:
  10
  4
  2
  Expected: Candidate A won
  
  9) Input:
  10
  2
  4
  Expected: Candidate B won",W10,142,208,TRUE,ready,PS,LMS,LMS-PS-10624161,004.UAI pemilihan ketua kelas (en),Basic,Tulislah algoritma untuk menentukan hasil pemilihan ketua kelas dari dua kandidat.,Write an algorithm to determine the result of a class-president election between two candidates.,"[{""type"": ""text"", ""content"": ""Tulislah algoritma untuk menentukan hasil pemilihan ketua kelas dari dua kandidat.\n Seorang kandidat dinyatakan menang hanya jika jumlah seluruh suara yang masuk sekurang-kurangnya 60% dari jumlah mahasiswa dan kandidat tersebut memperoleh suara lebih banyak daripada kandidat lain.\n Input: Tiga bilangan bulat secara berurutan: jumlah mahasiswa, suara Kandidat A, dan suara Kandidat B.\n Output: Teks \""Candidate A won\"", \""Candidate B won\"", atau \""No winner\"".\n Catatan: Jika jumlah suara kurang dari 60% atau suara kedua kandidat sama, keluarkan \""No winner\"". Batas 60% bersifat inklusif.""}]","[{""type"": ""text"", ""content"": ""Write an algorithm to determine the result of a class-president election between two candidates.\n A candidate wins only when the total number of cast votes is at least 60% of the students and that candidate receives more votes than the other candidate.\n Input: Three integers in this order: the number of students, the votes for Candidate A, and the votes for Candidate B.\n Output: The text \""Candidate A won\"", \""Candidate B won\"", or \""No winner\"".\n Note: Output \""No winner\"" when turnout is below 60% or when both candidates receive the same number of votes. The 60% boundary is inclusive.""}]","[""50\n20\n10"", ""50\n10\n20"", ""50\n15\n15"", ""50\n14\n15"", ""46\n20\n15"", ""46\n10\n30"", ""10\n3\n3"", ""10\n4\n2"", ""10\n2\n4""]","[""Candidate A won"", ""Candidate B won"", ""No winner"", ""No winner"", ""Candidate A won"", ""Candidate B won"", ""No winner"", ""Candidate A won"", ""Candidate B won""]",,,"Tiga bilangan bulat secara berurutan: jumlah mahasiswa, suara Kandidat A, dan suara Kandidat B.","Three integers in this order: the number of students, the votes for Candidate A, and the votes for Candidate B.","Teks ""Candidate A won"", ""Candidate B won"", atau ""No winner"".","The text ""Candidate A won"", ""Candidate B won"", or ""No winner"".",text+table,"[{""case_no"": 1, ""input"": ""50\n20\n10"", ""output"": ""Candidate A won""}, {""case_no"": 2, ""input"": ""50\n10\n20"", ""output"": ""Candidate B won""}, {""case_no"": 3, ""input"": ""50\n15\n15"", ""output"": ""No winner""}, {""case_no"": 4, ""input"": ""50\n14\n15"", ""output"": ""No winner""}, {""case_no"": 5, ""input"": ""46\n20\n15"", ""output"": ""Candidate A won""}, {""case_no"": 6, ""input"": ""46\n10\n30"", ""output"": ""Candidate B won""}, {""case_no"": 7, ""input"": ""10\n3\n3"", ""output"": ""No winner""}, {""case_no"": 8, ""input"": ""10\n4\n2"", ""output"": ""Candidate A won""}, {""case_no"": 9, ""input"": ""10\n2\n4"", ""output"": ""Candidate B won""}]",,,TRUE,10624161,10624161
Q209,Menentukan Pemenang Viking dan Saxon,Menentukan Pemenang Viking dan Saxon,"Tulislah algoritma untuk menentukan pemenang pertempuran antara Viking dan Saxon. Setiap satu prajurit Viking setara dengan empat prajurit Saxon.
  Input: Dua bilangan bulat: jumlah prajurit Viking dan jumlah prajurit Saxon.
  Output: Teks ""Viking won"" jika empat kali jumlah Viking lebih besar, ""Saxon won"" jika lebih kecil, atau ""Stand off"" jika sama.","Write an algorithm to determine the winner of a battle between Vikings and Saxons. Each Viking soldier is equivalent to four Saxon soldiers.
  Input: Two integers: the number of Viking soldiers and the number of Saxon soldiers.
  Output: The text ""Viking won"" when four times the Viking count is greater, ""Saxon won"" when it is smaller, or ""Stand off"" when they are equal.",007,"program VikingSaxon
  kamus
  viking, saxon : integer
  algoritma
  input(viking, saxon)
  
  if viking * 4 > saxon then
  output(""Viking won"")
  else if viking * 4 < saxon then
  output(""Saxon won"")
  else
  output(""Stand off"")
  endif
  endprogram","1) Input:
  5
  18
  Expected: Viking won
  
  2) Input:
  10
  41
  Expected: Saxon won
  
  3) Input:
  1
  4
  Expected: Stand off
  
  4) Input:
  0
  0
  Expected: Stand off
  
  5) Input:
  2
  7
  Expected: Viking won
  
  6) Input:
  2
  9
  Expected: Saxon won",W10,143,209,TRUE,ready,PS,LMS,LMS-PS-10624185,007.UAI viking vs saxon (en),Basic,Tulislah algoritma untuk menentukan pemenang pertempuran antara Viking dan Saxon.,Write an algorithm to determine the winner of a battle between Vikings and Saxons.,"[{""type"": ""text"", ""content"": ""Tulislah algoritma untuk menentukan pemenang pertempuran antara Viking dan Saxon. Setiap satu prajurit Viking setara dengan empat prajurit Saxon.\n Input: Dua bilangan bulat: jumlah prajurit Viking dan jumlah prajurit Saxon.\n Output: Teks \""Viking won\"" jika empat kali jumlah Viking lebih besar, \""Saxon won\"" jika lebih kecil, atau \""Stand off\"" jika sama.""}]","[{""type"": ""text"", ""content"": ""Write an algorithm to determine the winner of a battle between Vikings and Saxons. Each Viking soldier is equivalent to four Saxon soldiers.\n Input: Two integers: the number of Viking soldiers and the number of Saxon soldiers.\n Output: The text \""Viking won\"" when four times the Viking count is greater, \""Saxon won\"" when it is smaller, or \""Stand off\"" when they are equal.""}]","[""5\n18"", ""10\n41"", ""1\n4"", ""0\n0"", ""2\n7"", ""2\n9""]","[""Viking won"", ""Saxon won"", ""Stand off"", ""Stand off"", ""Viking won"", ""Saxon won""]",,,Dua bilangan bulat: jumlah prajurit Viking dan jumlah prajurit Saxon.,Two integers: the number of Viking soldiers and the number of Saxon soldiers.,"Teks ""Viking won"" jika empat kali jumlah Viking lebih besar, ""Saxon won"" jika lebih kecil, atau ""Stand off"" jika sama.","The text ""Viking won"" when four times the Viking count is greater, ""Saxon won"" when it is smaller, or ""Stand off"" when they are equal.",text+table,"[{""case_no"": 1, ""input"": ""5\n18"", ""output"": ""Viking won""}, {""case_no"": 2, ""input"": ""10\n41"", ""output"": ""Saxon won""}, {""case_no"": 3, ""input"": ""1\n4"", ""output"": ""Stand off""}, {""case_no"": 4, ""input"": ""0\n0"", ""output"": ""Stand off""}, {""case_no"": 5, ""input"": ""2\n7"", ""output"": ""Viking won""}, {""case_no"": 6, ""input"": ""2\n9"", ""output"": ""Saxon won""}]",,,FALSE,10624185,10624185
Q210,Mengklasifikasikan Rata-Rata Ulasan,Mengklasifikasikan Rata-Rata Ulasan,"Tulislah algoritma untuk menentukan kategori rata-rata ulasan dari empat pelanggan.
  Input: Empat bilangan bulat, masing-masing pada skala 1 sampai 4.
  Output: Teks ""good"" jika rata-rata sekurang-kurangnya 3.50, ""bad"" jika rata-rata paling tinggi 1.50, atau ""average"" untuk nilai di antaranya.
  Catatan: Batas 3.50 dan 1.50 bersifat inklusif.","Write an algorithm to classify the average review score from four customers.
  Input: Four integers, each on a scale from 1 to 4.
  Output: The text ""good"" when the average is at least 3.50, ""bad"" when the average is at most 1.50, or ""average"" for values in between.
  Note: The 3.50 and 1.50 boundaries are inclusive.",013,"[RIGHT ANSWER UPDATED FOR WEEK 10]
  
  program ReviewCategory
  kamus
  r1, r2, r3, r4 : integer
  average : real
  algoritma
  input(r1, r2, r3, r4)
  average <- (r1 + r2 + r3 + r4) / 4.0
  
  if average >= 3.50 then
  output(""good"")
  else if average <= 1.50 then
  output(""bad"")
  else
  output(""average"")
  endif
  endprogram","[TEST CASES UPDATED - QUESTIONBANK THRESHOLD]
  
  1) Input: 4 4 3 3
  Expected: good
  
  2) Input: 4 4 4 4
  Expected: good
  
  3) Input: 1 1 2 2
  Expected: bad
  
  4) Input: 1 1 1 2
  Expected: bad
  
  5) Input: 2 2 2 2
  Expected: average
  
  6) Input: 1 2 3 4
  Expected: average
  
  7) Input: 3 3 3 4
  Expected: average",W10,144,210,TRUE,ready,PS,LMS,LMS-PS-10630589,013.UAI review (en),Basic,Tulislah algoritma untuk menentukan kategori rata-rata ulasan dari empat pelanggan.,Write an algorithm to classify the average review score from four customers.,"[{""type"": ""text"", ""content"": ""Tulislah algoritma untuk menentukan kategori rata-rata ulasan dari empat pelanggan.\n Input: Empat bilangan bulat, masing-masing pada skala 1 sampai 4.\n Output: Teks \""good\"" jika rata-rata sekurang-kurangnya 3.50, \""bad\"" jika rata-rata paling tinggi 1.50, atau \""average\"" untuk nilai di antaranya.\n Catatan: Batas 3.50 dan 1.50 bersifat inklusif.""}]","[{""type"": ""text"", ""content"": ""Write an algorithm to classify the average review score from four customers.\n Input: Four integers, each on a scale from 1 to 4.\n Output: The text \""good\"" when the average is at least 3.50, \""bad\"" when the average is at most 1.50, or \""average\"" for values in between.\n Note: The 3.50 and 1.50 boundaries are inclusive.""}]","[""4 4 3 3"", ""4 4 4 4"", ""1 1 2 2"", ""1 1 1 2"", ""2 2 2 2"", ""1 2 3 4"", ""3 3 3 4""]","[""good"", ""good"", ""bad"", ""bad"", ""average"", ""average"", ""average""]",,,"Empat bilangan bulat, masing-masing pada skala 1 sampai 4.","Four integers, each on a scale from 1 to 4.","Teks ""good"" jika rata-rata sekurang-kurangnya 3.50, ""bad"" jika rata-rata paling tinggi 1.50, atau ""average"" untuk nilai di antaranya.","The text ""good"" when the average is at least 3.50, ""bad"" when the average is at most 1.50, or ""average"" for values in between.",text+table,"[{""case_no"": 1, ""input"": ""4 4 3 3"", ""output"": ""good""}, {""case_no"": 2, ""input"": ""4 4 4 4"", ""output"": ""good""}, {""case_no"": 3, ""input"": ""1 1 2 2"", ""output"": ""bad""}, {""case_no"": 4, ""input"": ""1 1 1 2"", ""output"": ""bad""}, {""case_no"": 5, ""input"": ""2 2 2 2"", ""output"": ""average""}, {""case_no"": 6, ""input"": ""1 2 3 4"", ""output"": ""average""}, {""case_no"": 7, ""input"": ""3 3 3 4"", ""output"": ""average""}]",,,TRUE,10630589,10630589
Q211,Menentukan Pemenang Turki dan Mongol,Menentukan Pemenang Turki dan Mongol,"Tulislah algoritma untuk menentukan pemenang pertempuran antara pasukan Turki dan Mongol. Setiap satu prajurit Turki setara dengan tiga prajurit Mongol.
  Input: Dua bilangan bulat: jumlah prajurit Turki dan jumlah prajurit Mongol.
  Output: Teks ""Turk won"" jika tiga kali jumlah prajurit Turki lebih besar, ""Mongol won"" jika lebih kecil, atau ""neither won"" jika sama.","Write an algorithm to determine the winner of a battle between Turkish and Mongol armies. Each Turkish soldier is equivalent to three Mongol warriors.
  Input: Two integers: the number of Turkish soldiers and the number of Mongol warriors.
  Output: The text ""Turk won"" when three times the Turkish count is greater, ""Mongol won"" when it is smaller, or ""neither won"" when they are equal.",019,"program TurkMongol
  kamus
  turk, mongol : integer
  algoritma
  input(turk, mongol)
  
  if turk * 3 > mongol then
  output(""Turk won"")
  else if turk * 3 < mongol then
  output(""Mongol won"")
  else
  output(""neither won"")
  endif
  endprogram","1) Input:
  5
  14
  Expected: Turk won
  
  2) Input:
  10
  31
  Expected: Mongol won
  
  3) Input:
  10
  30
  Expected: neither won
  
  4) Input:
  0
  0
  Expected: neither won
  
  5) Input:
  1
  2
  Expected: Turk won
  
  6) Input:
  1
  4
  Expected: Mongol won",W10,145,211,TRUE,ready,PS,LMS,LMS-PS-10630599,019.UAI turki vs mongol (en),Basic,Tulislah algoritma untuk menentukan pemenang pertempuran antara pasukan Turki dan Mongol.,Write an algorithm to determine the winner of a battle between Turkish and Mongol armies.,"[{""type"": ""text"", ""content"": ""Tulislah algoritma untuk menentukan pemenang pertempuran antara pasukan Turki dan Mongol. Setiap satu prajurit Turki setara dengan tiga prajurit Mongol.\n Input: Dua bilangan bulat: jumlah prajurit Turki dan jumlah prajurit Mongol.\n Output: Teks \""Turk won\"" jika tiga kali jumlah prajurit Turki lebih besar, \""Mongol won\"" jika lebih kecil, atau \""neither won\"" jika sama.""}]","[{""type"": ""text"", ""content"": ""Write an algorithm to determine the winner of a battle between Turkish and Mongol armies. Each Turkish soldier is equivalent to three Mongol warriors.\n Input: Two integers: the number of Turkish soldiers and the number of Mongol warriors.\n Output: The text \""Turk won\"" when three times the Turkish count is greater, \""Mongol won\"" when it is smaller, or \""neither won\"" when they are equal.""}]","[""5\n14"", ""10\n31"", ""10\n30"", ""0\n0"", ""1\n2"", ""1\n4""]","[""Turk won"", ""Mongol won"", ""neither won"", ""neither won"", ""Turk won"", ""Mongol won""]",,,Dua bilangan bulat: jumlah prajurit Turki dan jumlah prajurit Mongol.,Two integers: the number of Turkish soldiers and the number of Mongol warriors.,"Teks ""Turk won"" jika tiga kali jumlah prajurit Turki lebih besar, ""Mongol won"" jika lebih kecil, atau ""neither won"" jika sama.","The text ""Turk won"" when three times the Turkish count is greater, ""Mongol won"" when it is smaller, or ""neither won"" when they are equal.",text+table,"[{""case_no"": 1, ""input"": ""5\n14"", ""output"": ""Turk won""}, {""case_no"": 2, ""input"": ""10\n31"", ""output"": ""Mongol won""}, {""case_no"": 3, ""input"": ""10\n30"", ""output"": ""neither won""}, {""case_no"": 4, ""input"": ""0\n0"", ""output"": ""neither won""}, {""case_no"": 5, ""input"": ""1\n2"", ""output"": ""Turk won""}, {""case_no"": 6, ""input"": ""1\n4"", ""output"": ""Mongol won""}]",,,TRUE,10630599,10630599
Q212,Menentukan Nilai Terbesar dari Tiga Bilangan,Menentukan Nilai Terbesar dari Tiga Bilangan,"Tulislah algoritma untuk menentukan nilai terbesar dari tiga bilangan bulat.
  Input: Tiga bilangan bulat a, b, dan c.
  Output: Satu bilangan bulat yang merupakan nilai terbesar. Jika terdapat nilai yang sama, keluarkan nilai terbesar tersebut satu kali.
  Catatan: Gunakan satu rantai if - else if - else.","Write an algorithm to determine the largest value among three integers.
  Input: Three integers a, b, and c.
  Output: One integer representing the largest value. When values are tied, output the largest value once.
  Note: Use one if - else if - else chain.",048,"[RIGHT ANSWER UPDATED FOR WEEK 10]
  
  program LargestOfThree
  kamus
  a, b, c, largest : integer
  algoritma
  input(a, b, c)
  
  if a >= b and a >= c then
  largest <- a
  else if b >= a and b >= c then
  largest <- b
  else
  largest <- c
  endif
  
  output(largest)
  endprogram","[TEST CASES UPDATED - COMPLETE PAIRWISE-TIE COVERAGE]
  
  1) Input: 11 22 33
  Expected: 33
  
  2) Input: 33 22 11
  Expected: 33
  
  3) Input: 22 33 11
  Expected: 33
  
  4) Input: 17 17 17
  Expected: 17
  
  5) Input: 15 35 15
  Expected: 35
  
  6) Input: 35 15 35
  Expected: 35
  
  7) Input: 35 35 15
  Expected: 35
  
  8) Input: 15 35 35
  Expected: 35
  
  9) Input: 35 15 15
  Expected: 35
  
  10) Input: 15 15 35
  Expected: 35",W10,146,212,TRUE,ready,PS,LMS,LMS-PS-10630602,"048.UAI terbesar dari 3 (en)
  [REVISED FOR WEEK 10]",Intermediate,Tulislah algoritma untuk menentukan nilai terbesar dari tiga bilangan bulat.,Write an algorithm to determine the largest value among three integers.,"[{""type"": ""text"", ""content"": ""Tulislah algoritma untuk menentukan nilai terbesar dari tiga bilangan bulat.\n Input: Tiga bilangan bulat a, b, dan c.\n Output: Satu bilangan bulat yang merupakan nilai terbesar. Jika terdapat nilai yang sama, keluarkan nilai terbesar tersebut satu kali.\n Catatan: Gunakan satu rantai if - else if - else.""}]","[{""type"": ""text"", ""content"": ""Write an algorithm to determine the largest value among three integers.\n Input: Three integers a, b, and c.\n Output: One integer representing the largest value. When values are tied, output the largest value once.\n Note: Use one if - else if - else chain.""}]","[""11 22 33"", ""33 22 11"", ""22 33 11"", ""17 17 17"", ""15 35 15"", ""35 15 35"", ""35 35 15"", ""15 35 35"", ""35 15 15"", ""15 15 35""]","[""33"", ""33"", ""33"", ""17"", ""35"", ""35"", ""35"", ""35"", ""35"", ""35""]",,,"Tiga bilangan bulat a, b, dan c.","Three integers a, b, and c.","Satu bilangan bulat yang merupakan nilai terbesar. Jika terdapat nilai yang sama, keluarkan nilai terbesar tersebut satu kali.","One integer representing the largest value. When values are tied, output the largest value once.",text+table,"[{""case_no"": 1, ""input"": ""11 22 33"", ""output"": ""33""}, {""case_no"": 2, ""input"": ""33 22 11"", ""output"": ""33""}, {""case_no"": 3, ""input"": ""22 33 11"", ""output"": ""33""}, {""case_no"": 4, ""input"": ""17 17 17"", ""output"": ""17""}, {""case_no"": 5, ""input"": ""15 35 15"", ""output"": ""35""}, {""case_no"": 6, ""input"": ""35 15 35"", ""output"": ""35""}, {""case_no"": 7, ""input"": ""35 35 15"", ""output"": ""35""}, {""case_no"": 8, ""input"": ""15 35 35"", ""output"": ""35""}, {""case_no"": 9, ""input"": ""35 15 15"", ""output"": ""35""}, {""case_no"": 10, ""input"": ""15 15 35"", ""output"": ""35""}]",,,TRUE,10630602,10630602
Q213,Mengurutkan Tiga Bilangan Secara Menurun,Mengurutkan Tiga Bilangan Secara Menurun,"Tulislah algoritma untuk menampilkan tiga bilangan bulat dalam urutan dari terbesar ke terkecil.
  Input: Tiga bilangan bulat a, b, dan c.
  Output: Ketiga bilangan tersebut dari terbesar ke terkecil, masing-masing pada satu baris.
  Catatan: Nilai yang sama tetap ditampilkan. Gunakan satu rantai if - else if - else.","Write an algorithm to display three integers in descending order.
  Input: Three integers a, b, and c.
  Output: The same three integers from largest to smallest, one value per line.
  Note: Equal values must still be displayed. Use one if - else if - else chain.",049,"program SortThreeDescending
  kamus
  a, b, c : integer
  algoritma
  input(a, b, c)
  
  if a >= b and b >= c then
  output(a)
  output(b)
  output(c)
  else if a >= c and c >= b then
  output(a)
  output(c)
  output(b)
  else if b >= a and a >= c then
  output(b)
  output(a)
  output(c)
  else if b >= c and c >= a then
  output(b)
  output(c)
  output(a)
  else if c >= a and a >= b then
  output(c)
  output(a)
  output(b)
  else
  output(c)
  output(b)
  output(a)
  endif
  endprogram","[TEST CASES UPDATED - SIX STRICT ORDERS AND COMPLETE EQUAL-VALUE COVERAGE]
  
  1) Input: 1 2 3
  Expected:
  3
  2
  1
  
  2) Input: 3 2 1
  Expected:
  3
  2
  1
  
  3) Input: 2 3 1
  Expected:
  3
  2
  1
  
  4) Input: 2 1 3
  Expected:
  3
  2
  1
  
  5) Input: 1 3 2
  Expected:
  3
  2
  1
  
  6) Input: 3 1 2
  Expected:
  3
  2
  1
  
  7) Input: 14 14 14
  Expected:
  14
  14
  14
  
  8) Input: 15 35 15
  Expected:
  35
  15
  15
  
  9) Input: 35 15 35
  Expected:
  35
  35
  15
  
  10) Input: 35 35 15
  Expected:
  35
  35
  15
  
  11) Input: 15 35 35
  Expected:
  35
  35
  15
  
  12) Input: 15 15 35
  Expected:
  35
  15
  15
  
  13) Input: 35 15 15
  Expected:
  35
  15
  15",W10,147,213,TRUE,ready,PS,LMS,LMS-PS-10639143,"049.UAI sort 3 bilangan descending (en)
  [REVISED FOR WEEK 10]",Intermediate,Tulislah algoritma untuk menampilkan tiga bilangan bulat dalam urutan dari terbesar ke terkecil.,Write an algorithm to display three integers in descending order.,"[{""type"": ""text"", ""content"": ""Tulislah algoritma untuk menampilkan tiga bilangan bulat dalam urutan dari terbesar ke terkecil.\n Input: Tiga bilangan bulat a, b, dan c.\n Output: Ketiga bilangan tersebut dari terbesar ke terkecil, masing-masing pada satu baris.\n Catatan: Nilai yang sama tetap ditampilkan. Gunakan satu rantai if - else if - else.""}]","[{""type"": ""text"", ""content"": ""Write an algorithm to display three integers in descending order.\n Input: Three integers a, b, and c.\n Output: The same three integers from largest to smallest, one value per line.\n Note: Equal values must still be displayed. Use one if - else if - else chain.""}]","[""1 2 3"", ""3 2 1"", ""2 3 1"", ""2 1 3"", ""1 3 2"", ""3 1 2"", ""14 14 14"", ""15 35 15"", ""35 15 35"", ""35 35 15"", ""15 35 35"", ""15 15 35"", ""35 15 15""]","[""3\n2\n1"", ""3\n2\n1"", ""3\n2\n1"", ""3\n2\n1"", ""3\n2\n1"", ""3\n2\n1"", ""14\n14\n14"", ""35\n15\n15"", ""35\n35\n15"", ""35\n35\n15"", ""35\n35\n15"", ""35\n15\n15"", ""35\n15\n15""]",,,"Tiga bilangan bulat a, b, dan c.","Three integers a, b, and c.","Ketiga bilangan tersebut dari terbesar ke terkecil, masing-masing pada satu baris.","The same three integers from largest to smallest, one value per line.",text+table,"[{""case_no"": 1, ""input"": ""1 2 3"", ""output"": ""3\n2\n1""}, {""case_no"": 2, ""input"": ""3 2 1"", ""output"": ""3\n2\n1""}, {""case_no"": 3, ""input"": ""2 3 1"", ""output"": ""3\n2\n1""}, {""case_no"": 4, ""input"": ""2 1 3"", ""output"": ""3\n2\n1""}, {""case_no"": 5, ""input"": ""1 3 2"", ""output"": ""3\n2\n1""}, {""case_no"": 6, ""input"": ""3 1 2"", ""output"": ""3\n2\n1""}, {""case_no"": 7, ""input"": ""14 14 14"", ""output"": ""14\n14\n14""}, {""case_no"": 8, ""input"": ""15 35 15"", ""output"": ""35\n15\n15""}, {""case_no"": 9, ""input"": ""35 15 35"", ""output"": ""35\n35\n15""}, {""case_no"": 10, ""input"": ""35 35 15"", ""output"": ""35\n35\n15""}, {""case_no"": 11, ""input"": ""15 35 35"", ""output"": ""35\n35\n15""}, {""case_no"": 12, ""input"": ""15 15 35"", ""output"": ""35\n15\n15""}, {""case_no"": 13, ""input"": ""35 15 15"", ""output"": ""35\n15\n15""}]",,,FALSE,10639143,10639143
Q214,Kalkulator Aritmetika,Kalkulator Aritmetika,"Diberikan sebuah karakter operator dan dua bilangan riil. Lakukan operasi berikut:
  - '+': penjumlahan;
  - '-': bilangan pertama dikurangi bilangan kedua;
  - '*': perkalian;
  - '/': bilangan pertama dibagi bilangan kedua;
  - operator lain: keluarkan ""unknown operation"".
  Input: Sebuah karakter operator, diikuti dua bilangan riil a dan b.
  Output: Hasil operasi sebagai bilangan riil atau teks ""unknown operation"".
  Catatan: Spesifikasi sumber tidak menetapkan perilaku jika operator '/' menerima b = 0; test case tidak menggunakan b = 0.","Given an operator character and two real numbers, perform the following operation:
  - '+': addition;
  - '-': subtract the second number from the first;
  - '*': multiplication;
  - '/': divide the first number by the second;
  - any other operator: output ""unknown operation"".
  Input: One operator character followed by two real numbers a and b.
  Output: The result as a real number or the text ""unknown operation"".
  Note: The source specification does not define behavior when operator '/' receives b = 0; the test cases do not use b = 0.",052,"program ArithmeticCalculator
  kamus
  operatorCode : character
  a, b : real
  algoritma
  input(operatorCode, a, b)
  
  if operatorCode == '+' then
  output(a + b)
  else if operatorCode == '-' then
  output(a - b)
  else if operatorCode == '*' then
  output(a * b)
  else if operatorCode == '/' then
  output(a / b)
  else
  output(""unknown operation"")
  endif
  endprogram","[TEST CASES ALIGNED WITH ALL 11 HISTORICAL GRADER CASES]
  
  1) Input: + 3 4
  Expected: 7.0000000
  
  2) Input: - 3 4
  Expected: -1.0000000
  
  3) Input: * 3 4
  Expected: 12.0000000
  
  4) Input: / 3 4
  Expected: 0.7500000
  
  5) Input: + -8.5 -11
  Expected: -19.5000000
  
  6) Input: - -8.5 11.5
  Expected: -20.0000000
  
  7) Input: * -8.5 -11.5
  Expected: 97.7500000
  
  8) Input: / -8.5 -11.5
  Expected: 0.7391304
  
  9) Input: + 0 0
  Expected: 0.0000000
  
  10) Input: ^ 3 4
  Expected: unknown operation
  
  11) Input: x -8.5 -11
  Expected: unknown operation",W10,149,214,TRUE,ready,PS,LMS,LMS-PS-10998247,052.JMT Arithmetic Calculator(en),Intermediate,Diberikan sebuah karakter operator dan dua bilangan riil.,"Given an operator character and two real numbers, perform the following operation: - '+': addition; - '-': subtract the second number from the first; - '*': multiplication; - '/':…","[{""type"": ""text"", ""content"": ""Diberikan sebuah karakter operator dan dua bilangan riil. Lakukan operasi berikut:\n - '+': penjumlahan;\n - '-': bilangan pertama dikurangi bilangan kedua;\n - '*': perkalian;\n - '/': bilangan pertama dibagi bilangan kedua;\n - operator lain: keluarkan \""unknown operation\"".\n Input: Sebuah karakter operator, diikuti dua bilangan riil a dan b.\n Output: Hasil operasi sebagai bilangan riil atau teks \""unknown operation\"".\n Catatan: Spesifikasi sumber tidak menetapkan perilaku jika operator '/' menerima b = 0; test case tidak menggunakan b = 0.""}]","[{""type"": ""text"", ""content"": ""Given an operator character and two real numbers, perform the following operation:\n - '+': addition;\n - '-': subtract the second number from the first;\n - '*': multiplication;\n - '/': divide the first number by the second;\n - any other operator: output \""unknown operation\"".\n Input: One operator character followed by two real numbers a and b.\n Output: The result as a real number or the text \""unknown operation\"".\n Note: The source specification does not define behavior when operator '/' receives b = 0; the test cases do not use b = 0.""}]","[""+ 3 4"", ""- 3 4"", ""* 3 4"", ""/ 3 4"", ""+ -8.5 -11"", ""- -8.5 11.5"", ""* -8.5 -11.5"", ""/ -8.5 -11.5"", ""+ 0 0"", ""^ 3 4"", ""x -8.5 -11""]","[""7.0000000"", ""-1.0000000"", ""12.0000000"", ""0.7500000"", ""-19.5000000"", ""-20.0000000"", ""97.7500000"", ""0.7391304"", ""0.0000000"", ""unknown operation"", ""unknown operation""]",,,"Sebuah karakter operator, diikuti dua bilangan riil a dan b.",One operator character followed by two real numbers a and b.,"Hasil operasi sebagai bilangan riil atau teks ""unknown operation"".","The result as a real number or the text ""unknown operation"".",text+table,"[{""case_no"": 1, ""input"": ""+ 3 4"", ""output"": ""7.0000000""}, {""case_no"": 2, ""input"": ""- 3 4"", ""output"": ""-1.0000000""}, {""case_no"": 3, ""input"": ""* 3 4"", ""output"": ""12.0000000""}, {""case_no"": 4, ""input"": ""/ 3 4"", ""output"": ""0.7500000""}, {""case_no"": 5, ""input"": ""+ -8.5 -11"", ""output"": ""-19.5000000""}, {""case_no"": 6, ""input"": ""- -8.5 11.5"", ""output"": ""-20.0000000""}, {""case_no"": 7, ""input"": ""* -8.5 -11.5"", ""output"": ""97.7500000""}, {""case_no"": 8, ""input"": ""/ -8.5 -11.5"", ""output"": ""0.7391304""}, {""case_no"": 9, ""input"": ""+ 0 0"", ""output"": ""0.0000000""}, {""case_no"": 10, ""input"": ""^ 3 4"", ""output"": ""unknown operation""}, {""case_no"": 11, ""input"": ""x -8.5 -11"", ""output"": ""unknown operation""}]",,,TRUE,10998247,10998247
Q215,Menentukan Jenis Segitiga,Menentukan Jenis Segitiga,"Diberikan tiga bilangan riil positif yang dianggap sebagai panjang sisi. Tentukan satu klasifikasi dengan prioritas berikut:
  1. ""Not a triangle"" jika tidak memenuhi ketaksamaan segitiga;
  2. ""Equilateral triangle"" jika ketiga sisi sama;
  3. ""Isosceles triangle"" jika setidaknya dua sisi sama setelah kasus equilateral dikeluarkan;
  4. ""Right triangle"" jika memenuhi teorema Pythagoras;
  5. ""Obtuse triangle"" jika kuadrat sisi terpanjang lebih besar daripada jumlah kuadrat dua sisi lain;
  6. ""Acute triangle"" untuk kasus segitiga lainnya.
  Input: Tiga bilangan riil positif a, b, dan c.
  Output: Tepat satu teks klasifikasi di atas.
  Catatan: Prioritas diperlukan karena klasifikasi berdasarkan sisi dan sudut dapat tumpang tindih.","Given three positive real numbers that are intended as side lengths, output exactly one classification using this priority:
  1. ""Not a triangle"" when the triangle inequality is not satisfied;
  2. ""Equilateral triangle"" when all sides are equal;
  3. ""Isosceles triangle"" when at least two sides are equal after excluding the equilateral case;
  4. ""Right triangle"" when the Pythagorean relation holds;
  5. ""Obtuse triangle"" when the square of the longest side is greater than the sum of the other two squares;
  6. ""Acute triangle"" for every other valid triangle.
  Input: Three positive real numbers a, b, and c.
  Output: Exactly one classification text listed above.
  Note: The priority is required because side-based and angle-based classifications may overlap.",054,"program TriangleType
  kamus
  a, b, c : real
  a2, b2, c2 : real
  algoritma
  input(a, b, c)
  
  a2 <- a * a
  b2 <- b * b
  c2 <- c * c
  
  if ((a + b <= c) or (a + c <= b)) or (b + c <= a) then
  output(""Not a triangle"")
  else if a == b and b == c then
  output(""Equilateral triangle"")
  else if ((a == b) or (a == c)) or (b == c) then
  output(""Isosceles triangle"")
  else if ((a2 + b2 == c2) or (a2 + c2 == b2)) or (b2 + c2 == a2) then
  output(""Right triangle"")
  else if ((a2 + b2 < c2) or (a2 + c2 < b2)) or (b2 + c2 < a2) then
  output(""Obtuse triangle"")
  else
  output(""Acute triangle"")
  endif
  endprogram","[TEST CASES UPDATED - ALL HISTORICAL GRADER CASES PLUS TRIANGLE-INEQUALITY BOUNDARIES]
  
  1) Input: 3 4 5
  Expected: Right triangle
  
  2) Input: 5 5 5
  Expected: Equilateral triangle
  
  3) Input: 5 5 4
  Expected: Isosceles triangle
  
  4) Input: 3 4 6
  Expected: Obtuse triangle
  
  5) Input: 6 8 9
  Expected: Acute triangle
  
  6) Input: 5 4 3
  Expected: Right triangle
  
  7) Input: 3 5 4
  Expected: Right triangle
  
  8) Input: 4 5 4
  Expected: Isosceles triangle
  
  9) Input: 8 5 5
  Expected: Isosceles triangle
  
  10) Input: 9 8 6
  Expected: Acute triangle
  
  11) Input: 6 9 8
  Expected: Acute triangle
  
  12) Input: 11 8 6
  Expected: Obtuse triangle
  
  13) Input: 6 11 8
  Expected: Obtuse triangle
  
  14) Input: 15 7 7
  Expected: Not a triangle
  
  15) Input: 7 15 7
  Expected: Not a triangle
  
  16) Input: 7 7 15
  Expected: Not a triangle
  
  17) Input: 14 7 7
  Expected: Not a triangle
  
  18) Input: 7 14 7
  Expected: Not a triangle
  
  19) Input: 7 7 14
  Expected: Not a triangle",W10,150,215,TRUE,ready,PS,LMS,LMS-PS-10998251,"054.JMT Triangle (en)
  [REVISED FOR WEEK 10]",Intermediate,Diberikan tiga bilangan riil positif yang dianggap sebagai panjang sisi.,"Given three positive real numbers that are intended as side lengths, output exactly one classification using this priority: 1.","[{""type"": ""text"", ""content"": ""Diberikan tiga bilangan riil positif yang dianggap sebagai panjang sisi. Tentukan satu klasifikasi dengan prioritas berikut:\n 1. \""Not a triangle\"" jika tidak memenuhi ketaksamaan segitiga;\n 2. \""Equilateral triangle\"" jika ketiga sisi sama;\n 3. \""Isosceles triangle\"" jika setidaknya dua sisi sama setelah kasus equilateral dikeluarkan;\n 4. \""Right triangle\"" jika memenuhi teorema Pythagoras;\n 5. \""Obtuse triangle\"" jika kuadrat sisi terpanjang lebih besar daripada jumlah kuadrat dua sisi lain;\n 6. \""Acute triangle\"" untuk kasus segitiga lainnya.\n Input: Tiga bilangan riil positif a, b, dan c.\n Output: Tepat satu teks klasifikasi di atas.\n Catatan: Prioritas diperlukan karena klasifikasi berdasarkan sisi dan sudut dapat tumpang tindih.""}]","[{""type"": ""text"", ""content"": ""Given three positive real numbers that are intended as side lengths, output exactly one classification using this priority:\n 1. \""Not a triangle\"" when the triangle inequality is not satisfied;\n 2. \""Equilateral triangle\"" when all sides are equal;\n 3. \""Isosceles triangle\"" when at least two sides are equal after excluding the equilateral case;\n 4. \""Right triangle\"" when the Pythagorean relation holds;\n 5. \""Obtuse triangle\"" when the square of the longest side is greater than the sum of the other two squares;\n 6. \""Acute triangle\"" for every other valid triangle.\n Input: Three positive real numbers a, b, and c.\n Output: Exactly one classification text listed above.\n Note: The priority is required because side-based and angle-based classifications may overlap.""}]","[""3 4 5"", ""5 5 5"", ""5 5 4"", ""3 4 6"", ""6 8 9"", ""5 4 3"", ""3 5 4"", ""4 5 4"", ""8 5 5"", ""9 8 6"", ""6 9 8"", ""11 8 6"", ""6 11 8"", ""15 7 7"", ""7 15 7"", ""7 7 15"", ""14 7 7"", ""7 14 7"", ""7 7 14""]","[""Right triangle"", ""Equilateral triangle"", ""Isosceles triangle"", ""Obtuse triangle"", ""Acute triangle"", ""Right triangle"", ""Right triangle"", ""Isosceles triangle"", ""Isosceles triangle"", ""Acute triangle"", ""Acute triangle"", ""Obtuse triangle"", ""Obtuse triangle"", ""Not a triangle"", ""Not a triangle"", ""Not a triangle"", ""Not a triangle"", ""Not a triangle"", ""Not a triangle""]",,,"Tiga bilangan riil positif a, b, dan c.","Three positive real numbers a, b, and c.",Tepat satu teks klasifikasi di atas.,Exactly one classification text listed above.,text+table,"[{""case_no"": 1, ""input"": ""3 4 5"", ""output"": ""Right triangle""}, {""case_no"": 2, ""input"": ""5 5 5"", ""output"": ""Equilateral triangle""}, {""case_no"": 3, ""input"": ""5 5 4"", ""output"": ""Isosceles triangle""}, {""case_no"": 4, ""input"": ""3 4 6"", ""output"": ""Obtuse triangle""}, {""case_no"": 5, ""input"": ""6 8 9"", ""output"": ""Acute triangle""}, {""case_no"": 6, ""input"": ""5 4 3"", ""output"": ""Right triangle""}, {""case_no"": 7, ""input"": ""3 5 4"", ""output"": ""Right triangle""}, {""case_no"": 8, ""input"": ""4 5 4"", ""output"": ""Isosceles triangle""}, {""case_no"": 9, ""input"": ""8 5 5"", ""output"": ""Isosceles triangle""}, {""case_no"": 10, ""input"": ""9 8 6"", ""output"": ""Acute triangle""}, {""case_no"": 11, ""input"": ""6 9 8"", ""output"": ""Acute triangle""}, {""case_no"": 12, ""input"": ""11 8 6"", ""output"": ""Obtuse triangle""}, {""case_no"": 13, ""input"": ""6 11 8"", ""output"": ""Obtuse triangle""}, {""case_no"": 14, ""input"": ""15 7 7"", ""output"": ""Not a triangle""}, {""case_no"": 15, ""input"": ""7 15 7"", ""output"": ""Not a triangle""}, {""case_no"": 16, ""input"": ""7 7 15"", ""output"": ""Not a triangle""}, {""case_no"": 17, ""input"": ""14 7 7"", ""output"": ""Not a triangle""}, {""case_no"": 18, ""input"": ""7 14 7"", ""output"": ""Not a triangle""}, {""case_no"": 19, ""input"": ""7 7 14"", ""output"": ""Not a triangle""}]",,,TRUE,10998251,10998251
Q216,Mengklasifikasikan Body Mass Index,Mengklasifikasikan Body Mass Index,"Tulislah algoritma untuk menghitung dan mengklasifikasikan Body Mass Index (BMI).
  Input: Dua bilangan riil positif: berat dalam gram dan tinggi dalam sentimeter.
  Output: Teks:
  - ""Underweight"" jika BMI < 18.5;
  - ""Normal"" jika 18.5 <= BMI <= 25;
  - ""Overweight"" jika 25 < BMI < 40;
  - ""Obese"" jika BMI >= 40.
  Catatan: BMI = berat_kg / tinggi_m^2, sehingga untuk satuan input tersebut BMI = berat_gram * 10 / tinggi_cm^2.","Write an algorithm to compute and classify Body Mass Index (BMI).
  Input: Two positive real numbers: weight in grams and height in centimeters.
  Output:
  - ""Underweight"" when BMI < 18.5;
  - ""Normal"" when 18.5 <= BMI <= 25;
  - ""Overweight"" when 25 < BMI < 40;
  - ""Obese"" when BMI >= 40.
  Note: BMI = weight_kg / height_m^2, so for the given input units BMI = weight_grams * 10 / height_cm^2.",055,"program BMIClassification
  kamus
  weightGram, heightCm, bmi : real
  algoritma
  input(weightGram, heightCm)
  bmi <- weightGram * 10.0 / (heightCm * heightCm)
  
  if bmi < 18.5 then
  output(""Underweight"")
  else if bmi <= 25.0 then
  output(""Normal"")
  else if bmi < 40.0 then
  output(""Overweight"")
  else
  output(""Obese"")
  endif
  endprogram","[TEST CASES UPDATED - EXACT BMI BOUNDARIES]
  
  1) Input: 18499 100
  Expected: Underweight
  
  2) Input: 18500 100
  Expected: Normal
  
  3) Input: 25000 100
  Expected: Normal
  
  4) Input: 25001 100
  Expected: Overweight
  
  5) Input: 39999 100
  Expected: Overweight
  
  6) Input: 40000 100
  Expected: Obese
  
  7) Input: 60000 170
  Expected: Normal",W10,151,216,TRUE,ready,PS,LMS,LMS-PS-10998753,055.JMT BMI (en),Intermediate,Tulislah algoritma untuk menghitung dan mengklasifikasikan Body Mass Index (BMI).,Write an algorithm to compute and classify Body Mass Index (BMI).,"[{""type"": ""text"", ""content"": ""Tulislah algoritma untuk menghitung dan mengklasifikasikan Body Mass Index (BMI).\n Input: Dua bilangan riil positif: berat dalam gram dan tinggi dalam sentimeter.\n Output: Teks:\n - \""Underweight\"" jika BMI < 18.5;\n - \""Normal\"" jika 18.5 <= BMI <= 25;\n - \""Overweight\"" jika 25 < BMI < 40;\n - \""Obese\"" jika BMI >= 40.\n Catatan: BMI = berat_kg / tinggi_m^2, sehingga untuk satuan input tersebut BMI = berat_gram * 10 / tinggi_cm^2.""}]","[{""type"": ""text"", ""content"": ""Write an algorithm to compute and classify Body Mass Index (BMI).\n Input: Two positive real numbers: weight in grams and height in centimeters.\n Output:\n - \""Underweight\"" when BMI < 18.5;\n - \""Normal\"" when 18.5 <= BMI <= 25;\n - \""Overweight\"" when 25 < BMI < 40;\n - \""Obese\"" when BMI >= 40.\n Note: BMI = weight_kg / height_m^2, so for the given input units BMI = weight_grams * 10 / height_cm^2.""}]","[""18499 100"", ""18500 100"", ""25000 100"", ""25001 100"", ""39999 100"", ""40000 100"", ""60000 170""]","[""Underweight"", ""Normal"", ""Normal"", ""Overweight"", ""Overweight"", ""Obese"", ""Normal""]",,,Dua bilangan riil positif: berat dalam gram dan tinggi dalam sentimeter.,Two positive real numbers: weight in grams and height in centimeters.,Teks:,,text+table,"[{""case_no"": 1, ""input"": ""18499 100"", ""output"": ""Underweight""}, {""case_no"": 2, ""input"": ""18500 100"", ""output"": ""Normal""}, {""case_no"": 3, ""input"": ""25000 100"", ""output"": ""Normal""}, {""case_no"": 4, ""input"": ""25001 100"", ""output"": ""Overweight""}, {""case_no"": 5, ""input"": ""39999 100"", ""output"": ""Overweight""}, {""case_no"": 6, ""input"": ""40000 100"", ""output"": ""Obese""}, {""case_no"": 7, ""input"": ""60000 170"", ""output"": ""Normal""}]",,,TRUE,10998753,10998753
Q217,Menentukan Banyak Akar Riil Persamaan Kuadrat,Menentukan Banyak Akar Riil Persamaan Kuadrat,"Tulislah algoritma untuk menentukan banyaknya akar riil dari persamaan a*x^2 + b*x + c = 0 sesuai klasifikasi LMS historis.
  Input: Tiga bilangan riil a, b, dan c.
  Output:
  - ""Has no root"" jika a = 0 atau diskriminan b*b - 4*a*c kurang dari 0;
  - ""Has two valid roots"" jika a != 0 dan diskriminan lebih besar dari 0;
  - ""Has one valid root"" jika a != 0 dan diskriminan sama dengan 0.
  Catatan: Perlakuan a = 0 sebagai ""Has no root"" mengikuti right answer historis LMS, bukan klasifikasi umum persamaan linear.","Write an algorithm to determine the number of real roots of a*x^2 + b*x + c = 0 using the historical LMS classification.
  Input: Three real numbers a, b, and c.
  Output:
  - ""Has no root"" when a = 0 or the discriminant b*b - 4*a*c is less than 0;
  - ""Has two valid roots"" when a != 0 and the discriminant is greater than 0;
  - ""Has one valid root"" when a != 0 and the discriminant equals 0.
  Note: Treating a = 0 as ""Has no root"" follows the historical LMS right answer rather than the general classification of a linear equation.",055,"program QuadraticRootCount
  kamus
  a, b, c, discriminant : real
  algoritma
  input(a, b, c)
  discriminant <- b * b - 4.0 * a * c
  
  if a == 0 or discriminant < 0 then
  output(""Has no root"")
  else if discriminant > 0 then
  output(""Has two valid roots"")
  else
  output(""Has one valid root"")
  endif
  endprogram","[TEST CASES UPDATED - A = 0 HISTORICAL BRANCH]
  
  1) Input: 1 -3 2
  Expected: Has two valid roots
  
  2) Input: 1 2 1
  Expected: Has one valid root
  
  3) Input: 1 0 1
  Expected: Has no root
  
  4) Input: -1 0 1
  Expected: Has two valid roots
  
  5) Input: 2 8 8
  Expected: Has one valid root
  
  6) Input: 3 5 2
  Expected: Has two valid roots
  
  7) Input: 0 2 1
  Expected: Has no root",W10,152,217,TRUE,ready,PS,LMS,LMS-PS-10998683,055.JMT Quadratic equation (en),Intermediate,Tulislah algoritma untuk menentukan banyaknya akar riil dari persamaan a*x^2 + b*x + c = 0 sesuai klasifikasi LMS historis.,Write an algorithm to determine the number of real roots of a*x^2 + b*x + c = 0 using the historical LMS classification.,"[{""type"": ""text"", ""content"": ""Tulislah algoritma untuk menentukan banyaknya akar riil dari persamaan a*x^2 + b*x + c = 0 sesuai klasifikasi LMS historis.\n Input: Tiga bilangan riil a, b, dan c.\n Output:\n - \""Has no root\"" jika a = 0 atau diskriminan b*b - 4*a*c kurang dari 0;\n - \""Has two valid roots\"" jika a != 0 dan diskriminan lebih besar dari 0;\n - \""Has one valid root\"" jika a != 0 dan diskriminan sama dengan 0.\n Catatan: Perlakuan a = 0 sebagai \""Has no root\"" mengikuti right answer historis LMS, bukan klasifikasi umum persamaan linear.""}]","[{""type"": ""text"", ""content"": ""Write an algorithm to determine the number of real roots of a*x^2 + b*x + c = 0 using the historical LMS classification.\n Input: Three real numbers a, b, and c.\n Output:\n - \""Has no root\"" when a = 0 or the discriminant b*b - 4*a*c is less than 0;\n - \""Has two valid roots\"" when a != 0 and the discriminant is greater than 0;\n - \""Has one valid root\"" when a != 0 and the discriminant equals 0.\n Note: Treating a = 0 as \""Has no root\"" follows the historical LMS right answer rather than the general classification of a linear equation.""}]","[""1 -3 2"", ""1 2 1"", ""1 0 1"", ""-1 0 1"", ""2 8 8"", ""3 5 2"", ""0 2 1""]","[""Has two valid roots"", ""Has one valid root"", ""Has no root"", ""Has two valid roots"", ""Has one valid root"", ""Has two valid roots"", ""Has no root""]",,,"Tiga bilangan riil a, b, dan c.","Three real numbers a, b, and c.",,,text+table,"[{""case_no"": 1, ""input"": ""1 -3 2"", ""output"": ""Has two valid roots""}, {""case_no"": 2, ""input"": ""1 2 1"", ""output"": ""Has one valid root""}, {""case_no"": 3, ""input"": ""1 0 1"", ""output"": ""Has no root""}, {""case_no"": 4, ""input"": ""-1 0 1"", ""output"": ""Has two valid roots""}, {""case_no"": 5, ""input"": ""2 8 8"", ""output"": ""Has one valid root""}, {""case_no"": 6, ""input"": ""3 5 2"", ""output"": ""Has two valid roots""}, {""case_no"": 7, ""input"": ""0 2 1"", ""output"": ""Has no root""}]",,,TRUE,10998683,10998683
Q218,Menghitung Volume Berdasarkan Kode Objek,Menghitung Volume Berdasarkan Kode Objek,"Diberikan sebuah karakter huruf kecil sebagai kode objek dan tiga bilangan riil positif a, b, dan c. Hitung volume objek berdasarkan kode berikut:
  - 'b': a, b, dan c adalah panjang sisi balok;
  - 'c': a adalah tinggi, sedangkan b dan c adalah diameter pendek dan panjang alas elips;
  - 'e': a, b, dan c adalah diameter elipsoid;
  - kode lainnya: keluarkan ""unknown object"".
  
  Input: Sebuah karakter kode objek, diikuti tiga bilangan riil positif a, b, dan c.
  Output: Volume objek sebagai bilangan riil atau teks ""unknown object"".
  Catatan: Gunakan PI = 3.14.","Given a lowercase character as an object code and three positive real numbers a, b, and c, compute the object volume according to the following codes:
  - 'b': a, b, and c are the side lengths of a block;
  - 'c': a is the height, while b and c are the short and long diameters of the elliptical base;
  - 'e': a, b, and c are the diameters of an ellipsoid;
  - any other code: output ""unknown object"".
  
  Input: One object-code character followed by three positive real numbers a, b, and c.
  Output: The object volume as a real number or the text ""unknown object"".
  Note: Use PI = 3.14.",,"[CURRENT QUESTIONBANK AND GRADER VERSION]
  
  program ObjectVolume
  kamus
  constant PI : real = 3.14
  objectCode : character
  a, b, c, volume : real
  algoritma
  input(objectCode, a, b, c)
  
  if objectCode == 'b' then
  volume <- a * b * c
  output(volume)
  else if objectCode == 'c' then
  volume <- PI * a * b * c / 4.0
  output(volume)
  else if objectCode == 'e' then
  volume <- PI * a * b * c / 6.0
  output(volume)
  else
  output(""unknown object"")
  endif
  endprogram","[TEST CASES ALIGNED WITH CURRENT QID 12104624 GRADER]
  
  1) Input: b 3 4 5
  Expected: 60.0000000
  
  2) Input: c 3 4 5
  Expected: 47.1000000
  
  3) Input: e 3 4 5
  Expected: 31.4000000
  
  4) Input: t 3 4 5
  Expected: unknown object
  
  5) Input: b 10 10 10
  Expected: 1000.0000000
  
  6) Input: c 12 13 14
  Expected: 1714.4400000
  
  7) Input: e 20 21 27
  Expected: 5934.6000000
  
  8) Input: e 10 10 10
  Expected: 523.3333333",W10,300,218,TRUE,ready,PS,LMS,LMS-PS-12104624,"051.JMT Volume Calculator(en)
  [legacy QID 10998246; absent from current QuestionBank]",Intermediate,"Diberikan sebuah karakter huruf kecil sebagai kode objek dan tiga bilangan riil positif a, b, dan c.","Given a lowercase character as an object code and three positive real numbers a, b, and c, compute the object volume according to the following codes: - 'b': a, b, and c are the s…","[{""type"": ""text"", ""content"": ""Diberikan sebuah karakter huruf kecil sebagai kode objek dan tiga bilangan riil positif a, b, dan c. Hitung volume objek berdasarkan kode berikut:\n- 'b': a, b, dan c adalah panjang sisi balok;\n- 'c': a adalah tinggi, sedangkan b dan c adalah diameter pendek dan panjang alas elips;\n- 'e': a, b, dan c adalah diameter elipsoid;\n- kode lainnya: keluarkan \""unknown object\"".\n\nInput: Sebuah karakter kode objek, diikuti tiga bilangan riil positif a, b, dan c.\nOutput: Volume objek sebagai bilangan riil atau teks \""unknown object\"".\nCatatan: Gunakan PI = 3.14.""}]","[{""type"": ""text"", ""content"": ""Given a lowercase character as an object code and three positive real numbers a, b, and c, compute the object volume according to the following codes:\n- 'b': a, b, and c are the side lengths of a block;\n- 'c': a is the height, while b and c are the short and long diameters of the elliptical base;\n- 'e': a, b, and c are the diameters of an ellipsoid;\n- any other code: output \""unknown object\"".\n\nInput: One object-code character followed by three positive real numbers a, b, and c.\nOutput: The object volume as a real number or the text \""unknown object\"".\nNote: Use PI = 3.14.""}]","[""b 3 4 5"", ""c 3 4 5"", ""e 3 4 5"", ""t 3 4 5"", ""b 10 10 10"", ""c 12 13 14"", ""e 20 21 27"", ""e 10 10 10""]","[""60.0000000"", ""47.1000000"", ""31.4000000"", ""unknown object"", ""1000.0000000"", ""1714.4400000"", ""5934.6000000"", ""523.3333333""]",,,"Sebuah karakter kode objek, diikuti tiga bilangan riil positif a, b, dan c.","One object-code character followed by three positive real numbers a, b, and c.","Volume objek sebagai bilangan riil atau teks ""unknown object"".","The object volume as a real number or the text ""unknown object"".",text+table,"[{""case_no"": 1, ""input"": ""b 3 4 5"", ""output"": ""60.0000000""}, {""case_no"": 2, ""input"": ""c 3 4 5"", ""output"": ""47.1000000""}, {""case_no"": 3, ""input"": ""e 3 4 5"", ""output"": ""31.4000000""}, {""case_no"": 4, ""input"": ""t 3 4 5"", ""output"": ""unknown object""}, {""case_no"": 5, ""input"": ""b 10 10 10"", ""output"": ""1000.0000000""}, {""case_no"": 6, ""input"": ""c 12 13 14"", ""output"": ""1714.4400000""}, {""case_no"": 7, ""input"": ""e 20 21 27"", ""output"": ""5934.6000000""}, {""case_no"": 8, ""input"": ""e 10 10 10"", ""output"": ""523.3333333""}]",,,TRUE,12104624,12104624
Q219,Urutan pemeriksaan kondisi percabangan keliru: Kasus 1,Conditions in a selection are checked in the wrong order: Case 1,Perhatikan pseudocode berikut. Apa keluarannya?,"Consider the following pseudocode. What is the output?
  
  score <- 92
  if score >= 60 then
  output(""Lulus"")
  else if score >= 85 then
  output(""Istimewa"")
  else
  output(""Tidak lulus"")
  endif",,Lulus,Kunci: A,W10,327,219,TRUE,ready,MP,LMS,LMS-MP-W10-CD-04-Q1,CD-04,,Uji pemahaman tentang Urutan pemeriksaan kondisi percabangan keliru. Perhatikan pseudocode berikut. Apa keluarannya?,Assess understanding of Conditions in a selection are checked in the wrong order. Consider the following pseudocode.,"[{""type"": ""text"", ""content"": ""Perhatikan pseudocode berikut. Apa keluarannya?""}]","[{""type"": ""text"", ""content"": ""Consider the following pseudocode. What is the output?""}, {""type"": ""code"", ""content"": ""score <- 92\n if score >= 60 then\n output(\""Lulus\"")\n else if score >= 85 then\n output(\""Istimewa\"")\n else\n output(\""Tidak lulus\"")\n endif""}]",[],[],1,CD-04,,,,,none,,"[{""answer_id"": ""A705"", ""label"": ""A"", ""text"": ""Lulus"", ""is_correct"": true, ""misconceptions"": []}, {""answer_id"": ""A706"", ""label"": ""B"", ""text"": ""Istimewa"", ""is_correct"": false, ""misconceptions"": [""CD-04""]}, {""answer_id"": ""A707"", ""label"": ""C"", ""text"": ""Lulus, lalu Istimewa / Lulus, then Istimewa"", ""is_correct"": false, ""misconceptions"": [""CD-07""]}, {""answer_id"": ""A708"", ""label"": ""D"", ""text"": ""Tidak lulus"", ""is_correct"": false, ""misconceptions"": []}]",A,FALSE,,MP-CD-04-1
Q220,Urutan pemeriksaan kondisi percabangan keliru: Kasus 2,Conditions in a selection are checked in the wrong order: Case 2,"Program harus memberi kategori ""Premium"" untuk points >= 100, ""Regular"" untuk points >= 50 tetapi kurang dari 100, dan ""Basic"" untuk nilai lainnya. Potongan berikut digunakan:","A program must assign ""Premium"" to points >= 100, ""Regular"" to points >= 50 but below 100, and ""Basic"" otherwise. The following fragment is used:
  
  if [condition 1] then
  output(""Premium"")
  else if [condition 2] then
  output(""Regular"")
  else
  output(""Basic"")
  endif
  
  Pasangan kondisi manakah yang tepat?
  Which pair of conditions is correct?",,condition 1: points >= 100; condition 2: points >= 50,Kunci: A,W10,328,220,TRUE,ready,MP,LMS,LMS-MP-W10-CD-04-Q2,CD-04,,Uji pemahaman tentang Urutan pemeriksaan kondisi percabangan keliru.,"Assess understanding of Conditions in a selection are checked in the wrong order. A program must assign ""Premium"" to points >= 100, ""Regular"" to points >= 50 but below 100, and ""Basic"" otherwise.","[{""type"": ""text"", ""content"": ""Program harus memberi kategori \""Premium\"" untuk points >= 100, \""Regular\"" untuk points >= 50 tetapi kurang dari 100, dan \""Basic\"" untuk nilai lainnya. Potongan berikut digunakan:""}]","[{""type"": ""text"", ""content"": ""A program must assign \""Premium\"" to points >= 100, \""Regular\"" to points >= 50 but below 100, and \""Basic\"" otherwise. The following fragment is used:""}, {""type"": ""code"", ""content"": ""if [condition 1] then\n output(\""Premium\"")\n else if [condition 2] then\n output(\""Regular\"")\n else\n output(\""Basic\"")\n endif""}, {""type"": ""text"", ""content"": ""Pasangan kondisi manakah yang tepat?\n Which pair of conditions is correct?""}]",[],[],2,CD-04,,,,,none,,"[{""answer_id"": ""A709"", ""label"": ""A"", ""text"": ""condition 1: points >= 100; condition 2: points >= 50"", ""is_correct"": true, ""misconceptions"": []}, {""answer_id"": ""A710"", ""label"": ""B"", ""text"": ""condition 1: points >= 50; condition 2: points >= 100"", ""is_correct"": false, ""misconceptions"": [""CD-04""]}, {""answer_id"": ""A711"", ""label"": ""C"", ""text"": ""condition 1: points > 100; condition 2: points >= 50"", ""is_correct"": false, ""misconceptions"": []}, {""answer_id"": ""A712"", ""label"": ""D"", ""text"": ""condition 1: points == 100; condition 2: points >= 50"", ""is_correct"": false, ""misconceptions"": []}]",A,FALSE,,MP-CD-04-2
Q221,Beberapa cabang dianggap dapat dijalankan sekaligus: Kasus 1,Multiple branches are assumed to execute at once: Case 1,Perhatikan pseudocode berikut. Apa yang ditampilkan?,"Consider the following pseudocode. What is displayed?
  
  x <- 75
  if x >= 70 then
  output(""A"")
  else if x >= 50 then
  output(""B"")
  else
  output(""C"")
  endif",,A,Kunci: A,W10,329,221,TRUE,ready,MP,LMS,LMS-MP-W10-CD-07-Q1,CD-07,,Uji pemahaman tentang Beberapa cabang dianggap dapat dijalankan sekaligus. Perhatikan pseudocode berikut. Apa yang ditampilkan?,Assess understanding of Multiple branches are assumed to execute at once. Consider the following pseudocode.,"[{""type"": ""text"", ""content"": ""Perhatikan pseudocode berikut. Apa yang ditampilkan?""}]","[{""type"": ""text"", ""content"": ""Consider the following pseudocode. What is displayed?""}, {""type"": ""code"", ""content"": ""x <- 75\n if x >= 70 then\n output(\""A\"")\n else if x >= 50 then\n output(\""B\"")\n else\n output(\""C\"")\n endif""}]",[],[],1,CD-07,,,,,none,,"[{""answer_id"": ""A713"", ""label"": ""A"", ""text"": ""A"", ""is_correct"": true, ""misconceptions"": []}, {""answer_id"": ""A714"", ""label"": ""B"", ""text"": ""B"", ""is_correct"": false, ""misconceptions"": []}, {""answer_id"": ""A715"", ""label"": ""C"", ""text"": ""A, lalu B / A, then B"", ""is_correct"": false, ""misconceptions"": [""CD-07""]}, {""answer_id"": ""A716"", ""label"": ""D"", ""text"": ""C"", ""is_correct"": false, ""misconceptions"": []}]",A,FALSE,,MP-CD-07-1
Q222,Beberapa cabang dianggap dapat dijalankan sekaligus: Kasus 2,Multiple branches are assumed to execute at once: Case 2,Perhatikan pseudocode berikut. Apa nilai yang ditampilkan?,"Consider the following pseudocode. What value is displayed?
  
  points <- 0
  level <- 3
  if level >= 3 then
  points <- points + 10
  else if level >= 2 then
  points <- points + 4
  else
  points <- points + 1
  endif
  output(points)",,10,Kunci: A,W10,330,222,TRUE,ready,MP,LMS,LMS-MP-W10-CD-07-Q2,CD-07,,Uji pemahaman tentang Beberapa cabang dianggap dapat dijalankan sekaligus. Perhatikan pseudocode berikut. Apa nilai yang ditampilkan?,Assess understanding of Multiple branches are assumed to execute at once. Consider the following pseudocode.,"[{""type"": ""text"", ""content"": ""Perhatikan pseudocode berikut. Apa nilai yang ditampilkan?""}]","[{""type"": ""text"", ""content"": ""Consider the following pseudocode. What value is displayed?""}, {""type"": ""code"", ""content"": ""points <- 0\n level <- 3\n if level >= 3 then\n points <- points + 10\n else if level >= 2 then\n points <- points + 4\n else\n points <- points + 1\n endif\n output(points)""}]",[],[],2,CD-07,,,,,none,,"[{""answer_id"": ""A717"", ""label"": ""A"", ""text"": ""10"", ""is_correct"": true, ""misconceptions"": []}, {""answer_id"": ""A718"", ""label"": ""B"", ""text"": ""14"", ""is_correct"": false, ""misconceptions"": [""CD-07""]}, {""answer_id"": ""A719"", ""label"": ""C"", ""text"": ""4"", ""is_correct"": false, ""misconceptions"": []}, {""answer_id"": ""A720"", ""label"": ""D"", ""text"": ""1"", ""is_correct"": false, ""misconceptions"": []}]",A,FALSE,,MP-CD-07-2
Q223,Percabangan dianggap selesai tanpa memeriksa kondisi lain: Kasus 1,A selection is assumed to finish without checking all conditions: Case 1,"Variabel code bertipe character. Program harus menampilkan ""Known"" untuk code 'r' atau 'g', dan ""Unknown"" untuk character lainnya. Potongan manakah yang memenuhi seluruh ketentuan tersebut dan selalu menghasilkan tepat satu output?","The character variable code must produce ""Known"" for code 'r' or 'g', and ""Unknown"" for every other character. Which fragment satisfies all of these requirements and always produces exactly one output?",,"if code == 'r' or code == 'g' then
  output(""Known"")
  else
  output(""Unknown"")
  endif",Kunci: A,W10,331,223,TRUE,ready,MP,LMS,LMS-MP-W10-CD-08-Q1,CD-08,,Uji pemahaman tentang Percabangan dianggap selesai tanpa memeriksa kondisi lain. Variabel code bertipe character.,"Assess understanding of A selection is assumed to finish without checking all conditions. The character variable code must produce ""Known"" for code 'r' or 'g', and ""Unknown"" for every other character.","[{""type"": ""text"", ""content"": ""Variabel code bertipe character. Program harus menampilkan \""Known\"" untuk code 'r' atau 'g', dan \""Unknown\"" untuk character lainnya. Potongan manakah yang memenuhi seluruh ketentuan tersebut dan selalu menghasilkan tepat satu output?""}]","[{""type"": ""text"", ""content"": ""The character variable code must produce \""Known\"" for code 'r' or 'g', and \""Unknown\"" for every other character. Which fragment satisfies all of these requirements and always produces exactly one output?""}]",[],[],1,CD-08,,,,,none,,"[{""answer_id"": ""A721"", ""label"": ""A"", ""text"": ""if code == 'r' or code == 'g' then\n output(\""Known\"")\n else\n output(\""Unknown\"")\n endif"", ""is_correct"": true, ""misconceptions"": []}, {""answer_id"": ""A722"", ""label"": ""B"", ""text"": ""if code == 'r' then\n output(\""Known\"")\n else if code == 'g' then\n output(\""Known\"")\n endif"", ""is_correct"": false, ""misconceptions"": [""CD-08""]}, {""answer_id"": ""A723"", ""label"": ""C"", ""text"": ""if code != 'r' and code != 'g' then\n output(\""Known\"")\n else\n output(\""Unknown\"")\n endif"", ""is_correct"": false, ""misconceptions"": []}, {""answer_id"": ""A724"", ""label"": ""D"", ""text"": ""if code == 'r' and code == 'g' then\n output(\""Known\"")\n else\n output(\""Unknown\"")\n endif"", ""is_correct"": false, ""misconceptions"": []}]",A,FALSE,,MP-CD-08-1
Q224,Percabangan dianggap selesai tanpa memeriksa kondisi lain: Kasus 2,A selection is assumed to finish without checking all conditions: Case 2,Perhatikan pseudocode berikut. Apa yang ditampilkan?,"Consider the following pseudocode. What is displayed?
  
  rank <- 2
  if rank == 1 then
  output(""Gold"")
  else if rank == 2 then
  output(""Silver"")
  else
  output(""Bronze"")
  endif",,Silver,Kunci: B,W10,332,224,TRUE,ready,MP,LMS,LMS-MP-W10-CD-08-Q2,CD-08,,Uji pemahaman tentang Percabangan dianggap selesai tanpa memeriksa kondisi lain. Perhatikan pseudocode berikut. Apa yang ditampilkan?,Assess understanding of A selection is assumed to finish without checking all conditions. Consider the following pseudocode.,"[{""type"": ""text"", ""content"": ""Perhatikan pseudocode berikut. Apa yang ditampilkan?""}]","[{""type"": ""text"", ""content"": ""Consider the following pseudocode. What is displayed?""}, {""type"": ""code"", ""content"": ""rank <- 2\n if rank == 1 then\n output(\""Gold\"")\n else if rank == 2 then\n output(\""Silver\"")\n else\n output(\""Bronze\"")\n endif""}]",[],[],2,CD-08,,,,,none,,"[{""answer_id"": ""A725"", ""label"": ""A"", ""text"": ""Gold"", ""is_correct"": false, ""misconceptions"": []}, {""answer_id"": ""A726"", ""label"": ""B"", ""text"": ""Silver"", ""is_correct"": true, ""misconceptions"": []}, {""answer_id"": ""A727"", ""label"": ""C"", ""text"": ""Bronze"", ""is_correct"": false, ""misconceptions"": []}, {""answer_id"": ""A728"", ""label"": ""D"", ""text"": ""Tidak menampilkan apa pun / No output"", ""is_correct"": false, ""misconceptions"": [""CD-08""]}]",B,FALSE,,MP-CD-08-2
Q225,Cabang lain dianggap tetap dijalankan setelah kondisi benar: Kasus 1,Another branch is assumed to execute after a condition is true: Case 1,"Perhatikan pseudocode berikut. Kedua variabel bernilai true. Ketika kondisi pertama bernilai true, cabang ""Primary"" dipilih. Pernyataan manakah yang tepat mengenai cabang yang dipilih dalam rantai tersebut?","Consider the following pseudocode. Both variables are true. When the first condition is true, the ""Primary"" branch is selected. Which statement correctly describes the selected branch in this chain?
  
  primaryReady <- true
  backupReady <- true
  
  if primaryReady then
  output(""Primary"")
  else if backupReady then
  output(""Backup"")
  else
  output(""None"")
  endif",,Cabang Primary tetap menjadi satu-satunya cabang yang dipilih. / The Primary branch remains the only selected branch.,Kunci: A,W10,333,225,TRUE,ready,MP,LMS,LMS-MP-W10-CD-10-Q1,CD-10,,Uji pemahaman tentang Cabang lain dianggap tetap dijalankan setelah kondisi benar. Perhatikan pseudocode berikut. Kedua variabel bernilai true.,Assess understanding of Another branch is assumed to execute after a condition is true. Consider the following pseudocode.,"[{""type"": ""text"", ""content"": ""Perhatikan pseudocode berikut. Kedua variabel bernilai true. Ketika kondisi pertama bernilai true, cabang \""Primary\"" dipilih. Pernyataan manakah yang tepat mengenai cabang yang dipilih dalam rantai tersebut?""}]","[{""type"": ""text"", ""content"": ""Consider the following pseudocode. Both variables are true. When the first condition is true, the \""Primary\"" branch is selected. Which statement correctly describes the selected branch in this chain?""}, {""type"": ""code"", ""content"": ""primaryReady <- true\nbackupReady <- true\n\nif primaryReady then\n output(\""Primary\"")\nelse if backupReady then\n output(\""Backup\"")\nelse\n output(\""None\"")\nendif""}]",[],[],1,CD-10,,,,,none,,"[{""answer_id"": ""A729"", ""label"": ""A"", ""text"": ""Cabang Primary tetap menjadi satu-satunya cabang yang dipilih. / The Primary branch remains the only selected branch."", ""is_correct"": true, ""misconceptions"": []}, {""answer_id"": ""A730"", ""label"": ""B"", ""text"": ""Cabang terpilih berubah menjadi Backup karena backupReady juga true. / The selected branch changes to Backup because backupReady is also true."", ""is_correct"": false, ""misconceptions"": [""CD-10""]}, {""answer_id"": ""A731"", ""label"": ""C"", ""text"": ""Cabang Primary dan Backup sama-sama dijalankan. / The Primary and Backup branches both execute."", ""is_correct"": false, ""misconceptions"": [""CD-07""]}, {""answer_id"": ""A732"", ""label"": ""D"", ""text"": ""Cabang else dipilih. / The else branch is selected."", ""is_correct"": false, ""misconceptions"": []}]",A,FALSE,,MP-CD-10-1
Q226,Cabang lain dianggap tetap dijalankan setelah kondisi benar: Kasus 2,Another branch is assumed to execute after a condition is true: Case 2,"Perhatikan pseudocode berikut. Kedua variabel bernilai true. Setelah cabang ""Express"" dipilih, bagaimana perlakuan terhadap cabang ""Standard"" dalam rantai yang sama?","Consider the following pseudocode. Both variables are true. After the ""Express"" branch is selected, how is the ""Standard"" branch treated in the same chain?
  
  expressReady <- true
  standardReady <- true
  
  if expressReady then
  output(""Express"")
  else if standardReady then
  output(""Standard"")
  else
  output(""Unavailable"")
  endif",,Cabang Standard tidak diperiksa atau dijalankan. / The Standard branch is not checked or executed.,Kunci: A,W10,334,226,TRUE,ready,MP,LMS,LMS-MP-W10-CD-10-Q2,CD-10,,Uji pemahaman tentang Cabang lain dianggap tetap dijalankan setelah kondisi benar. Perhatikan pseudocode berikut. Kedua variabel bernilai true.,Assess understanding of Another branch is assumed to execute after a condition is true. Consider the following pseudocode.,"[{""type"": ""text"", ""content"": ""Perhatikan pseudocode berikut. Kedua variabel bernilai true. Setelah cabang \""Express\"" dipilih, bagaimana perlakuan terhadap cabang \""Standard\"" dalam rantai yang sama?""}]","[{""type"": ""text"", ""content"": ""Consider the following pseudocode. Both variables are true. After the \""Express\"" branch is selected, how is the \""Standard\"" branch treated in the same chain?""}, {""type"": ""code"", ""content"": ""expressReady <- true\nstandardReady <- true\n\nif expressReady then\n output(\""Express\"")\nelse if standardReady then\n output(\""Standard\"")\nelse\n output(\""Unavailable\"")\nendif""}]",[],[],2,CD-10,,,,,none,,"[{""answer_id"": ""A733"", ""label"": ""A"", ""text"": ""Cabang Standard tidak diperiksa atau dijalankan. / The Standard branch is not checked or executed."", ""is_correct"": true, ""misconceptions"": []}, {""answer_id"": ""A734"", ""label"": ""B"", ""text"": ""Cabang Standard menggantikan cabang Express karena standardReady juga true. / The Standard branch replaces the Express branch because standardReady is also true."", ""is_correct"": false, ""misconceptions"": [""CD-10""]}, {""answer_id"": ""A735"", ""label"": ""C"", ""text"": ""Cabang Standard juga dijalankan setelah cabang Express. / The Standard branch also executes after the Express branch."", ""is_correct"": false, ""misconceptions"": [""CD-07""]}, {""answer_id"": ""A736"", ""label"": ""D"", ""text"": ""Cabang else dijalankan setelah cabang Standard. / The else branch executes after the Standard branch."", ""is_correct"": false, ""misconceptions"": []}]",A,FALSE,,MP-CD-10-2
Q227,Batas inklusif dan eksklusif tertukar: Kasus 1,Inclusive and exclusive boundaries are confused: Case 1,"Kategori suhu ditentukan sebagai berikut: ""Low"" untuk temp < 18, ""Normal"" untuk 18 sampai 25 secara inklusif, dan ""High"" untuk temp > 25. Potongan berikut digunakan:","Temperature categories are ""Low"" for temp < 18, ""Normal"" for 18 through 25 inclusive, and ""High"" for temp > 25. The following fragment is used:
  
  if temp < 18 then
  output(""Low"")
  else if [condition] then
  output(""Normal"")
  else
  output(""High"")
  endif
  
  Kondisi manakah yang tepat?
  Which condition is correct?",,temp <= 25,Kunci: A,W10,335,227,TRUE,ready,MP,LMS,LMS-MP-W10-OP-11-Q1,OP-11,,"Uji pemahaman tentang Batas inklusif dan eksklusif tertukar. Kategori suhu ditentukan sebagai berikut: ""Low"" untuk temp < 18, ""Normal"" untuk 18 sampai 25 secara inklusif, dan ""High"" untuk te…","Assess understanding of Inclusive and exclusive boundaries are confused. Temperature categories are ""Low"" for temp < 18, ""Normal"" for 18 through 25 inclusive, and ""High"" for temp > 25.","[{""type"": ""text"", ""content"": ""Kategori suhu ditentukan sebagai berikut: \""Low\"" untuk temp < 18, \""Normal\"" untuk 18 sampai 25 secara inklusif, dan \""High\"" untuk temp > 25. Potongan berikut digunakan:""}]","[{""type"": ""text"", ""content"": ""Temperature categories are \""Low\"" for temp < 18, \""Normal\"" for 18 through 25 inclusive, and \""High\"" for temp > 25. The following fragment is used:""}, {""type"": ""code"", ""content"": ""if temp < 18 then\n output(\""Low\"")\n else if [condition] then\n output(\""Normal\"")\n else\n output(\""High\"")\n endif""}, {""type"": ""text"", ""content"": ""Kondisi manakah yang tepat?\n Which condition is correct?""}]",[],[],1,OP-11,,,,,none,,"[{""answer_id"": ""A737"", ""label"": ""A"", ""text"": ""temp <= 25"", ""is_correct"": true, ""misconceptions"": []}, {""answer_id"": ""A738"", ""label"": ""B"", ""text"": ""temp < 25"", ""is_correct"": false, ""misconceptions"": [""OP-11""]}, {""answer_id"": ""A739"", ""label"": ""C"", ""text"": ""temp >= 18"", ""is_correct"": false, ""misconceptions"": []}, {""answer_id"": ""A740"", ""label"": ""D"", ""text"": ""temp > 25"", ""is_correct"": false, ""misconceptions"": []}]",A,TRUE,,MP-OP-11-1
Q228,Batas inklusif dan eksklusif tertukar: Kasus 2,Inclusive and exclusive boundaries are confused: Case 2,Perhatikan pseudocode berikut. Apa yang ditampilkan?,"Consider the following pseudocode. What is displayed?
  
  value <- 25
  if value < 18 then
  output(""Low"")
  else if value <= 25 then
  output(""Middle"")
  else
  output(""High"")
  endif",,Middle,Kunci: B,W10,336,228,TRUE,ready,MP,LMS,LMS-MP-W10-OP-11-Q2,OP-11,,Uji pemahaman tentang Batas inklusif dan eksklusif tertukar. Perhatikan pseudocode berikut. Apa yang ditampilkan?,Assess understanding of Inclusive and exclusive boundaries are confused. Consider the following pseudocode.,"[{""type"": ""text"", ""content"": ""Perhatikan pseudocode berikut. Apa yang ditampilkan?""}]","[{""type"": ""text"", ""content"": ""Consider the following pseudocode. What is displayed?""}, {""type"": ""code"", ""content"": ""value <- 25\n if value < 18 then\n output(\""Low\"")\n else if value <= 25 then\n output(\""Middle\"")\n else\n output(\""High\"")\n endif""}]",[],[],2,OP-11,,,,,none,,"[{""answer_id"": ""A741"", ""label"": ""A"", ""text"": ""Low"", ""is_correct"": false, ""misconceptions"": []}, {""answer_id"": ""A742"", ""label"": ""B"", ""text"": ""Middle"", ""is_correct"": true, ""misconceptions"": []}, {""answer_id"": ""A743"", ""label"": ""C"", ""text"": ""High"", ""is_correct"": false, ""misconceptions"": [""OP-11""]}, {""answer_id"": ""A744"", ""label"": ""D"", ""text"": ""Tidak menampilkan apa pun / No output"", ""is_correct"": false, ""misconceptions"": []}]",B,TRUE,,MP-OP-11-2
Q229,Assignment dan perbandingan kesetaraan tertukar: Kasus 1,Assignment and equality comparison are confused: Case 1,"Variabel left dan right bertipe integer. Dalam rantai tiga arah, kondisi manakah yang tepat untuk cabang ketika kedua nilai sama?","The variables left and right are integers. In a three-way chain, which condition correctly identifies the branch where the two values are equal?",,else if left == right then,Kunci: A,W10,337,229,TRUE,ready,MP,LMS,LMS-MP-W10-OP-01-Q1,OP-01,,Uji pemahaman tentang Assignment dan perbandingan kesetaraan tertukar. Variabel left dan right bertipe integer.,Assess understanding of Assignment and equality comparison are confused. The variables left and right are integers.,"[{""type"": ""text"", ""content"": ""Variabel left dan right bertipe integer. Dalam rantai tiga arah, kondisi manakah yang tepat untuk cabang ketika kedua nilai sama?""}]","[{""type"": ""text"", ""content"": ""The variables left and right are integers. In a three-way chain, which condition correctly identifies the branch where the two values are equal?""}]",[],[],1,OP-01,,,,,none,,"[{""answer_id"": ""A745"", ""label"": ""A"", ""text"": ""else if left == right then"", ""is_correct"": true, ""misconceptions"": []}, {""answer_id"": ""A746"", ""label"": ""B"", ""text"": ""else if left = right then"", ""is_correct"": false, ""misconceptions"": [""OP-01""]}, {""answer_id"": ""A747"", ""label"": ""C"", ""text"": ""else if left != right then"", ""is_correct"": false, ""misconceptions"": []}, {""answer_id"": ""A748"", ""label"": ""D"", ""text"": ""else if left <= right then"", ""is_correct"": false, ""misconceptions"": []}]",A,TRUE,,MP-OP-01-1
Q230,Assignment dan perbandingan kesetaraan tertukar: Kasus 2,Assignment and equality comparison are confused: Case 2,"Variabel code bertipe character dan category bertipe string. Menurut notasi pseudocode Tel-U, pasangan operator manakah yang tepat untuk melengkapi potongan berikut?","The variable code is a character and category is a string. According to the Tel-U pseudocode notation, which operator pair correctly completes the following fragment?
  
  category [operator 1] ""Other""
  
  if code [operator 2] 'A' then
  category [operator 1] ""Alpha""
  endif",,operator 1: <- ; operator 2: ==,Kunci: A,W10,338,230,TRUE,ready,MP,LMS,LMS-MP-W10-OP-01-Q2,OP-01,,Uji pemahaman tentang Assignment dan perbandingan kesetaraan tertukar. Variabel code bertipe character dan category bertipe string.,Assess understanding of Assignment and equality comparison are confused. The variable code is a character and category is a string.,"[{""type"": ""text"", ""content"": ""Variabel code bertipe character dan category bertipe string. Menurut notasi pseudocode Tel-U, pasangan operator manakah yang tepat untuk melengkapi potongan berikut?""}]","[{""type"": ""text"", ""content"": ""The variable code is a character and category is a string. According to the Tel-U pseudocode notation, which operator pair correctly completes the following fragment?\n\ncategory [operator 1] \""Other\""""}, {""type"": ""code"", ""content"": ""if code [operator 2] 'A' then""}, {""type"": ""text"", ""content"": ""category [operator 1] \""Alpha\""""}, {""type"": ""code"", ""content"": ""endif""}]",[],[],2,OP-01,,,,,none,,"[{""answer_id"": ""A749"", ""label"": ""A"", ""text"": ""operator 1: <- ; operator 2: =="", ""is_correct"": true, ""misconceptions"": []}, {""answer_id"": ""A750"", ""label"": ""B"", ""text"": ""operator 1: <- ; operator 2: ="", ""is_correct"": false, ""misconceptions"": [""OP-01""]}, {""answer_id"": ""A751"", ""label"": ""C"", ""text"": ""operator 1: == ; operator 2: <-"", ""is_correct"": false, ""misconceptions"": []}, {""answer_id"": ""A752"", ""label"": ""D"", ""text"": ""operator 1: == ; operator 2: ="", ""is_correct"": false, ""misconceptions"": []}]",A,TRUE,,MP-OP-01-2
Q231,Kondisi yang saling eksklusif dianggap harus memakai IF terpisah: Kasus 1,Mutually exclusive conditions are assumed to require separate IF statements: Case 1,Perhatikan pseudocode berikut. Pernyataan manakah yang tepat?,"Consider the following pseudocode. Which statement is correct?
  
  score <- 85
  if score >= 80 then
  output(""High"")
  else if score >= 50 then
  output(""Medium"")
  else
  output(""Low"")
  endif",,Rantai ini tepat untuk kategori yang saling eksklusif dan menghasilkan tepat satu output. / This chain is appropriate for mutually exclusive categories and produces exactly one output.,Kunci: A,W10,339,231,TRUE,ready,MP,LMS,LMS-MP-W10-CD-01-Q1,CD-01,,Uji pemahaman tentang Kondisi yang saling eksklusif dianggap harus memakai IF terpisah. Perhatikan pseudocode berikut. Pernyataan manakah yang tepat?,Assess understanding of Mutually exclusive conditions are assumed to require separate IF statements. Consider the following pseudocode.,"[{""type"": ""text"", ""content"": ""Perhatikan pseudocode berikut. Pernyataan manakah yang tepat?""}]","[{""type"": ""text"", ""content"": ""Consider the following pseudocode. Which statement is correct?""}, {""type"": ""code"", ""content"": ""score <- 85\nif score >= 80 then\n output(\""High\"")\nelse if score >= 50 then\n output(\""Medium\"")\nelse\n output(\""Low\"")\nendif""}]",[],[],1,CD-01,,,,,none,,"[{""answer_id"": ""A753"", ""label"": ""A"", ""text"": ""Rantai ini tepat untuk kategori yang saling eksklusif dan menghasilkan tepat satu output. / This chain is appropriate for mutually exclusive categories and produces exactly one output."", ""is_correct"": true, ""misconceptions"": []}, {""answer_id"": ""A754"", ""label"": ""B"", ""text"": ""Rantai ini tidak tepat; setiap kategori harus ditulis sebagai if terpisah. / This chain is invalid; each category must be written as a separate if statement."", ""is_correct"": false, ""misconceptions"": [""CD-01""]}, {""answer_id"": ""A755"", ""label"": ""C"", ""text"": ""Kondisi pertama akan diulang selama score >= 80. / The first condition repeats while score >= 80."", ""is_correct"": false, ""misconceptions"": [""CD-02""]}, {""answer_id"": ""A756"", ""label"": ""D"", ""text"": ""Setelah output(\""High\""), cabang else tetap dijalankan. / After output(\""High\""), the else branch still executes."", ""is_correct"": false, ""misconceptions"": [""CD-07""]}]",A,FALSE,,MP-CD-01-1
Q232,Kondisi yang saling eksklusif dianggap harus memakai IF terpisah: Kasus 2,Mutually exclusive conditions are assumed to require separate IF statements: Case 2,"Dua algoritma berikut dimaksudkan untuk mengelompokkan suhu ke dalam tepat satu kategori. Tentukan apakah masing-masing algoritma memenuhi ketentuan tersebut.
  
  Algoritma X:
  
  if temperature >= 30 then
  output(""Hot"")
  else if temperature >= 20 then
  output(""Warm"")
  else
  output(""Cold"")
  endif
  
  Algoritma Y:
  
  if temperature >= 30 then
  output(""Hot"")
  endif
  
  if temperature >= 20 and temperature < 30 then
  output(""Warm"")
  endif
  
  if temperature < 20 then
  output(""Cold"")
  endif
  
  Pernyataan manakah yang tepat?","The following two algorithms are intended to classify a temperature into exactly one category. Determine whether each algorithm satisfies the requirement.
  
  Algorithm X:
  
  if temperature >= 30 then
  output(""Hot"")
  else if temperature >= 20 then
  output(""Warm"")
  else
  output(""Cold"")
  endif
  
  Algorithm Y:
  
  if temperature >= 30 then
  output(""Hot"")
  endif
  
  if temperature >= 20 and temperature < 30 then
  output(""Warm"")
  endif
  
  if temperature < 20 then
  output(""Cold"")
  endif
  
  Which statement is correct?",,Keduanya benar; masing-masing selalu menghasilkan tepat satu kategori untuk setiap nilai temperature. / Both are correct; each always produces exactly one category for every temperature value.,Kunci: C,W10,340,232,TRUE,ready,MP,LMS,LMS-MP-W10-CD-01-Q2,CD-01,,Uji pemahaman tentang Kondisi yang saling eksklusif dianggap harus memakai IF terpisah. Dua algoritma berikut dimaksudkan untuk mengelompokkan suhu ke dalam tepat satu kategori.,Assess understanding of Mutually exclusive conditions are assumed to require separate IF statements. The following two algorithms are intended to classify a temperature into exactly one category.,"[{""type"": ""text"", ""content"": ""Dua algoritma berikut dimaksudkan untuk mengelompokkan suhu ke dalam tepat satu kategori. Tentukan apakah masing-masing algoritma memenuhi ketentuan tersebut.""}, {""type"": ""code"", ""content"": ""Algoritma X:\n\nif temperature >= 30 then\n output(\""Hot\"")\nelse if temperature >= 20 then\n output(\""Warm\"")\nelse\n output(\""Cold\"")\nendif\n\nAlgoritma Y:\n\nif temperature >= 30 then\n output(\""Hot\"")\nendif\n\nif temperature >= 20 and temperature < 30 then\n output(\""Warm\"")\nendif\n\nif temperature < 20 then\n output(\""Cold\"")\nendif""}, {""type"": ""text"", ""content"": ""Pernyataan manakah yang tepat?""}]","[{""type"": ""text"", ""content"": ""The following two algorithms are intended to classify a temperature into exactly one category. Determine whether each algorithm satisfies the requirement.""}, {""type"": ""code"", ""content"": ""Algorithm X:\n\nif temperature >= 30 then\n output(\""Hot\"")\nelse if temperature >= 20 then\n output(\""Warm\"")\nelse\n output(\""Cold\"")\nendif\n\nAlgorithm Y:\n\nif temperature >= 30 then\n output(\""Hot\"")\nendif\n\nif temperature >= 20 and temperature < 30 then\n output(\""Warm\"")\nendif\n\nif temperature < 20 then\n output(\""Cold\"")\nendif""}, {""type"": ""text"", ""content"": ""Which statement is correct?""}]",[],[],2,CD-01,,,,,none,,"[{""answer_id"": ""A757"", ""label"": ""A"", ""text"": ""Hanya Algoritma X yang benar; Algoritma Y salah karena menggunakan beberapa if terpisah. / Only Algorithm X is correct; Algorithm Y is invalid because it uses separate if statements."", ""is_correct"": false, ""misconceptions"": []}, {""answer_id"": ""A758"", ""label"": ""B"", ""text"": ""Hanya Algoritma Y yang benar; setiap kategori harus ditulis menggunakan if terpisah. / Only Algorithm Y is correct; every category must be written using a separate if statement."", ""is_correct"": false, ""misconceptions"": [""CD-01""]}, {""answer_id"": ""A759"", ""label"": ""C"", ""text"": ""Keduanya benar; masing-masing selalu menghasilkan tepat satu kategori untuk setiap nilai temperature. / Both are correct; each always produces exactly one category for every temperature value."", ""is_correct"": true, ""misconceptions"": []}, {""answer_id"": ""A760"", ""label"": ""D"", ""text"": ""Keduanya salah; masing-masing dapat menghasilkan lebih dari satu kategori. / Both are incorrect; each can produce more than one category."", ""is_correct"": false, ""misconceptions"": [""CD-07""]}]",C,FALSE,,MP-CD-01-2
Q233,d-i-g-i-t,Menampilkan Digit dalam Urutan Terbalik,"Baca satu bilangan bulat positif. Keluarkan digit-digitnya dari digit paling kanan ke paling kiri, satu per satu dan dipisahkan whitespace. Proses berhenti ketika hasil pembagian integer berulang oleh 10 menjadi 0.","Read one positive integer. Output its digits from rightmost to leftmost, one at a time separated by whitespace. Stop when repeated integer division by 10 reduces the value to 0.",046,"program ReverseDigits
  kamus
  value, digit : integer
  algoritma
  input(value)
  while value > 0 do
  digit <- value mod 10
  output(digit)
  value <- value div 10
  endwhile
  endprogram","1) 13579862 -> 2 6 8 9 7 5 3 1
  2) 122 -> 2 2 1
  3) 40257 -> 7 5 2 0 4
  4) 10292025 -> 5 2 0 2 9 2 0 1
  
  Kasus dengan digit 0 di tengah diperlukan agar zero digit tidak disalahartikan sebagai terminator input.",W11-12,153,233,TRUE,ready,PS,LMS,LMS-PS-10624145,046.ANO,Ultimate,Baca satu bilangan bulat positif.,"Read one positive integer. Output its digits from rightmost to leftmost, one at a time separated by whitespace.","[{""type"": ""text"", ""content"": ""Baca satu bilangan bulat positif. Keluarkan digit-digitnya dari digit paling kanan ke paling kiri, satu per satu dan dipisahkan whitespace. Proses berhenti ketika hasil pembagian integer berulang oleh 10 menjadi 0.""}]","[{""type"": ""text"", ""content"": ""Read one positive integer. Output its digits from rightmost to leftmost, one at a time separated by whitespace. Stop when repeated integer division by 10 reduces the value to 0.""}]","[""13579862 -> 2 6 8 9 7 5 3 1"", ""122 -> 2 2 1"", ""40257 -> 7 5 2 0 4"", ""10292025 -> 5 2 0 2 9 2 0 1\nKasus dengan digit 0 di tengah diperlukan agar zero digit tidak disalahartikan sebagai terminator input.""]","["""", """", """", """"]",,,Baca satu bilangan bulat positif.,Read one positive integer.,"Keluarkan digit-digitnya dari digit paling kanan ke paling kiri, satu per satu dan dipisahkan whitespace.","its digits from rightmost to leftmost, one at a time separated by whitespace.",text+table,"[{""case_no"": 1, ""input"": ""13579862 -> 2 6 8 9 7 5 3 1"", ""output"": """"}, {""case_no"": 2, ""input"": ""122 -> 2 2 1"", ""output"": """"}, {""case_no"": 3, ""input"": ""40257 -> 7 5 2 0 4"", ""output"": """"}, {""case_no"": 4, ""input"": ""10292025 -> 5 2 0 2 9 2 0 1\nKasus dengan digit 0 di tengah diperlukan agar zero digit tidak disalahartikan sebagai terminator input."", ""output"": """"}]",,,TRUE,10624145,10624145
Q234,while banyak digit,Menghitung Banyak Digit,Baca satu bilangan bulat positif. Hitung banyak digit desimalnya dengan berulang kali melakukan pembagian integer oleh 10 sampai nilai menjadi 0. Keluarkan banyak digit.,Read one positive integer. Count its decimal digits by repeatedly applying integer division by 10 until the value becomes 0. Output the digit count.,020,"program DigitCount
  kamus
  n, count : integer
  algoritma
  input(n)
  count <- 0
  while n > 0 do
  count <- count + 1
  n <- n div 10
  endwhile
  output(count)
  endprogram","1) 1002 -> 4
  2) 10 -> 2
  3) 5 -> 1
  4) 1234567 -> 7
  
  Input 5 menguji tepat satu iterasi; input 10 menguji transisi menjadi 1 lalu 0.",W11-12,154,234,TRUE,ready,PS,LMS,LMS-PS-10566457,020.UAI,Challenger,Baca satu bilangan bulat positif.,Read one positive integer. Count its decimal digits by repeatedly applying integer division by 10 until the value becomes 0.,"[{""type"": ""text"", ""content"": ""Baca satu bilangan bulat positif. Hitung banyak digit desimalnya dengan berulang kali melakukan pembagian integer oleh 10 sampai nilai menjadi 0. Keluarkan banyak digit.""}]","[{""type"": ""text"", ""content"": ""Read one positive integer. Count its decimal digits by repeatedly applying integer division by 10 until the value becomes 0. Output the digit count.""}]","[""1002 -> 4"", ""10 -> 2"", ""5 -> 1"", ""1234567 -> 7\nInput 5 menguji tepat satu iterasi; input 10 menguji transisi menjadi 1 lalu 0.""]","["""", """", """", """"]",,,Baca satu bilangan bulat positif.,Read one positive integer.,Keluarkan banyak digit.,the digit count.,text+table,"[{""case_no"": 1, ""input"": ""1002 -> 4"", ""output"": """"}, {""case_no"": 2, ""input"": ""10 -> 2"", ""output"": """"}, {""case_no"": 3, ""input"": ""5 -> 1"", ""output"": """"}, {""case_no"": 4, ""input"": ""1234567 -> 7\nInput 5 menguji tepat satu iterasi; input 10 menguji transisi menjadi 1 lalu 0."", ""output"": """"}]",,,TRUE,10566457,10566457
Q235,Integer Squareroot,Akar Kuadrat Bulat,"Baca satu bilangan bulat positif n. Keluarkan akar kuadrat bulat terbesar r yang memenuhi r*r <= n, yaitu floor dari akar kuadrat n. Gunakan perulangan berbasis kondisi.","Read one positive integer n. Output the greatest integer square root r satisfying r*r <= n, i.e. the floor of the square root of n. Use condition-based iteration.",069,"program IntegerSquareRoot
  kamus
  n, root : integer
  algoritma
  input(n)
  root <- 0
  while (root + 1) * (root + 1) <= n do
  root <- root + 1
  endwhile
  output(root)
  endprogram","1) 4 -> 2
  2) 8 -> 2
  3) 25 -> 5
  4) 99 -> 9
  5) 2500 -> 50
  6) 2600 -> 50
  
  Perfect-square dan non-perfect-square wajib sama-sama ada.",W11-12,155,235,TRUE,ready,PS,LMS,LMS-PS-10942741,069.LEET,Ultimate,Baca satu bilangan bulat positif n.,"Read one positive integer n. Output the greatest integer square root r satisfying r*r <= n, i.e.","[{""type"": ""text"", ""content"": ""Baca satu bilangan bulat positif n. Keluarkan akar kuadrat bulat terbesar r yang memenuhi r*r <= n, yaitu floor dari akar kuadrat n. Gunakan perulangan berbasis kondisi.""}]","[{""type"": ""text"", ""content"": ""Read one positive integer n. Output the greatest integer square root r satisfying r*r <= n, i.e. the floor of the square root of n. Use condition-based iteration.""}]","[""4 -> 2"", ""8 -> 2"", ""25 -> 5"", ""99 -> 9"", ""2500 -> 50"", ""2600 -> 50\nPerfect-square dan non-perfect-square wajib sama-sama ada.""]","["""", """", """", """", """", """"]",,,Baca satu bilangan bulat positif n.,Read one positive integer n.,"Keluarkan akar kuadrat bulat terbesar r yang memenuhi r*r <= n, yaitu floor dari akar kuadrat n.","the greatest integer square root r satisfying r*r <= n, i.e. the floor of the square root of n.",text+table,"[{""case_no"": 1, ""input"": ""4 -> 2"", ""output"": """"}, {""case_no"": 2, ""input"": ""8 -> 2"", ""output"": """"}, {""case_no"": 3, ""input"": ""25 -> 5"", ""output"": """"}, {""case_no"": 4, ""input"": ""99 -> 9"", ""output"": """"}, {""case_no"": 5, ""input"": ""2500 -> 50"", ""output"": """"}, {""case_no"": 6, ""input"": ""2600 -> 50\nPerfect-square dan non-perfect-square wajib sama-sama ada."", ""output"": """"}]",,,TRUE,10942741,10942741
Q236,konsekutif,Menentukan Bilangan Konsekutif,"Baca satu bilangan bulat positif. Keluarkan true jika setiap pasangan digit yang bersebelahan berbeda tepat 1, baik naik maupun turun; keluarkan false jika ada pasangan yang selisihnya bukan 1.","Read one positive integer. Output true when every pair of adjacent digits differs by exactly 1, in either increasing or decreasing direction; output false when any adjacent pair differs by a value other than 1.",040,"program ConsecutiveDigits
  kamus
  n, previousDigit, currentDigit : integer
  valid : boolean
  algoritma
  input(n)
  previousDigit <- n mod 10
  n <- n div 10
  valid <- true
  while n > 0 do
  currentDigit <- n mod 10
  valid <- valid and (((currentDigit - previousDigit) == 1)
  or ((previousDigit - currentDigit) == 1))
  previousDigit <- currentDigit
  n <- n div 10
  endwhile
  output(valid)
  endprogram","1) 101010101 -> true
  2) 12345678 -> true
  3) 5555 -> false
  4) 123890 -> false
  5) 12343210 -> true
  6) 987654321 -> true
  7) 2468642 -> false",W11-12,156,236,TRUE,ready,PS,LMS,LMS-PS-10618382,040.ANO,Ultimate,Baca satu bilangan bulat positif.,"Read one positive integer. Output true when every pair of adjacent digits differs by exactly 1, in either increasing or decreasing direction; output false when any adjacent pair d…","[{""type"": ""text"", ""content"": ""Baca satu bilangan bulat positif. Keluarkan true jika setiap pasangan digit yang bersebelahan berbeda tepat 1, baik naik maupun turun; keluarkan false jika ada pasangan yang selisihnya bukan 1.""}]","[{""type"": ""text"", ""content"": ""Read one positive integer. Output true when every pair of adjacent digits differs by exactly 1, in either increasing or decreasing direction; output false when any adjacent pair differs by a value other than 1.""}]","[""101010101 -> true"", ""12345678 -> true"", ""5555 -> false"", ""123890 -> false"", ""12343210 -> true"", ""987654321 -> true"", ""2468642 -> false""]","["""", """", """", """", """", """", """"]",,,Baca satu bilangan bulat positif.,Read one positive integer.,"Keluarkan true jika setiap pasangan digit yang bersebelahan berbeda tepat 1, baik naik maupun turun; keluarkan false jika ada pasangan yang selisihnya bukan 1.","true when every pair of adjacent digits differs by exactly 1, in either increasing or decreasing direction; output false when any adjacent pair differs by a value other than 1.",text+table,"[{""case_no"": 1, ""input"": ""101010101 -> true"", ""output"": """"}, {""case_no"": 2, ""input"": ""12345678 -> true"", ""output"": """"}, {""case_no"": 3, ""input"": ""5555 -> false"", ""output"": """"}, {""case_no"": 4, ""input"": ""123890 -> false"", ""output"": """"}, {""case_no"": 5, ""input"": ""12343210 -> true"", ""output"": """"}, {""case_no"": 6, ""input"": ""987654321 -> true"", ""output"": """"}, {""case_no"": 7, ""input"": ""2468642 -> false"", ""output"": """"}]",,,TRUE,10618382,10618382
Q237,tebak 2 angka,Permainan Tebak Dua Digit,"Baca bilangan rahasia dua digit. Setelah itu baca tebakan satu per satu. Berhenti ketika tebakan sama dengan bilangan rahasia atau sama dengan salah satu digitnya. Keluarkan banyak tebakan yang dibaca, termasuk tebakan yang menyebabkan berhenti.","Read a two-digit secret number. Then read guesses one at a time. Stop when a guess equals the full secret or either of its digits. Output the number of guesses read, including the terminating guess.",043,"program GuessTwoDigits
  kamus
  secret, tens, ones, guess, count : integer
  algoritma
  input(secret)
  tens <- secret div 10
  ones <- secret mod 10
  count <- 0
  repeat
  input(guess)
  count <- count + 1
  until ((guess == secret) or (guess == tens)) or (guess == ones)
  output(count)
  endprogram","1) secret 25; guesses 10,5 -> 2
  2) secret 99; guess 9 -> 1
  3) secret 15; guesses 3,25,7,92,4,6,82,10,2,15 -> 10
  4) secret 29; guesses 1,3,4,5,6,7,8,9 -> 8",W11-12,157,237,TRUE,ready,PS,LMS,LMS-PS-10624143,043.ANO,Ultimate,Baca bilangan rahasia dua digit.,Read a two-digit secret number.,"[{""type"": ""text"", ""content"": ""Baca bilangan rahasia dua digit. Setelah itu baca tebakan satu per satu. Berhenti ketika tebakan sama dengan bilangan rahasia atau sama dengan salah satu digitnya. Keluarkan banyak tebakan yang dibaca, termasuk tebakan yang menyebabkan berhenti.""}]","[{""type"": ""text"", ""content"": ""Read a two-digit secret number. Then read guesses one at a time. Stop when a guess equals the full secret or either of its digits. Output the number of guesses read, including the terminating guess.""}]","[""secret 25; guesses 10,5 -> 2"", ""secret 99; guess 9 -> 1"", ""secret 15; guesses 3,25,7,92,4,6,82,10,2,15 -> 10"", ""secret 29; guesses 1,3,4,5,6,7,8,9 -> 8""]","["""", """", """", """"]",,,Baca bilangan rahasia dua digit.,Read a two-digit secret number.,"Keluarkan banyak tebakan yang dibaca, termasuk tebakan yang menyebabkan berhenti.","the number of guesses read, including the terminating guess.",text+table,"[{""case_no"": 1, ""input"": ""secret 25; guesses 10,5 -> 2"", ""output"": """"}, {""case_no"": 2, ""input"": ""secret 99; guess 9 -> 1"", ""output"": """"}, {""case_no"": 3, ""input"": ""secret 15; guesses 3,25,7,92,4,6,82,10,2,15 -> 10"", ""output"": """"}, {""case_no"": 4, ""input"": ""secret 29; guesses 1,3,4,5,6,7,8,9 -> 8"", ""output"": """"}]",,,TRUE,10624143,10624143
Q238,Side length of a Cube,Panjang Sisi Kubus dari Volume,"Baca volume kubus berupa bilangan riil positif. Hitung panjang sisi kubus secara iteratif dan keluarkan hasil dengan ketelitian 7 angka di belakang desimal. QuestionBank tidak menetapkan rumus iterasi, tolerance, atau aturan pembulatan; Right Answer mengikuti historical solution dan grader.","Read a positive real-valued cube volume. Compute the cube side length iteratively and output the result to 7 decimal places. The QuestionBank does not specify the iteration formula, tolerance, or rounding rule; the Right Answer follows the historical solution and grader.",060,"program CubeSide
  kamus
  constant DELTA : real = 0.0000001
  volume, side, newSide, difference : real
  algoritma
  input(volume)
  side <- volume
  difference <- volume
  while (difference > DELTA) or (difference < -DELTA) do
  newSide <- (side + (volume / (side * side))) / 2.0
  difference <- newSide - side
  side <- newSide
  endwhile
  output(side)
  endprogram","Historical grader:
  1) 4 -> 1.5874010
  2) 8 -> 2.0000000
  3) 1000 -> 10.0000000
  4) 123 -> 4.9731899
  5) 123456789 -> 497.9338592
  
  Manual check required: bandingkan dengan cube root presisi tinggi dan tetapkan aturan rounding/tolerance resmi.",W11-12,158,238,TRUE,ready,PS,LMS,LMS-PS-10624150,060.JMT,Ultimate,Baca volume kubus berupa bilangan riil positif.,Read a positive real-valued cube volume.,"[{""type"": ""text"", ""content"": ""Baca volume kubus berupa bilangan riil positif. Hitung panjang sisi kubus secara iteratif dan keluarkan hasil dengan ketelitian 7 angka di belakang desimal. QuestionBank tidak menetapkan rumus iterasi, tolerance, atau aturan pembulatan; Right Answer mengikuti historical solution dan grader.""}]","[{""type"": ""text"", ""content"": ""Read a positive real-valued cube volume. Compute the cube side length iteratively and output the result to 7 decimal places. The QuestionBank does not specify the iteration formula, tolerance, or rounding rule; the Right Answer follows the historical solution and grader.""}]","[""4 -> 1.5874010"", ""8 -> 2.0000000"", ""1000 -> 10.0000000"", ""123 -> 4.9731899"", ""123456789 -> 497.9338592\nManual check required: bandingkan dengan cube root presisi tinggi dan tetapkan aturan rounding/tolerance resmi.""]","["""", """", """", """", """"]",,,Baca volume kubus berupa bilangan riil positif.,Read a positive real-valued cube volume.,keluarkan hasil dengan ketelitian 7 angka di belakang desimal.,the result to 7 decimal places.,text+table,"[{""case_no"": 1, ""input"": ""4 -> 1.5874010"", ""output"": """"}, {""case_no"": 2, ""input"": ""8 -> 2.0000000"", ""output"": """"}, {""case_no"": 3, ""input"": ""1000 -> 10.0000000"", ""output"": """"}, {""case_no"": 4, ""input"": ""123 -> 4.9731899"", ""output"": """"}, {""case_no"": 5, ""input"": ""123456789 -> 497.9338592\nManual check required: bandingkan dengan cube root presisi tinggi dan tetapkan aturan rounding/tolerance resmi."", ""output"": """"}]",,,FALSE,10624150,10624150
Q239,while penjumlahan 13-1000,while penjumlahan 13-1000,"Buat algoritma yang menghitung jumlah semua bilangan bulat dari 13 sampai dengan 1000 secara inklusif dengan menggunakan while-loop. Tidak ada masukan. Keluarkan satu bilangan bulat, yaitu hasil penjumlahan.","Write an algorithm that uses a while-loop to compute the sum of all integers from 13 through 1000, inclusive. There is no input. Output one integer containing the sum.",,"program Sum13To1000
  kamus
  i, total : integer
  algoritma
  i <- 13
  total <- 0
  while i <= 1000 do
  total <- total + i
  i <- i + 1
  endwhile
  output(total)
  endprogram","Historical fixed case:
  Input: tidak ada
  Expected output: 500422
  
  Coverage: memastikan 13 dan 1000 sama-sama dijumlahkan serta loop berhenti setelah 1000.",W11-12,301,239,TRUE,ready,PS,LMS,LMS-PS-10565913,002.UAI,Easy,Buat algoritma yang menghitung jumlah semua bilangan bulat dari 13 sampai dengan 1000 secara inklusif dengan menggunakan while-loop.,"Write an algorithm that uses a while-loop to compute the sum of all integers from 13 through 1000, inclusive.","[{""type"": ""text"", ""content"": ""Buat algoritma yang menghitung jumlah semua bilangan bulat dari 13 sampai dengan 1000 secara inklusif dengan menggunakan while-loop. Tidak ada masukan. Keluarkan satu bilangan bulat, yaitu hasil penjumlahan.""}]","[{""type"": ""text"", ""content"": ""Write an algorithm that uses a while-loop to compute the sum of all integers from 13 through 1000, inclusive. There is no input. Output one integer containing the sum.""}]","[""tidak ada""]","[""500422""]",,,,,"Keluarkan satu bilangan bulat, yaitu hasil penjumlahan.",one integer containing the sum.,text+table,"[{""case_no"": 1, ""input"": ""tidak ada"", ""output"": ""500422""}]",,,TRUE,10565913,10565913
Q240,while perkalian bilangan pecahan,while perkalian bilangan pecahan,"Baca deret bilangan bulat positif yang diakhiri oleh sentinel 0. Untuk setiap nilai sebelum 0, kalikan accumulator dengan pecahan 1 / nilai. Sentinel tidak ikut diproses. Keluarkan hasil perkalian sebagai bilangan riil.","Read a sequence of positive integers terminated by the sentinel 0. For every value before 0, multiply an accumulator by the fraction 1 / value. Do not process the sentinel. Output the product as a real number.",,"program FractionProduct
  kamus
  n : integer
  product : real
  algoritma
  product <- 1.0
  input(n)
  while n != 0 do
  product <- product * (1.0 / n)
  input(n)
  endwhile
  output(product)
  endprogram","1) Input: 1, 0 -> 1.0000000
  2) Input: 1, 2, 0 -> 0.5000000
  3) Input: 1, 2, 3, 2, 0 -> 0.0833333
  4) Input: 1, 2, 1, 1, 8, 0 -> 0.0625000
  
  Kasus 1 menguji identitas perkalian; kasus lain menguji beberapa iterasi dan sentinel.",W11-12,302,240,TRUE,ready,PS,LMS,LMS-PS-10566456,019.UAI,Easy,Baca deret bilangan bulat positif yang diakhiri oleh sentinel 0.,Read a sequence of positive integers terminated by the sentinel 0.,"[{""type"": ""text"", ""content"": ""Baca deret bilangan bulat positif yang diakhiri oleh sentinel 0. Untuk setiap nilai sebelum 0, kalikan accumulator dengan pecahan 1 / nilai. Sentinel tidak ikut diproses. Keluarkan hasil perkalian sebagai bilangan riil.""}]","[{""type"": ""text"", ""content"": ""Read a sequence of positive integers terminated by the sentinel 0. For every value before 0, multiply an accumulator by the fraction 1 / value. Do not process the sentinel. Output the product as a real number.""}]","[""1, 0 -> 1.0000000"", ""1, 2, 0 -> 0.5000000"", ""1, 2, 3, 2, 0 -> 0.0833333"", ""1, 2, 1, 1, 8, 0 -> 0.0625000\nKasus 1 menguji identitas perkalian; kasus lain menguji beberapa iterasi dan sentinel.""]","["""", """", """", """"]",,,Baca deret bilangan bulat positif yang diakhiri oleh sentinel 0.,Read a sequence of positive integers terminated by the sentinel 0.,Keluarkan hasil perkalian sebagai bilangan riil.,the product as a real number.,text+table,"[{""case_no"": 1, ""input"": ""1, 0 -> 1.0000000"", ""output"": """"}, {""case_no"": 2, ""input"": ""1, 2, 0 -> 0.5000000"", ""output"": """"}, {""case_no"": 3, ""input"": ""1, 2, 3, 2, 0 -> 0.0833333"", ""output"": """"}, {""case_no"": 4, ""input"": ""1, 2, 1, 1, 8, 0 -> 0.0625000\nKasus 1 menguji identitas perkalian; kasus lain menguji beberapa iterasi dan sentinel."", ""output"": """"}]",,,FALSE,10566456,10566456
Q241,gol dan hadiah,gol dan hadiah,"Baca banyak gol pada setiap pertandingan sampai sentinel -1. Jumlahkan seluruh gol sebelum sentinel. Keluarkan true jika total gol minimal 10, dan false jika kurang dari 10. Sentinel tidak ikut dijumlahkan.","Read the number of goals in each match until the sentinel -1. Sum all goals before the sentinel. Output true when the total is at least 10, otherwise output false. Do not include the sentinel.",,"program GoalReward
  kamus
  n, total : integer
  reward : boolean
  algoritma
  total <- 0
  input(n)
  while n != -1 do
  total <- total + n
  input(n)
  endwhile
  reward <- total >= 10
  output(reward)
  endprogram","1) 3,2,0,1,2,1,1,-1 -> true
  2) 1,1,0,1,0,2,1,0,-1 ->
  3) 0,0,0,1,2,1,1,0,0,-1 -> false
  4) 7,2,0,1,2,1,1,1,1,-1 -> true
  
  Tambahan boundary: 10,-1 -> true; 9,-1 -> false.",W11-12,303,241,TRUE,ready,PS,LMS,LMS-PS-10566458,021.UAI,Easy,Baca banyak gol pada setiap pertandingan sampai sentinel -1.,Read the number of goals in each match until the sentinel -1.,"[{""type"": ""text"", ""content"": ""Baca banyak gol pada setiap pertandingan sampai sentinel -1. Jumlahkan seluruh gol sebelum sentinel. Keluarkan true jika total gol minimal 10, dan false jika kurang dari 10. Sentinel tidak ikut dijumlahkan.""}]","[{""type"": ""text"", ""content"": ""Read the number of goals in each match until the sentinel -1. Sum all goals before the sentinel. Output true when the total is at least 10, otherwise output false. Do not include the sentinel.""}]","[""3,2,0,1,2,1,1,-1 -> true"", ""1,1,0,1,0,2,1,0,-1 ->"", ""0,0,0,1,2,1,1,0,0,-1 -> false"", ""7,2,0,1,2,1,1,1,1,-1 -> true\nTambahan boundary: 10,-1 -> true; 9,-1 -> false.""]","["""", """", """", """"]",,,Baca banyak gol pada setiap pertandingan sampai sentinel -1.,Read the number of goals in each match until the sentinel -1.,"Keluarkan true jika total gol minimal 10, dan false jika kurang dari 10.","true when the total is at least 10, otherwise output false.",text+table,"[{""case_no"": 1, ""input"": ""3,2,0,1,2,1,1,-1 -> true"", ""output"": """"}, {""case_no"": 2, ""input"": ""1,1,0,1,0,2,1,0,-1 ->"", ""output"": """"}, {""case_no"": 3, ""input"": ""0,0,0,1,2,1,1,0,0,-1 -> false"", ""output"": """"}, {""case_no"": 4, ""input"": ""7,2,0,1,2,1,1,1,1,-1 -> true\nTambahan boundary: 10,-1 -> true; 9,-1 -> false."", ""output"": """"}]",,,FALSE,10566458,10566458
Q242,rerata jam berlatih ngoding,rerata jam berlatih ngoding,"Baca lama latihan coding dalam jam, satu nilai per iterasi. Deret berhenti ketika dibaca bilangan negatif apa pun. Nilai negatif adalah sentinel dan tidak ikut dihitung. Keluarkan rata-rata seluruh nilai nonnegatif sebelum sentinel. Sumber tidak mendefinisikan kasus tanpa satu pun data valid.","Read coding-practice durations in hours, one value per iteration. Stop when any negative number is read. The negative value is a sentinel and is excluded. Output the average of all nonnegative values before the sentinel. The source does not define the no-valid-data case.",,"program AveragePracticeHours
  kamus
  hour, count : integer
  total, average : real
  algoritma
  total <- 0.0
  count <- 0
  input(hour)
  while hour >= 0 do
  total <- total + hour
  count <- count + 1
  input(hour)
  endwhile
  average <- total / count
  output(average)
  endprogram","1) 8,5,6,5,4,5,6,-1 -> 5.5714286
  2) 9,-1 -> 9.0000000
  3) 3,4,5,2,3,4,0,3,-2 -> 3.0000000
  4) 12,13,-1 -> 12.5000000
  
  Kasus 3 wajib ada karena membedakan >= 0 dari != -1.",W11-12,304,242,TRUE,ready,PS,LMS,LMS-PS-10601880,036.UAI,Easy,"Baca lama latihan coding dalam jam, satu nilai per iterasi.","Read coding-practice durations in hours, one value per iteration.","[{""type"": ""text"", ""content"": ""Baca lama latihan coding dalam jam, satu nilai per iterasi. Deret berhenti ketika dibaca bilangan negatif apa pun. Nilai negatif adalah sentinel dan tidak ikut dihitung. Keluarkan rata-rata seluruh nilai nonnegatif sebelum sentinel. Sumber tidak mendefinisikan kasus tanpa satu pun data valid.""}]","[{""type"": ""text"", ""content"": ""Read coding-practice durations in hours, one value per iteration. Stop when any negative number is read. The negative value is a sentinel and is excluded. Output the average of all nonnegative values before the sentinel. The source does not define the no-valid-data case.""}]","[""8,5,6,5,4,5,6,-1 -> 5.5714286"", ""9,-1 -> 9.0000000"", ""3,4,5,2,3,4,0,3,-2 -> 3.0000000"", ""12,13,-1 -> 12.5000000\nKasus 3 wajib ada karena membedakan >= 0 dari != -1.""]","["""", """", """", """"]",,,"Baca lama latihan coding dalam jam, satu nilai per iterasi.","Read coding-practice durations in hours, one value per iteration.",Keluarkan rata-rata seluruh nilai nonnegatif sebelum sentinel.,the average of all nonnegative values before the sentinel.,text+table,"[{""case_no"": 1, ""input"": ""8,5,6,5,4,5,6,-1 -> 5.5714286"", ""output"": """"}, {""case_no"": 2, ""input"": ""9,-1 -> 9.0000000"", ""output"": """"}, {""case_no"": 3, ""input"": ""3,4,5,2,3,4,0,3,-2 -> 3.0000000"", ""output"": """"}, {""case_no"": 4, ""input"": ""12,13,-1 -> 12.5000000\nKasus 3 wajib ada karena membedakan >= 0 dari != -1."", ""output"": """"}]",,,FALSE,10601880,10601880
Q243,movies,movies,"Baca pasangan durasi film (jam, menit) berulang kali sampai pasangan sentinel 0 0. Jumlahkan seluruh durasi sebelum sentinel, normalisasi total menit menjadi jam dan menit, lalu keluarkan total jam dan sisa menit.","Repeatedly read movie-duration pairs (hours, minutes) until the sentinel pair 0 0. Sum all durations before the sentinel, normalize the total minutes into hours and minutes, and output the total hours and remaining minutes.",029,"program Movies
  kamus
  hour, minute, totalMinutes, resultHour, resultMinute : integer
  algoritma
  totalMinutes <- 0
  input(hour, minute)
  
  while hour != 0 do
  totalMinutes <- totalMinutes + (hour * 60) + minute
  input(hour, minute)
  endwhile
  
  resultHour <- totalMinutes div 60
  resultMinute <- totalMinutes mod 60
  
  output(resultHour, resultMinute)
  endprogram","1) (2,55),(2,22),(2,32),(0,0) -> 7;49
  2) (2,19),(2,28),(2,59),(2,4),(0,0) -> 9;50
  3) (1,45),(2,40),(3,41),(4,46),(5,48),(0,0) -> 18;40
  4) (0,0) -> 0;0",W11-12,305,243,TRUE,ready,PS,LMS,LMS-PS-10601876,029.UAI,Challenger,"Baca pasangan durasi film (jam, menit) berulang kali sampai pasangan sentinel 0 0.","Repeatedly read movie-duration pairs (hours, minutes) until the sentinel pair 0 0.","[{""type"": ""text"", ""content"": ""Baca pasangan durasi film (jam, menit) berulang kali sampai pasangan sentinel 0 0. Jumlahkan seluruh durasi sebelum sentinel, normalisasi total menit menjadi jam dan menit, lalu keluarkan total jam dan sisa menit.""}]","[{""type"": ""text"", ""content"": ""Repeatedly read movie-duration pairs (hours, minutes) until the sentinel pair 0 0. Sum all durations before the sentinel, normalize the total minutes into hours and minutes, and output the total hours and remaining minutes.""}]","[""(2,55),(2,22),(2,32),(0,0) -> 7;49"", ""(2,19),(2,28),(2,59),(2,4),(0,0) -> 9;50"", ""(1,45),(2,40),(3,41),(4,46),(5,48),(0,0) -> 18;40"", ""(0,0) -> 0;0""]","["""", """", """", """"]",,,"Baca pasangan durasi film (jam, menit) berulang kali sampai pasangan sentinel 0 0.","read movie-duration pairs (hours, minutes) until the sentinel pair 0 0.",keluarkan total jam dan sisa menit.,the total hours and remaining minutes.,text+table,"[{""case_no"": 1, ""input"": ""(2,55),(2,22),(2,32),(0,0) -> 7;49"", ""output"": """"}, {""case_no"": 2, ""input"": ""(2,19),(2,28),(2,59),(2,4),(0,0) -> 9;50"", ""output"": """"}, {""case_no"": 3, ""input"": ""(1,45),(2,40),(3,41),(4,46),(5,48),(0,0) -> 18;40"", ""output"": """"}, {""case_no"": 4, ""input"": ""(0,0) -> 0;0"", ""output"": """"}]",,,FALSE,10601876,10601876
Q244,lewat dari 100,lewat dari 100,"Baca bilangan bulat satu per satu dan jumlahkan. Lanjutkan pembacaan selama jumlah masih kurang dari atau sama dengan 100. Hentikan setelah penambahan yang membuat jumlah lebih dari 100, lalu keluarkan jumlah akhir dan banyak bilangan yang benar-benar dijumlahkan.","Read integers one at a time and add them. Continue reading while the running sum is less than or equal to 100. Stop after the addition that makes the sum greater than 100, then output the final sum and the number of values actually added.",,"program Above100
  kamus
  n, total, count : integer
  algoritma
  total <- 0
  count <- 0
  while total <= 100 do
  input(n)
  total <- total + n
  count <- count + 1
  endwhile
  output(total)
  output(count)
  endprogram","1) 40,50,11,20 -> sum 101; count 3
  2) 40,50,10,10 -> 110;4
  3) 100,1 -> 101;2
  4) 90,10,10 -> 110;3
  
  Boundary 100 harus masih memicu satu pembacaan berikutnya.",W11-12,306,244,TRUE,ready,PS,LMS,LMS-PS-10601881,039.UAI,Challenger,Baca bilangan bulat satu per satu dan jumlahkan.,Read integers one at a time and add them.,"[{""type"": ""text"", ""content"": ""Baca bilangan bulat satu per satu dan jumlahkan. Lanjutkan pembacaan selama jumlah masih kurang dari atau sama dengan 100. Hentikan setelah penambahan yang membuat jumlah lebih dari 100, lalu keluarkan jumlah akhir dan banyak bilangan yang benar-benar dijumlahkan.""}]","[{""type"": ""text"", ""content"": ""Read integers one at a time and add them. Continue reading while the running sum is less than or equal to 100. Stop after the addition that makes the sum greater than 100, then output the final sum and the number of values actually added.""}]","[""40,50,11,20 -> sum 101; count 3"", ""40,50,10,10 -> 110;4"", ""100,1 -> 101;2"", ""90,10,10 -> 110;3\nBoundary 100 harus masih memicu satu pembacaan berikutnya.""]","["""", """", """", """"]",,,Baca bilangan bulat satu per satu dan jumlahkan.,Read integers one at a time and add them.,keluarkan jumlah akhir dan banyak bilangan yang benar-benar dijumlahkan.,the final sum and the number of values actually added.,text+table,"[{""case_no"": 1, ""input"": ""40,50,11,20 -> sum 101; count 3"", ""output"": """"}, {""case_no"": 2, ""input"": ""40,50,10,10 -> 110;4"", ""output"": """"}, {""case_no"": 3, ""input"": ""100,1 -> 101;2"", ""output"": """"}, {""case_no"": 4, ""input"": ""90,10,10 -> 110;3\nBoundary 100 harus masih memicu satu pembacaan berikutnya."", ""output"": """"}]",,,TRUE,10601881,10601881
Q245,lulus CLO,lulus CLO,"Baca tiga nilai riil CLO1, CLO2, dan CLO3 berulang kali. Hentikan tanpa output untuk triple terminator jika sedikitnya satu nilai negatif. Untuk setiap triple valid, keluarkan true hanya jika ketiga nilai masing-masing lebih besar dari 50; nilai tepat 50 menghasilkan false.","Repeatedly read three real scores CLO1, CLO2, and CLO3. Stop without output for the terminating triple when at least one score is negative. For each valid triple, output true only when all three scores are strictly greater than 50; a score equal to 50 produces false.",042,"program CLOPass
  kamus
  clo1, clo2, clo3 : real
  passed : boolean
  algoritma
  input(clo1, clo2, clo3)
  while ((clo1 >= 0) and (clo2 >= 0)) and (clo3 >= 0) do
  passed <- ((clo1 > 50) and (clo2 > 50)) and (clo3 > 50)
  output(passed)
  input(clo1, clo2, clo3)
  endwhile
  endprogram","1) -1,60,60 -> no output
  2) 51,51,51; -1,0,0 -> true
  3) 50,80,90; -1,0,0 -> false
  4) 75,42,25; 90,98,81; 90,-31,72 -> false; true
  
  Kasus 3 membedakan > dari >=; terminator tidak boleh menghasilkan output.",W11-12,307,245,TRUE,ready,PS,LMS,LMS-PS-10624142,042.ANO,Challenger,"Baca tiga nilai riil CLO1, CLO2, dan CLO3 berulang kali.","Repeatedly read three real scores CLO1, CLO2, and CLO3.","[{""type"": ""text"", ""content"": ""Baca tiga nilai riil CLO1, CLO2, dan CLO3 berulang kali. Hentikan tanpa output untuk triple terminator jika sedikitnya satu nilai negatif. Untuk setiap triple valid, keluarkan true hanya jika ketiga nilai masing-masing lebih besar dari 50; nilai tepat 50 menghasilkan false.""}]","[{""type"": ""text"", ""content"": ""Repeatedly read three real scores CLO1, CLO2, and CLO3. Stop without output for the terminating triple when at least one score is negative. For each valid triple, output true only when all three scores are strictly greater than 50; a score equal to 50 produces false.""}]","[""-1,60,60 -> no output"", ""51,51,51; -1,0,0 -> true"", ""50,80,90; -1,0,0 -> false"", ""75,42,25; 90,98,81; 90,-31,72 -> false; true\nKasus 3 membedakan > dari >=; terminator tidak boleh menghasilkan output.""]","["""", """", """", """"]",,,"Baca tiga nilai riil CLO1, CLO2, dan CLO3 berulang kali.","read three real scores CLO1, CLO2, and CLO3.",keluarkan true hanya jika ketiga nilai masing-masing lebih besar dari 50; nilai tepat 50 menghasilkan false.,for the terminating triple when at least one score is negative.,text+table,"[{""case_no"": 1, ""input"": ""-1,60,60 -> no output"", ""output"": """"}, {""case_no"": 2, ""input"": ""51,51,51; -1,0,0 -> true"", ""output"": """"}, {""case_no"": 3, ""input"": ""50,80,90; -1,0,0 -> false"", ""output"": """"}, {""case_no"": 4, ""input"": ""75,42,25; 90,98,81; 90,-31,72 -> false; true\nKasus 3 membedakan > dari >=; terminator tidak boleh menghasilkan output."", ""output"": """"}]",,,TRUE,10624142,10624142
Q246,greater than last num,greater than last num,"Baca deret bilangan bulat. Hitung banyak nilai awal yang diterima sebelum nilai saat ini menjadi lebih besar daripada nilai sebelumnya, dengan maksimum count 10. Nilai pemicu kenaikan dibaca untuk menentukan berhenti tetapi tidak dihitung pada output, sesuai historical grader.","Read a sequence of integers. Count the accepted initial values before the current value becomes greater than the previous value, with a maximum count of 10. The increasing trigger value is read to determine termination but is not included in the output count, following the historical grader.",,"program CountBeforeIncrease
  kamus
  previous, current, count : integer
  algoritma
  input(current)
  count <- 0
  repeat
  previous <- current
  count <- count + 1
  input(current)
  until (current > previous) or (count >= 10)
  output(count)
  endprogram","1) 91,85,73,65,53,42,33,26,11,9,3,12 -> 10
  2) 5,4,3,4 -> 3
  3) 1,2 -> 1
  4) 33,5,4,12 -> 3
  
  Kasus 1 menguji maksimum 10; kasus 3 menguji berhenti pada perbandingan pertama.",W11-12,308,246,TRUE,ready,PS,LMS,LMS-PS-10624149,053.ANO,Challenger,"Baca deret bilangan bulat. Hitung banyak nilai awal yang diterima sebelum nilai saat ini menjadi lebih besar daripada nilai sebelumnya, dengan maksimum count 10.","Read a sequence of integers. Count the accepted initial values before the current value becomes greater than the previous value, with a maximum count of 10.","[{""type"": ""text"", ""content"": ""Baca deret bilangan bulat. Hitung banyak nilai awal yang diterima sebelum nilai saat ini menjadi lebih besar daripada nilai sebelumnya, dengan maksimum count 10. Nilai pemicu kenaikan dibaca untuk menentukan berhenti tetapi tidak dihitung pada output, sesuai historical grader.""}]","[{""type"": ""text"", ""content"": ""Read a sequence of integers. Count the accepted initial values before the current value becomes greater than the previous value, with a maximum count of 10. The increasing trigger value is read to determine termination but is not included in the output count, following the historical grader.""}]","[""91,85,73,65,53,42,33,26,11,9,3,12 -> 10"", ""5,4,3,4 -> 3"", ""1,2 -> 1"", ""33,5,4,12 -> 3\nKasus 1 menguji maksimum 10; kasus 3 menguji berhenti pada perbandingan pertama.""]","["""", """", """", """"]",,,Baca deret bilangan bulat.,Read a sequence of integers.,"Hitung banyak nilai awal yang diterima sebelum nilai saat ini menjadi lebih besar daripada nilai sebelumnya, dengan maksimum count 10.","count, following the historical grader.",text+table,"[{""case_no"": 1, ""input"": ""91,85,73,65,53,42,33,26,11,9,3,12 -> 10"", ""output"": """"}, {""case_no"": 2, ""input"": ""5,4,3,4 -> 3"", ""output"": """"}, {""case_no"": 3, ""input"": ""1,2 -> 1"", ""output"": """"}, {""case_no"": 4, ""input"": ""33,5,4,12 -> 3\nKasus 1 menguji maksimum 10; kasus 3 menguji berhenti pada perbandingan pertama."", ""output"": """"}]",,,TRUE,10624149,10624149
Q247,Count even numbers,Count even numbers,"Baca bilangan bulat berulang kali sampai sentinel 0. Hitung banyak bilangan genap sebelum sentinel, termasuk bilangan genap negatif. Sentinel tidak ikut dihitung. Keluarkan count.","Repeatedly read integers until the sentinel 0. Count the even values before the sentinel, including negative even integers. Do not count the sentinel. Output the count.",062,"program CountEven
  kamus
  n, count : integer
  algoritma
  count <- 0
  input(n)
  while n != 0 do
  count <- count + 1 - (n & 1)
  input(n)
  endwhile
  output(count)
  endprogram","1) -1, 2, -3, 4, 5, 0 -> 2
  
  2) -9, -8, -6, -7, -3, -4, -99999999999999, -1111111111111111, 0 -> 3
  
  3) 111111111112, 2222222222222, 33333333333, 444444444, 11111123, 0 -> 3
  
  4) 0 -> 0
  
  5) 10, 20, 300, -8, -10, 0 -> 5
  
  6) 11, -13, 17, 123123123, -999191919, 0 -> 0",W11-12,309,247,TRUE,ready,PS,LMS,LMS-PS-10624152,062.JMT,Ultimate,Baca bilangan bulat berulang kali sampai sentinel 0.,Repeatedly read integers until the sentinel 0.,"[{""type"": ""text"", ""content"": ""Baca bilangan bulat berulang kali sampai sentinel 0. Hitung banyak bilangan genap sebelum sentinel, termasuk bilangan genap negatif. Sentinel tidak ikut dihitung. Keluarkan count.""}]","[{""type"": ""text"", ""content"": ""Repeatedly read integers until the sentinel 0. Count the even values before the sentinel, including negative even integers. Do not count the sentinel. Output the count.""}]","[""-1, 2, -3, 4, 5, 0 -> 2"", ""-9, -8, -6, -7, -3, -4, -99999999999999, -1111111111111111, 0 -> 3"", ""111111111112, 2222222222222, 33333333333, 444444444, 11111123, 0 -> 3"", ""0 -> 0"", ""10, 20, 300, -8, -10, 0 -> 5"", ""11, -13, 17, 123123123, -999191919, 0 -> 0""]","["""", """", """", """", """", """"]",,,Baca bilangan bulat berulang kali sampai sentinel 0.,read integers until the sentinel 0.,Keluarkan count.,the count.,text+table,"[{""case_no"": 1, ""input"": ""-1, 2, -3, 4, 5, 0 -> 2"", ""output"": """"}, {""case_no"": 2, ""input"": ""-9, -8, -6, -7, -3, -4, -99999999999999, -1111111111111111, 0 -> 3"", ""output"": """"}, {""case_no"": 3, ""input"": ""111111111112, 2222222222222, 33333333333, 444444444, 11111123, 0 -> 3"", ""output"": """"}, {""case_no"": 4, ""input"": ""0 -> 0"", ""output"": """"}, {""case_no"": 5, ""input"": ""10, 20, 300, -8, -10, 0 -> 5"", ""output"": """"}, {""case_no"": 6, ""input"": ""11, -13, 17, 123123123, -999191919, 0 -> 0"", ""output"": """"}]",,,FALSE,10624152,10624152
Q248,Count positive numbers,Count positive numbers,Baca bilangan bulat berulang kali sampai sentinel 0. Hitung banyak bilangan positif sebelum sentinel; bilangan negatif tidak dihitung dan sentinel tidak dihitung. Keluarkan count bilangan positif.,Repeatedly read integers until the sentinel 0. Count the positive values before the sentinel; do not count negative values or the sentinel. Output the positive-value count.,063,"program CountPositiveNumbers
  kamus
  n, count : integer
  algoritma
  count <- 0
  input(n)
  
  while n != 0 do
  if n > 0 then
  count <- count + 1
  endif
  input(n)
  endwhile
  
  output(count)
  endprogram","1) -1,2,-3,4,5,0 -> 3
  2) -9,-8,-6,-7,-3,-4,-9999999999,-1111111111,0 -> 0
  3) 1111111112,22222222,333333333,444444444,11111123,0 -> 5
  4) 0 -> 0
  5) 10,20,300,-8,-10,0 -> 3
  6) 11,-13,17,123123123,-999191919,0 -> 3",W11-12,310,248,TRUE,ready,PS,LMS,LMS-PS-10624154,063.JMT,Ultimate,Baca bilangan bulat berulang kali sampai sentinel 0.,Repeatedly read integers until the sentinel 0.,"[{""type"": ""text"", ""content"": ""Baca bilangan bulat berulang kali sampai sentinel 0. Hitung banyak bilangan positif sebelum sentinel; bilangan negatif tidak dihitung dan sentinel tidak dihitung. Keluarkan count bilangan positif.""}]","[{""type"": ""text"", ""content"": ""Repeatedly read integers until the sentinel 0. Count the positive values before the sentinel; do not count negative values or the sentinel. Output the positive-value count.""}]","[""-1,2,-3,4,5,0 -> 3"", ""-9,-8,-6,-7,-3,-4,-9999999999,-1111111111,0 -> 0"", ""1111111112,22222222,333333333,444444444,11111123,0 -> 5"", ""0 -> 0"", ""10,20,300,-8,-10,0 -> 3"", ""11,-13,17,123123123,-999191919,0 -> 3""]","["""", """", """", """", """", """"]",,,Baca bilangan bulat berulang kali sampai sentinel 0.,read integers until the sentinel 0.,Keluarkan count bilangan positif.,the positive-value count.,text+table,"[{""case_no"": 1, ""input"": ""-1,2,-3,4,5,0 -> 3"", ""output"": """"}, {""case_no"": 2, ""input"": ""-9,-8,-6,-7,-3,-4,-9999999999,-1111111111,0 -> 0"", ""output"": """"}, {""case_no"": 3, ""input"": ""1111111112,22222222,333333333,444444444,11111123,0 -> 5"", ""output"": """"}, {""case_no"": 4, ""input"": ""0 -> 0"", ""output"": """"}, {""case_no"": 5, ""input"": ""10,20,300,-8,-10,0 -> 3"", ""output"": """"}, {""case_no"": 6, ""input"": ""11,-13,17,123123123,-999191919,0 -> 3"", ""output"": """"}]",,,FALSE,10624154,10624154
Q249,Assignment dan perbandingan kesetaraan tertukar: Kasus 1,Assignment and equality comparison are confused: Case 1,Variabel s bertipe Boolean dan sudah bernilai true. Header while manakah yang benar untuk menjalankan body selama s masih bernilai true?,"The Boolean variable s is already true. Which while header correctly executes the body while s remains true?
  
  s <- true
  
  [header while]
  output(""lanjut"")
  endwhile",,while s == true do,Kunci: B,W11-12,341,249,TRUE,ready,MP,LMS,LMS-MP-W11-12-OP-01-Q1,OP-01,,Uji pemahaman tentang Assignment dan perbandingan kesetaraan tertukar. Variabel s bertipe Boolean dan sudah bernilai true.,Assess understanding of Assignment and equality comparison are confused. The Boolean variable s is already true.,"[{""type"": ""text"", ""content"": ""Variabel s bertipe Boolean dan sudah bernilai true. Header while manakah yang benar untuk menjalankan body selama s masih bernilai true?""}]","[{""type"": ""text"", ""content"": ""The Boolean variable s is already true. Which while header correctly executes the body while s remains true?""}, {""type"": ""code"", ""content"": ""s <- true""}, {""type"": ""text"", ""content"": ""[header while]""}, {""type"": ""code"", ""content"": ""output(\""lanjut\"")\n endwhile""}]",[],[],1,OP-01,,,,,none,,"[{""answer_id"": ""A777"", ""label"": ""A"", ""text"": ""while s = true do"", ""is_correct"": false, ""misconceptions"": [""OP-01""]}, {""answer_id"": ""A778"", ""label"": ""B"", ""text"": ""while s == true do"", ""is_correct"": true, ""misconceptions"": []}, {""answer_id"": ""A779"", ""label"": ""C"", ""text"": ""while s <- true do"", ""is_correct"": false, ""misconceptions"": [""OP-01""]}, {""answer_id"": ""A780"", ""label"": ""D"", ""text"": ""while not s do"", ""is_correct"": false, ""misconceptions"": []}]",B,TRUE,,MP-OP-01-1
Q250,Assignment dan perbandingan kesetaraan tertukar: Kasus 2,Assignment and equality comparison are confused: Case 2,Program repeat-until harus berhenti ketika guess sama dengan secret. Kondisi manakah yang tepat?,"A repeat-until program must stop when guess equals secret. Which condition is correct?
  
  repeat
  input(guess)
  until [condition]",,guess == secret,Kunci: D,W11-12,342,250,TRUE,ready,MP,LMS,LMS-MP-W11-12-OP-01-Q2,OP-01,,Uji pemahaman tentang Assignment dan perbandingan kesetaraan tertukar.,Assess understanding of Assignment and equality comparison are confused. A repeat-until program must stop when guess equals secret.,"[{""type"": ""text"", ""content"": ""Program repeat-until harus berhenti ketika guess sama dengan secret. Kondisi manakah yang tepat?""}]","[{""type"": ""text"", ""content"": ""A repeat-until program must stop when guess equals secret. Which condition is correct?""}, {""type"": ""code"", ""content"": ""repeat\n input(guess)\n until [condition]""}]",[],[],2,OP-01,,,,,none,,"[{""answer_id"": ""A781"", ""label"": ""A"", ""text"": ""guess = secret"", ""is_correct"": false, ""misconceptions"": [""OP-01""]}, {""answer_id"": ""A782"", ""label"": ""B"", ""text"": ""guess != secret"", ""is_correct"": false, ""misconceptions"": []}, {""answer_id"": ""A783"", ""label"": ""C"", ""text"": ""secret <- guess"", ""is_correct"": false, ""misconceptions"": [""OP-01""]}, {""answer_id"": ""A784"", ""label"": ""D"", ""text"": ""guess == secret"", ""is_correct"": true, ""misconceptions"": []}]",D,TRUE,,MP-OP-01-2
Q251,Connector Boolean untuk rentang digunakan secara keliru: Kasus 1,The wrong Boolean connector is used for interval bounds: Case 1,"Loop harus terus berjalan selama guess berbeda dari bilangan rahasia, berbeda dari digit puluhan, dan berbeda dari digit satuan. Kondisi continuation manakah yang tepat?","The loop must continue while guess differs from the secret number, the tens digit, and the ones digit. Which continuation condition is correct?",,guess != secret and guess != tens and guess != ones,Kunci: C,W11-12,343,251,TRUE,ready,MP,LMS,LMS-MP-W11-12-EX-05-Q1,EX-05,,"Uji pemahaman tentang Connector Boolean untuk rentang digunakan secara keliru. Loop harus terus berjalan selama guess berbeda dari bilangan rahasia, berbeda dari digit puluhan, dan berbeda dari digit satuan.","Assess understanding of The wrong Boolean connector is used for interval bounds. The loop must continue while guess differs from the secret number, the tens digit, and the ones digit.","[{""type"": ""text"", ""content"": ""Loop harus terus berjalan selama guess berbeda dari bilangan rahasia, berbeda dari digit puluhan, dan berbeda dari digit satuan. Kondisi continuation manakah yang tepat?""}]","[{""type"": ""text"", ""content"": ""The loop must continue while guess differs from the secret number, the tens digit, and the ones digit. Which continuation condition is correct?""}]",[],[],1,EX-05,,,,,none,,"[{""answer_id"": ""A785"", ""label"": ""A"", ""text"": ""guess != secret or guess != tens or guess != ones"", ""is_correct"": false, ""misconceptions"": [""EX-05""]}, {""answer_id"": ""A786"", ""label"": ""B"", ""text"": ""guess == secret or guess == tens or guess == ones"", ""is_correct"": false, ""misconceptions"": []}, {""answer_id"": ""A787"", ""label"": ""C"", ""text"": ""guess != secret and guess != tens and guess != ones"", ""is_correct"": true, ""misconceptions"": []}, {""answer_id"": ""A788"", ""label"": ""D"", ""text"": ""guess != secret and (guess != tens or guess != ones)"", ""is_correct"": false, ""misconceptions"": [""EX-05""]}]",C,TRUE,,MP-EX-05-1
Q252,Connector Boolean untuk rentang digunakan secara keliru: Kasus 2,The wrong Boolean connector is used for interval bounds: Case 2,Repeat-until harus berhenti ketika total sudah lebih dari 100 ATAU count sudah mencapai 10. Kondisi manakah yang tepat?,"A repeat-until loop must stop when total is greater than 100 OR count has reached 10. Which condition is correct?
  
  repeat
  ...
  until [condition]",,total > 100 or count == 10,Kunci: A,W11-12,344,252,TRUE,ready,MP,LMS,LMS-MP-W11-12-EX-05-Q2,EX-05,,Uji pemahaman tentang Connector Boolean untuk rentang digunakan secara keliru.,Assess understanding of The wrong Boolean connector is used for interval bounds. A repeat-until loop must stop when total is greater than 100 OR count has reached 10.,"[{""type"": ""text"", ""content"": ""Repeat-until harus berhenti ketika total sudah lebih dari 100 ATAU count sudah mencapai 10. Kondisi manakah yang tepat?""}]","[{""type"": ""text"", ""content"": ""A repeat-until loop must stop when total is greater than 100 OR count has reached 10. Which condition is correct?""}, {""type"": ""code"", ""content"": ""repeat""}, {""type"": ""text"", ""content"": ""...""}, {""type"": ""code"", ""content"": ""until [condition]""}]",[],[],2,EX-05,,,,,none,,"[{""answer_id"": ""A789"", ""label"": ""A"", ""text"": ""total > 100 or count == 10"", ""is_correct"": true, ""misconceptions"": []}, {""answer_id"": ""A790"", ""label"": ""B"", ""text"": ""total > 100 and count == 10"", ""is_correct"": false, ""misconceptions"": [""EX-05""]}, {""answer_id"": ""A791"", ""label"": ""C"", ""text"": ""total <= 100 and count < 10"", ""is_correct"": false, ""misconceptions"": []}, {""answer_id"": ""A792"", ""label"": ""D"", ""text"": ""total > 100 and count < 10"", ""is_correct"": false, ""misconceptions"": [""EX-05""]}]",A,TRUE,,MP-EX-05-2
Q253,Batas inklusif dan eksklusif tertukar: Kasus 1,Inclusive and exclusive boundaries are confused: Case 1,Variabel i dimulai dari 13 dan bertambah satu setiap iterasi. Program harus memproses semua nilai sampai dan termasuk 1000. Kondisi while manakah yang tepat?,Variable i starts at 13 and increases by one each iteration. The program must process every value up to and including 1000. Which while condition is correct?,,i <= 1000,Kunci: D,W11-12,345,253,TRUE,ready,MP,LMS,LMS-MP-W11-12-OP-11-Q1,OP-11,,Uji pemahaman tentang Batas inklusif dan eksklusif tertukar. Variabel i dimulai dari 13 dan bertambah satu setiap iterasi.,Assess understanding of Inclusive and exclusive boundaries are confused. Variable i starts at 13 and increases by one each iteration.,"[{""type"": ""text"", ""content"": ""Variabel i dimulai dari 13 dan bertambah satu setiap iterasi. Program harus memproses semua nilai sampai dan termasuk 1000. Kondisi while manakah yang tepat?""}]","[{""type"": ""text"", ""content"": ""Variable i starts at 13 and increases by one each iteration. The program must process every value up to and including 1000. Which while condition is correct?""}]",[],[],1,OP-11,,,,,none,,"[{""answer_id"": ""A793"", ""label"": ""A"", ""text"": ""i < 1000"", ""is_correct"": false, ""misconceptions"": [""OP-11""]}, {""answer_id"": ""A794"", ""label"": ""B"", ""text"": ""i > 1000"", ""is_correct"": false, ""misconceptions"": []}, {""answer_id"": ""A795"", ""label"": ""C"", ""text"": ""i >= 1000"", ""is_correct"": false, ""misconceptions"": []}, {""answer_id"": ""A796"", ""label"": ""D"", ""text"": ""i <= 1000"", ""is_correct"": true, ""misconceptions"": []}]",D,TRUE,,MP-OP-11-1
Q254,Batas inklusif dan eksklusif tertukar: Kasus 2,Inclusive and exclusive boundaries are confused: Case 2,"count dimulai dari 0 dan dinaikkan satu kali pada setiap body. Jika tidak ada kondisi berhenti lain, body harus dijalankan tepat 10 kali. Kondisi manakah yang tepat?","count starts at 0 and is incremented once in each body. If there is no other stopping condition, the body must execute exactly 10 times. Which condition is correct?
  
  count <- 0
  while [condition] do
  ...
  count <- count + 1
  endwhile",,count < 10,Kunci: B,W11-12,346,254,TRUE,ready,MP,LMS,LMS-MP-W11-12-OP-11-Q2,OP-11,,Uji pemahaman tentang Batas inklusif dan eksklusif tertukar. count dimulai dari 0 dan dinaikkan satu kali pada setiap body.,Assess understanding of Inclusive and exclusive boundaries are confused. count starts at 0 and is incremented once in each body.,"[{""type"": ""text"", ""content"": ""count dimulai dari 0 dan dinaikkan satu kali pada setiap body. Jika tidak ada kondisi berhenti lain, body harus dijalankan tepat 10 kali. Kondisi manakah yang tepat?""}]","[{""type"": ""text"", ""content"": ""count starts at 0 and is incremented once in each body. If there is no other stopping condition, the body must execute exactly 10 times. Which condition is correct?""}, {""type"": ""code"", ""content"": ""count <- 0\n while [condition] do""}, {""type"": ""text"", ""content"": ""...""}, {""type"": ""code"", ""content"": ""count <- count + 1\n endwhile""}]",[],[],2,OP-11,,,,,none,,"[{""answer_id"": ""A797"", ""label"": ""A"", ""text"": ""count <= 10"", ""is_correct"": false, ""misconceptions"": [""OP-11""]}, {""answer_id"": ""A798"", ""label"": ""B"", ""text"": ""count < 10"", ""is_correct"": true, ""misconceptions"": []}, {""answer_id"": ""A799"", ""label"": ""C"", ""text"": ""count > 10"", ""is_correct"": false, ""misconceptions"": []}, {""answer_id"": ""A800"", ""label"": ""D"", ""text"": ""count < 9"", ""is_correct"": false, ""misconceptions"": [""OP-11""]}]",B,TRUE,,MP-OP-11-2
Q255,Hasil perhitungan dianggap otomatis menjadi output: Kasus 1,A computed result is assumed to become output automatically: Case 1,"Sebuah algoritma selesai menghitung count, kemudian program berakhir tanpa menjalankan instruksi output. Apa yang terlihat oleh pengguna?",An algorithm finishes computing count and then ends without executing an output statement. What does the user see?,,Tidak ada keluaran / No output,Kunci: C,W11-12,347,255,TRUE,ready,MP,LMS,LMS-MP-W11-12-IO-05-Q1,IO-05,,"Uji pemahaman tentang Hasil perhitungan dianggap otomatis menjadi output. Sebuah algoritma selesai menghitung count, kemudian program berakhir tanpa menjalankan instruksi output.",Assess understanding of A computed result is assumed to become output automatically. An algorithm finishes computing count and then ends without executing an output statement.,"[{""type"": ""text"", ""content"": ""Sebuah algoritma selesai menghitung count, kemudian program berakhir tanpa menjalankan instruksi output. Apa yang terlihat oleh pengguna?""}]","[{""type"": ""text"", ""content"": ""An algorithm finishes computing count and then ends without executing an output statement. What does the user see?""}]",[],[],1,IO-05,,,,,none,,"[{""answer_id"": ""A801"", ""label"": ""A"", ""text"": ""Nilai akhir count / The final value of count"", ""is_correct"": false, ""misconceptions"": [""IO-05""]}, {""answer_id"": ""A802"", ""label"": ""B"", ""text"": ""Seluruh nilai antara count / All intermediate values of count"", ""is_correct"": false, ""misconceptions"": [""IO-05""]}, {""answer_id"": ""A803"", ""label"": ""C"", ""text"": ""Tidak ada keluaran / No output"", ""is_correct"": true, ""misconceptions"": []}, {""answer_id"": ""A804"", ""label"": ""D"", ""text"": ""Pesan error karena count tidak dicetak / An error because count is not printed"", ""is_correct"": false, ""misconceptions"": []}]",C,TRUE,,MP-IO-05-1
Q256,Hasil perhitungan dianggap otomatis menjadi output: Kasus 2,A computed result is assumed to become output automatically: Case 2,Program harus menampilkan total tepat satu kali setelah seluruh input selesai diproses. Penempatan output manakah yang tepat?,The program must display total exactly once after all inputs have been processed. Which output placement is correct?,,output(total) setelah endwhile / after endwhile,Kunci: A,W11-12,348,256,TRUE,ready,MP,LMS,LMS-MP-W11-12-IO-05-Q2,IO-05,,Uji pemahaman tentang Hasil perhitungan dianggap otomatis menjadi output.,Assess understanding of A computed result is assumed to become output automatically. The program must display total exactly once after all inputs have been processed.,"[{""type"": ""text"", ""content"": ""Program harus menampilkan total tepat satu kali setelah seluruh input selesai diproses. Penempatan output manakah yang tepat?""}]","[{""type"": ""text"", ""content"": ""The program must display total exactly once after all inputs have been processed. Which output placement is correct?""}]",[],[],2,IO-05,,,,,none,,"[{""answer_id"": ""A805"", ""label"": ""A"", ""text"": ""output(total) setelah endwhile / after endwhile"", ""is_correct"": true, ""misconceptions"": []}, {""answer_id"": ""A806"", ""label"": ""B"", ""text"": ""Tidak perlu output karena total sudah dihitung. / No output is needed because total has been computed."", ""is_correct"": false, ""misconceptions"": [""IO-05""]}, {""answer_id"": ""A807"", ""label"": ""C"", ""text"": ""output(total) di dalam body pada setiap iterasi / inside the body on every iteration"", ""is_correct"": false, ""misconceptions"": []}, {""answer_id"": ""A808"", ""label"": ""D"", ""text"": ""output(n) setelah endwhile / after endwhile"", ""is_correct"": false, ""misconceptions"": []}]",A,TRUE,,MP-IO-05-2
Q257,Urutan eksekusi dianggap dapat berubah: Kasus 1,Execution order is assumed to be changeable: Case 1,"Pada awal body, x sudah berisi data valid yang harus diproses. Urutan manakah yang memproses x saat ini sebelum membaca data berikutnya?","At the start of the body, x already contains a valid value that must be processed. Which order processes the current x before reading the next value?",,total <- total + x; count <- count + 1; input(x),Kunci: B,W11-12,349,257,TRUE,ready,MP,LMS,LMS-MP-W11-12-SQ-01-Q1,SQ-01,,"Uji pemahaman tentang Urutan eksekusi dianggap dapat berubah. Pada awal body, x sudah berisi data valid yang harus diproses.","Assess understanding of Execution order is assumed to be changeable. At the start of the body, x already contains a valid value that must be processed.","[{""type"": ""text"", ""content"": ""Pada awal body, x sudah berisi data valid yang harus diproses. Urutan manakah yang memproses x saat ini sebelum membaca data berikutnya?""}]","[{""type"": ""text"", ""content"": ""At the start of the body, x already contains a valid value that must be processed. Which order processes the current x before reading the next value?""}]",[],[],1,SQ-01,,,,,none,,"[{""answer_id"": ""A809"", ""label"": ""A"", ""text"": ""input(x); total <- total + x; count <- count + 1"", ""is_correct"": false, ""misconceptions"": [""SQ-01""]}, {""answer_id"": ""A810"", ""label"": ""B"", ""text"": ""total <- total + x; count <- count + 1; input(x)"", ""is_correct"": true, ""misconceptions"": []}, {""answer_id"": ""A811"", ""label"": ""C"", ""text"": ""count <- count + 1; input(x); total <- total + x"", ""is_correct"": false, ""misconceptions"": [""SQ-01""]}, {""answer_id"": ""A812"", ""label"": ""D"", ""text"": ""input(x)"", ""is_correct"": false, ""misconceptions"": []}]",B,TRUE,,MP-SQ-01-1
Q258,Urutan eksekusi dianggap dapat berubah: Kasus 2,Execution order is assumed to be changeable: Case 2,"Program menampilkan digit bilangan dari kanan ke kiri. Pada setiap iterasi, urutan manakah yang tepat?",A program displays a number's digits from right to left. Which order is correct in each iteration?,,digit <- n mod 10; output(digit); n <- n div 10,Kunci: D,W11-12,350,258,TRUE,ready,MP,LMS,LMS-MP-W11-12-SQ-01-Q2,SQ-01,,Uji pemahaman tentang Urutan eksekusi dianggap dapat berubah.,Assess understanding of Execution order is assumed to be changeable. A program displays a number's digits from right to left.,"[{""type"": ""text"", ""content"": ""Program menampilkan digit bilangan dari kanan ke kiri. Pada setiap iterasi, urutan manakah yang tepat?""}]","[{""type"": ""text"", ""content"": ""A program displays a number's digits from right to left. Which order is correct in each iteration?""}]",[],[],2,SQ-01,,,,,none,,"[{""answer_id"": ""A813"", ""label"": ""A"", ""text"": ""n <- n div 10; digit <- n mod 10; output(digit)"", ""is_correct"": false, ""misconceptions"": [""SQ-01""]}, {""answer_id"": ""A814"", ""label"": ""B"", ""text"": ""digit <- n mod 10; n <- n div 10; output(n)"", ""is_correct"": false, ""misconceptions"": []}, {""answer_id"": ""A815"", ""label"": ""C"", ""text"": ""output(digit); digit <- n mod 10; n <- n div 10"", ""is_correct"": false, ""misconceptions"": []}, {""answer_id"": ""A816"", ""label"": ""D"", ""text"": ""digit <- n mod 10; output(digit); n <- n div 10"", ""is_correct"": true, ""misconceptions"": []}]",D,TRUE,,MP-SQ-01-2
Q259,Kondisi WHILE-DO dianggap diperiksa setelah badan loop: Kasus 1,A WHILE-DO condition is assumed to be checked after the loop body: Case 1,Apa keluaran pseudocode berikut?,"What is the output of the following pseudocode?
  
  n <- 0
  while n > 0 do
  output(n)
  n <- n - 1
  endwhile",,Tidak ada keluaran / No output,Kunci: A,W11-12,351,259,TRUE,ready,MP,LMS,LMS-MP-W11-12-LO-24-Q1,LO-24,,Uji pemahaman tentang Kondisi WHILE-DO dianggap diperiksa setelah badan loop. Apa keluaran pseudocode berikut?,Assess understanding of A WHILE-DO condition is assumed to be checked after the loop body. What is the output of the following pseudocode?,"[{""type"": ""text"", ""content"": ""Apa keluaran pseudocode berikut?""}]","[{""type"": ""text"", ""content"": ""What is the output of the following pseudocode?""}, {""type"": ""code"", ""content"": ""n <- 0\n while n > 0 do\n output(n)\n n <- n - 1\n endwhile""}]",[],[],1,LO-24,,,,,none,,"[{""answer_id"": ""A817"", ""label"": ""A"", ""text"": ""Tidak ada keluaran / No output"", ""is_correct"": true, ""misconceptions"": []}, {""answer_id"": ""A818"", ""label"": ""B"", ""text"": ""0"", ""is_correct"": false, ""misconceptions"": [""LO-24""]}, {""answer_id"": ""A819"", ""label"": ""C"", ""text"": ""0 berulang tanpa berhenti / 0 repeatedly forever"", ""is_correct"": false, ""misconceptions"": []}, {""answer_id"": ""A820"", ""label"": ""D"", ""text"": ""Error karena while harus berjalan sekali / Error because while must run once"", ""is_correct"": false, ""misconceptions"": []}]",A,TRUE,,MP-LO-24-1
Q260,Kondisi WHILE-DO dianggap diperiksa setelah badan loop: Kasus 2,A WHILE-DO condition is assumed to be checked after the loop body: Case 2,"x bernilai 0. Program harus menampilkan x satu kali, kemudian baru memeriksa apakah x == 0. Struktur manakah yang tepat?",x is 0. The program must display x once and only then check whether x == 0. Which structure is correct?,,repeat output(x) until x == 0,Kunci: C,W11-12,352,260,TRUE,ready,MP,LMS,LMS-MP-W11-12-LO-24-Q2,LO-24,,"Uji pemahaman tentang Kondisi WHILE-DO dianggap diperiksa setelah badan loop. x bernilai 0. Program harus menampilkan x satu kali, kemudian baru memeriksa apakah x == 0.",Assess understanding of A WHILE-DO condition is assumed to be checked after the loop body. x is 0. The program must display x once and only then check whether x == 0.,"[{""type"": ""text"", ""content"": ""x bernilai 0. Program harus menampilkan x satu kali, kemudian baru memeriksa apakah x == 0. Struktur manakah yang tepat?""}]","[{""type"": ""text"", ""content"": ""x is 0. The program must display x once and only then check whether x == 0. Which structure is correct?""}]",[],[],2,LO-24,,,,,none,,"[{""answer_id"": ""A821"", ""label"": ""A"", ""text"": ""while x == 0 do output(x) endwhile"", ""is_correct"": false, ""misconceptions"": []}, {""answer_id"": ""A822"", ""label"": ""B"", ""text"": ""while x != 0 do output(x) endwhile"", ""is_correct"": false, ""misconceptions"": []}, {""answer_id"": ""A823"", ""label"": ""C"", ""text"": ""repeat output(x) until x == 0"", ""is_correct"": true, ""misconceptions"": []}, {""answer_id"": ""A824"", ""label"": ""D"", ""text"": ""repeat output(x) until x != 0"", ""is_correct"": false, ""misconceptions"": []}]",C,TRUE,,MP-LO-24-2
Q261,Variabel dianggap dapat digunakan sebelum diinisialisasi: Kasus 1,A variable is assumed to be usable before initialization: Case 1,"Dalam pseudocode Tel-U yang digunakan pada soal ini, total baru dideklarasikan dan akan digunakan untuk menjumlahkan data di dalam loop. Tindakan manakah yang tepat sebelum loop?","In the Tel-U pseudocode used in this question, total has only been declared and will be used to sum data inside a loop. What should be done before the loop?",,Menulis total <- 0 sebelum loop. / Write total <- 0 before the loop.,Kunci: D,W11-12,353,261,TRUE,ready,MP,LMS,LMS-MP-W11-12-VA-14-Q1,VA-14,,"Uji pemahaman tentang Variabel dianggap dapat digunakan sebelum diinisialisasi. Dalam pseudocode Tel-U yang digunakan pada soal ini, total baru dideklarasikan dan akan digunakan untuk menjumlahkan data di dala…","Assess understanding of A variable is assumed to be usable before initialization. In the Tel-U pseudocode used in this question, total has only been declared and will be used to sum data inside a loop.","[{""type"": ""text"", ""content"": ""Dalam pseudocode Tel-U yang digunakan pada soal ini, total baru dideklarasikan dan akan digunakan untuk menjumlahkan data di dalam loop. Tindakan manakah yang tepat sebelum loop?""}]","[{""type"": ""text"", ""content"": ""In the Tel-U pseudocode used in this question, total has only been declared and will be used to sum data inside a loop. What should be done before the loop?""}]",[],[],1,VA-14,,,,,none,,"[{""answer_id"": ""A825"", ""label"": ""A"", ""text"": ""Tidak perlu apa-apa; integer otomatis 0. / Nothing; an integer is automatically 0."", ""is_correct"": false, ""misconceptions"": [""VA-14""]}, {""answer_id"": ""A826"", ""label"": ""B"", ""text"": ""Menulis total <- 0 setelah loop. / Write total <- 0 after the loop."", ""is_correct"": false, ""misconceptions"": []}, {""answer_id"": ""A827"", ""label"": ""C"", ""text"": ""Meminta pengguna menginput total. / Ask the user to input total."", ""is_correct"": false, ""misconceptions"": []}, {""answer_id"": ""A828"", ""label"": ""D"", ""text"": ""Menulis total <- 0 sebelum loop. / Write total <- 0 before the loop."", ""is_correct"": true, ""misconceptions"": []}]",D,TRUE,,MP-VA-14-1
Q262,Variabel dianggap dapat digunakan sebelum diinisialisasi: Kasus 2,A variable is assumed to be usable before initialization: Case 2,Program akan menghitung rata-rata dengan average <- total / count. Inisialisasi manakah yang lengkap sebelum data pertama diproses?,A program will compute an average using average <- total / count. Which initialization is complete before the first data item is processed?,,total <- 0.0; count <- 0,Kunci: B,W11-12,354,262,TRUE,ready,MP,LMS,LMS-MP-W11-12-VA-14-Q2,VA-14,,Uji pemahaman tentang Variabel dianggap dapat digunakan sebelum diinisialisasi.,Assess understanding of A variable is assumed to be usable before initialization.,"[{""type"": ""text"", ""content"": ""Program akan menghitung rata-rata dengan average <- total / count. Inisialisasi manakah yang lengkap sebelum data pertama diproses?""}]","[{""type"": ""code"", ""content"": ""A program will compute an average using average <- total / count. Which initialization is complete before the first data item is processed?""}]",[],[],2,VA-14,,,,,none,,"[{""answer_id"": ""A829"", ""label"": ""A"", ""text"": ""total <- 0.0"", ""is_correct"": false, ""misconceptions"": []}, {""answer_id"": ""A830"", ""label"": ""B"", ""text"": ""total <- 0.0; count <- 0"", ""is_correct"": true, ""misconceptions"": []}, {""answer_id"": ""A831"", ""label"": ""C"", ""text"": ""count <- 0"", ""is_correct"": false, ""misconceptions"": []}, {""answer_id"": ""A832"", ""label"": ""D"", ""text"": ""Tidak ada; deklarasi sudah cukup. / None; declarations are sufficient."", ""is_correct"": false, ""misconceptions"": [""VA-14""]}]",B,TRUE,,MP-VA-14-2
Q263,Iterasi dianggap berlanjut setelah kondisi salah: Kasus 1,An iteration is assumed to continue after the condition becomes false: Case 1,Apa urutan keluaran pseudocode berikut?,"What is the output sequence of the following pseudocode?
  
  n <- 3
  while n > 0 do
  output(n)
  n <- n - 1
  endwhile
  output(9)",,"3, 2, 1, 9",Kunci: C,W11-12,355,263,TRUE,ready,MP,LMS,LMS-MP-W11-12-LO-11-Q1,LO-11,,Uji pemahaman tentang Iterasi dianggap berlanjut setelah kondisi salah. Apa urutan keluaran pseudocode berikut?,Assess understanding of An iteration is assumed to continue after the condition becomes false. What is the output sequence of the following pseudocode?,"[{""type"": ""text"", ""content"": ""Apa urutan keluaran pseudocode berikut?""}]","[{""type"": ""text"", ""content"": ""What is the output sequence of the following pseudocode?""}, {""type"": ""code"", ""content"": ""n <- 3\n while n > 0 do\n output(n)\n n <- n - 1\n endwhile\n output(9)""}]",[],[],1,LO-11,,,,,none,,"[{""answer_id"": ""A833"", ""label"": ""A"", ""text"": ""3, 2, 1, 0, 9"", ""is_correct"": false, ""misconceptions"": [""LO-11""]}, {""answer_id"": ""A834"", ""label"": ""B"", ""text"": ""3, 2, 1, 0, -1, 9"", ""is_correct"": false, ""misconceptions"": [""LO-11""]}, {""answer_id"": ""A835"", ""label"": ""C"", ""text"": ""3, 2, 1, 9"", ""is_correct"": true, ""misconceptions"": []}, {""answer_id"": ""A836"", ""label"": ""D"", ""text"": ""3, 9"", ""is_correct"": false, ""misconceptions"": []}]",C,FALSE,,MP-LO-11-1
Q264,Iterasi dianggap berlanjut setelah kondisi salah: Kasus 2,An iteration is assumed to continue after the condition becomes false: Case 2,"Perhatikan pseudocode dan urutan input 7, 0. Berapakah nilai yang ditampilkan?","Consider the pseudocode and input sequence 7, 0. What value is displayed?
  
  count <- 0
  repeat
  input(x)
  count <- count + 1
  until x == 0
  output(count)",,2,Kunci: A,W11-12,356,264,TRUE,ready,MP,LMS,LMS-MP-W11-12-LO-11-Q2,LO-11,,"Uji pemahaman tentang Iterasi dianggap berlanjut setelah kondisi salah. Perhatikan pseudocode dan urutan input 7, 0.","Assess understanding of An iteration is assumed to continue after the condition becomes false. Consider the pseudocode and input sequence 7, 0.","[{""type"": ""text"", ""content"": ""Perhatikan pseudocode dan urutan input 7, 0. Berapakah nilai yang ditampilkan?""}]","[{""type"": ""text"", ""content"": ""Consider the pseudocode and input sequence 7, 0. What value is displayed?""}, {""type"": ""code"", ""content"": ""count <- 0\n repeat\n input(x)\n count <- count + 1\n until x == 0\n output(count)""}]",[],[],2,LO-11,,,,,none,,"[{""answer_id"": ""A837"", ""label"": ""A"", ""text"": ""2"", ""is_correct"": true, ""misconceptions"": []}, {""answer_id"": ""A838"", ""label"": ""B"", ""text"": ""1"", ""is_correct"": false, ""misconceptions"": []}, {""answer_id"": ""A839"", ""label"": ""C"", ""text"": ""3"", ""is_correct"": false, ""misconceptions"": [""LO-11""]}, {""answer_id"": ""A840"", ""label"": ""D"", ""text"": ""Loop tidak pernah berhenti / The loop never stops"", ""is_correct"": false, ""misconceptions"": []}]",A,FALSE,,MP-LO-11-2
Q265,Menghitung Huruf Vokal,Menghitung Huruf Vokal,"Baca rangkaian karakter yang diakhiri sentinel titik ('.'). Hitung banyak huruf vokal lowercase 'a', 'i', 'u', 'e', dan 'o' sebelum sentinel. Sentinel tidak ikut dihitung. Gunakan perulangan dan percabangan, lalu keluarkan count.","Read a sequence of characters terminated by the sentinel dot ('.'). Count the lowercase vowels 'a', 'i', 'u', 'e', and 'o' before the sentinel. Do not count the sentinel. Use iteration and selection, then output the count.",,"program CountVowels
  kamus
  ch : character
  count : integer
  algoritma
  count <- 0
  input(ch)
  while ch != '.' do
  if (((ch == 'a' or ch == 'i') or (ch == 'u' or ch == 'e')) or ch == 'o') then
  count <- count + 1
  endif
  input(ch)
  endwhile
  output(count)
  endprogram","1) ""qwerty."" -> 1
  2) ""poiuytrewq."" -> 4
  3) ""telkomuniversity."" -> 6
  4) ""aeiou."" -> 5
  5) '.' -> 0
  
  Coverage: semua vokal, tidak ada vokal, sentinel sebagai input pertama, dan rangkaian campuran.",W13-14,311,265,TRUE,ready,PS,LMS,LMS-PS-10643251,002.UAI,Basic,Baca rangkaian karakter yang diakhiri sentinel titik ('.').,Read a sequence of characters terminated by the sentinel dot ('.').,"[{""type"": ""text"", ""content"": ""Baca rangkaian karakter yang diakhiri sentinel titik ('.'). Hitung banyak huruf vokal lowercase 'a', 'i', 'u', 'e', dan 'o' sebelum sentinel. Sentinel tidak ikut dihitung. Gunakan perulangan dan percabangan, lalu keluarkan count.""}]","[{""type"": ""text"", ""content"": ""Read a sequence of characters terminated by the sentinel dot ('.'). Count the lowercase vowels 'a', 'i', 'u', 'e', and 'o' before the sentinel. Do not count the sentinel. Use iteration and selection, then output the count.""}]","[""\""qwerty.\"" -> 1"", ""\""poiuytrewq.\"" -> 4"", ""\""telkomuniversity.\"" -> 6"", ""\""aeiou.\"" -> 5"", ""'.' -> 0""]","["""", """", """", """", """"]",,,Baca rangkaian karakter yang diakhiri sentinel titik ('.').,Read a sequence of characters terminated by the sentinel dot ('.').,keluarkan count.,the count.,text+table,"[{""case_no"": 1, ""input"": ""\""qwerty.\"" -> 1"", ""output"": """"}, {""case_no"": 2, ""input"": ""\""poiuytrewq.\"" -> 4"", ""output"": """"}, {""case_no"": 3, ""input"": ""\""telkomuniversity.\"" -> 6"", ""output"": """"}, {""case_no"": 4, ""input"": ""\""aeiou.\"" -> 5"", ""output"": """"}, {""case_no"": 5, ""input"": ""'.' -> 0"", ""output"": """"}]",,,TRUE,10643251,10643251
Q266,Menentukan Bilangan Prima di Planet X,Menentukan Bilangan Prima di Planet X,"Di Planet X, sebuah bilangan disebut prima jika memiliki tepat tiga faktor positif. Baca satu bilangan bulat positif n, hitung banyak pembaginya dengan perulangan dan percabangan, lalu keluarkan true jika jumlah faktor tepat 3 dan false selainnya.","On Planet X, a number is prime when it has exactly three positive factors. Read a positive integer n, count its divisors using iteration and selection, then output true when the factor count is exactly 3 and false otherwise.",008,"program PrimeOnX
  kamus
  n, i, factorCount : integer
  algoritma
  input(n)
  factorCount <- 0
  for i <- 1 to n do
  if n mod i == 0 then
  factorCount <- factorCount + 1
  endif
  endfor
  output(factorCount == 3)
  endprogram","1) 2 -> false
  2) 4 -> true
  3) 9 -> true
  4) 15 -> false
  5) 17 -> false
  6) 1 -> false
  
  Coverage: tepat tiga faktor, bilangan prima Bumi, komposit biasa, dan nilai minimum.",W13-14,312,266,TRUE,ready,PS,LMS,LMS-PS-10643469,008.UAI,Basic,"Di Planet X, sebuah bilangan disebut prima jika memiliki tepat tiga faktor positif.","On Planet X, a number is prime when it has exactly three positive factors.","[{""type"": ""text"", ""content"": ""Di Planet X, sebuah bilangan disebut prima jika memiliki tepat tiga faktor positif. Baca satu bilangan bulat positif n, hitung banyak pembaginya dengan perulangan dan percabangan, lalu keluarkan true jika jumlah faktor tepat 3 dan false selainnya.""}]","[{""type"": ""text"", ""content"": ""On Planet X, a number is prime when it has exactly three positive factors. Read a positive integer n, count its divisors using iteration and selection, then output true when the factor count is exactly 3 and false otherwise.""}]","[""2 -> false"", ""4 -> true"", ""9 -> true"", ""15 -> false"", ""17 -> false"", ""1 -> false""]","["""", """", """", """", """", """"]",,,"Baca satu bilangan bulat positif n, hitung banyak pembaginya dengan perulangan dan percabangan, lalu keluarkan true jika jumlah faktor tepat 3 dan false selainnya.","Read a positive integer n, count its divisors using iteration and selection, then output true when the factor count is exactly 3 and false otherwise.",keluarkan true jika jumlah faktor tepat 3 dan false selainnya.,true when the factor count is exactly 3 and false otherwise.,text+table,"[{""case_no"": 1, ""input"": ""2 -> false"", ""output"": """"}, {""case_no"": 2, ""input"": ""4 -> true"", ""output"": """"}, {""case_no"": 3, ""input"": ""9 -> true"", ""output"": """"}, {""case_no"": 4, ""input"": ""15 -> false"", ""output"": """"}, {""case_no"": 5, ""input"": ""17 -> false"", ""output"": """"}, {""case_no"": 6, ""input"": ""1 -> false"", ""output"": """"}]",,,TRUE,10643469,10643469
Q267,Menghitung Karakter Selain 'a' dan 'i',Menghitung Karakter Selain 'a' dan 'i',Baca rangkaian karakter lowercase yang diakhiri sentinel titik ('.'). Hitung seluruh karakter sebelum sentinel kecuali 'a' dan 'i'. Gunakan perulangan dan percabangan. Sentinel tidak ikut dihitung.,Read a lowercase character sequence terminated by the sentinel dot ('.'). Count every character before the sentinel except 'a' and 'i'. Use iteration and selection. Do not count the sentinel.,,"program CountNotAI
  kamus
  ch : character
  count : integer
  algoritma
  count <- 0
  input(ch)
  while ch != '.' do
  if (ch != 'a') and (ch != 'i') then
  count <- count + 1
  endif
  input(ch)
  endwhile
  output(count)
  endprogram","1) ""selamat."" -> 5
  2) ""indonesia."" -> 6
  3) ""aiia."" -> 0
  4) ""telkomuniversitysinergibangunnegeri."" -> 29
  5) '.' -> 0",W13-14,313,267,TRUE,ready,PS,LMS,LMS-PS-10645844,014.UAI,Basic,Baca rangkaian karakter lowercase yang diakhiri sentinel titik ('.').,Read a lowercase character sequence terminated by the sentinel dot ('.').,"[{""type"": ""text"", ""content"": ""Baca rangkaian karakter lowercase yang diakhiri sentinel titik ('.'). Hitung seluruh karakter sebelum sentinel kecuali 'a' dan 'i'. Gunakan perulangan dan percabangan. Sentinel tidak ikut dihitung.""}]","[{""type"": ""text"", ""content"": ""Read a lowercase character sequence terminated by the sentinel dot ('.'). Count every character before the sentinel except 'a' and 'i'. Use iteration and selection. Do not count the sentinel.""}]","[""\""selamat.\"" -> 5"", ""\""indonesia.\"" -> 6"", ""\""aiia.\"" -> 0"", ""\""telkomuniversitysinergibangunnegeri.\"" -> 29"", ""'.' -> 0""]","["""", """", """", """", """"]",,,Baca rangkaian karakter lowercase yang diakhiri sentinel titik ('.').,Read a lowercase character sequence terminated by the sentinel dot ('.').,Hitung seluruh karakter sebelum sentinel kecuali 'a' dan 'i'.,Count every character before the sentinel except 'a' and 'i'.,text+table,"[{""case_no"": 1, ""input"": ""\""selamat.\"" -> 5"", ""output"": """"}, {""case_no"": 2, ""input"": ""\""indonesia.\"" -> 6"", ""output"": """"}, {""case_no"": 3, ""input"": ""\""aiia.\"" -> 0"", ""output"": """"}, {""case_no"": 4, ""input"": ""\""telkomuniversitysinergibangunnegeri.\"" -> 29"", ""output"": """"}, {""case_no"": 5, ""input"": ""'.' -> 0"", ""output"": """"}]",,,TRUE,10645844,10645844
Q268,Menghitung Lemparan Tiga Dadu Ganjil,Menghitung Lemparan Tiga Dadu Ganjil,Setiap putaran membaca tiga nilai dadu 1..6. Gunakan repeat-until dan berhenti setelah putaran pertama ketika jumlah ketiga dadu sama dengan 10. Hitung banyak putaran ketika ketiga dadu semuanya ganjil. Pernyataan if boleh digunakan.,Each round reads three dice values from 1..6. Use repeat-until and stop after the first round whose sum is 10. Count the rounds in which all three dice are odd. An if statement may be used.,016,"program GameOfDice
  kamus
  d1, d2, d3, count : integer
  algoritma
  count <- 0
  repeat
  input(d1, d2, d3)
  if ((d1 mod 2 == 1) and (d2 mod 2 == 1)) and (d3 mod 2 == 1) then
  count <- count + 1
  endif
  until d1 + d2 + d3 == 10
  output(count)
  endprogram","1) 1 1 3; 4 4 6; 6 2 4; 3 5 1; 4 5 1 -> 2
  2) 1 2 3; 3 1 1; 6 2 4; 3 5 1; 4 4 2 -> 2
  3) 4 4 2 -> 0
  4) 5 1 3; 2 1 6; 6 2 1; 3 5 1; 6 3 1 -> 2
  5) 2 2 2; 3 4 6; 6 2 6; 3 5 1; 4 2 4 -> 1",W13-14,314,268,TRUE,ready,PS,LMS,LMS-PS-10648487,016.UAI,Basic,Setiap putaran membaca tiga nilai dadu 1..6.,Each round reads three dice values from 1..6.,"[{""type"": ""text"", ""content"": ""Setiap putaran membaca tiga nilai dadu 1..6. Gunakan repeat-until dan berhenti setelah putaran pertama ketika jumlah ketiga dadu sama dengan 10. Hitung banyak putaran ketika ketiga dadu semuanya ganjil. Pernyataan if boleh digunakan.""}]","[{""type"": ""text"", ""content"": ""Each round reads three dice values from 1..6. Use repeat-until and stop after the first round whose sum is 10. Count the rounds in which all three dice are odd. An if statement may be used.""}]","[""1 1 3; 4 4 6; 6 2 4; 3 5 1; 4 5 1 -> 2"", ""1 2 3; 3 1 1; 6 2 4; 3 5 1; 4 4 2 -> 2"", ""4 4 2 -> 0"", ""5 1 3; 2 1 6; 6 2 1; 3 5 1; 6 3 1 -> 2"", ""2 2 2; 3 4 6; 6 2 6; 3 5 1; 4 2 4 -> 1""]","["""", """", """", """", """"]",,,membaca tiga nilai dadu 1..6.,reads three dice values from 1..6.,Hitung banyak putaran ketika ketiga dadu semuanya ganjil.,Count the rounds in which all three dice are odd.,text+table,"[{""case_no"": 1, ""input"": ""1 1 3; 4 4 6; 6 2 4; 3 5 1; 4 5 1 -> 2"", ""output"": """"}, {""case_no"": 2, ""input"": ""1 2 3; 3 1 1; 6 2 4; 3 5 1; 4 4 2 -> 2"", ""output"": """"}, {""case_no"": 3, ""input"": ""4 4 2 -> 0"", ""output"": """"}, {""case_no"": 4, ""input"": ""5 1 3; 2 1 6; 6 2 1; 3 5 1; 6 3 1 -> 2"", ""output"": """"}, {""case_no"": 5, ""input"": ""2 2 2; 3 4 6; 6 2 6; 3 5 1; 4 2 4 -> 1"", ""output"": """"}]",,,FALSE,10648487,10648487
Q269,Menghitung Bilangan Positif dan Negatif,Menghitung Bilangan Positif dan Negatif,"Baca bilangan bulat berulang kali sampai sentinel 0. Hitung banyak bilangan positif dan banyak bilangan negatif sebelum sentinel. Keluarkan count positif terlebih dahulu, lalu count negatif.","Read integers repeatedly until the sentinel 0. Count the positive and negative values before the sentinel. Output the positive count first, followed by the negative count.",,"program CountPositiveNegative
  kamus
  n, positiveCount, negativeCount : integer
  algoritma
  positiveCount <- 0
  negativeCount <- 0
  input(n)
  while n != 0 do
  if n > 0 then
  positiveCount <- positiveCount + 1
  else
  negativeCount <- negativeCount + 1
  endif
  input(n)
  endwhile
  output(positiveCount)
  output(negativeCount)
  endprogram","1) 1,-2,-9,3,12,0 -> 3; 2
  2) -1,-1,-1,2,-9,0 -> 1; 4
  3) 21,-90,3,-2,-9,0 -> 2; 3
  4) 0 -> 0; 0",W13-14,315,269,TRUE,ready,PS,LMS,LMS-PS-10667326,049.UAI,Basic,Baca bilangan bulat berulang kali sampai sentinel 0.,Read integers repeatedly until the sentinel 0.,"[{""type"": ""text"", ""content"": ""Baca bilangan bulat berulang kali sampai sentinel 0. Hitung banyak bilangan positif dan banyak bilangan negatif sebelum sentinel. Keluarkan count positif terlebih dahulu, lalu count negatif.""}]","[{""type"": ""text"", ""content"": ""Read integers repeatedly until the sentinel 0. Count the positive and negative values before the sentinel. Output the positive count first, followed by the negative count.""}]","[""1,-2,-9,3,12,0 -> 3; 2"", ""-1,-1,-1,2,-9,0 -> 1; 4"", ""21,-90,3,-2,-9,0 -> 2; 3"", ""0 -> 0; 0""]","["""", """", """", """"]",,,Baca bilangan bulat berulang kali sampai sentinel 0.,Read integers repeatedly until the sentinel 0.,"Keluarkan count positif terlebih dahulu, lalu count negatif.","the positive count first, followed by the negative count.",text+table,"[{""case_no"": 1, ""input"": ""1,-2,-9,3,12,0 -> 3; 2"", ""output"": """"}, {""case_no"": 2, ""input"": ""-1,-1,-1,2,-9,0 -> 1; 4"", ""output"": """"}, {""case_no"": 3, ""input"": ""21,-90,3,-2,-9,0 -> 2; 3"", ""output"": """"}, {""case_no"": 4, ""input"": ""0 -> 0; 0"", ""output"": """"}]",,,TRUE,10667326,10667326
Q270,Menentukan Nilai Minimum dari Deret,Menentukan Nilai Minimum dari Deret,"Baca sedikitnya satu bilangan bulat, kemudian baca nilai berikutnya sampai sentinel 0. Sentinel tidak termasuk data. Keluarkan nilai minimum dari seluruh data.","Read at least one integer, then continue reading values until the sentinel 0. The sentinel is not data. Output the minimum value from the sequence.",,"program MinimumValue
  kamus
  n, minimum : integer
  algoritma
  input(minimum)
  input(n)
  while n != 0 do
  if n < minimum then
  minimum <- n
  endif
  input(n)
  endwhile
  output(minimum)
  endprogram","1) 34,45,29,90,31,0 -> 29
  2) 1,2,4,5,0 -> 1
  3) 1,1,1,1,0 -> 1
  4) 33,-99,43,-105,10,0 -> -105
  5) -1,-2,-3,-4,-5,-6,0 -> -6",W13-14,316,270,TRUE,ready,PS,LMS,LMS-PS-10669344,059.JMT first min (en),Basic,"Baca sedikitnya satu bilangan bulat, kemudian baca nilai berikutnya sampai sentinel 0.","Read at least one integer, then continue reading values until the sentinel 0.","[{""type"": ""text"", ""content"": ""Baca sedikitnya satu bilangan bulat, kemudian baca nilai berikutnya sampai sentinel 0. Sentinel tidak termasuk data. Keluarkan nilai minimum dari seluruh data.""}]","[{""type"": ""text"", ""content"": ""Read at least one integer, then continue reading values until the sentinel 0. The sentinel is not data. Output the minimum value from the sequence.""}]","[""34,45,29,90,31,0 -> 29"", ""1,2,4,5,0 -> 1"", ""1,1,1,1,0 -> 1"", ""33,-99,43,-105,10,0 -> -105"", ""-1,-2,-3,-4,-5,-6,0 -> -6""]","["""", """", """", """", """"]",,,"Baca sedikitnya satu bilangan bulat, kemudian baca nilai berikutnya sampai sentinel 0.","Read at least one integer, then continue reading values until the sentinel 0.",Keluarkan nilai minimum dari seluruh data.,the minimum value from the sequence.,text+table,"[{""case_no"": 1, ""input"": ""34,45,29,90,31,0 -> 29"", ""output"": """"}, {""case_no"": 2, ""input"": ""1,2,4,5,0 -> 1"", ""output"": """"}, {""case_no"": 3, ""input"": ""1,1,1,1,0 -> 1"", ""output"": """"}, {""case_no"": 4, ""input"": ""33,-99,43,-105,10,0 -> -105"", ""output"": """"}, {""case_no"": 5, ""input"": ""-1,-2,-3,-4,-5,-6,0 -> -6"", ""output"": """"}]",,,FALSE,10669344,10669344
Q271,Menentukan Posisi Pertama Nilai Minimum,Menentukan Posisi Pertama Nilai Minimum,Baca sedikitnya satu bilangan bulat sampai sentinel 0. Posisi data dihitung mulai dari 1 dan sentinel tidak dihitung. Keluarkan posisi kemunculan pertama dari nilai minimum.,Read at least one integer until the sentinel 0. Data positions are 1-based and the sentinel is not counted. Output the position of the first occurrence of the minimum value.,,"program FirstMinimumPosition
  kamus
  n, minimum, position, minimumPosition : integer
  algoritma
  input(minimum)
  minimumPosition <- 1
  position <- 2
  input(n)
  while n != 0 do
  if n < minimum then
  minimum <- n
  minimumPosition <- position
  endif
  position <- position + 1
  input(n)
  endwhile
  output(minimumPosition)
  endprogram","1) 34,45,29,90,31,0 -> 3
  2) 1,2,4,5,0 -> 1
  3) 1,1,1,1,0 -> 1
  4) -1,-2,-3,-4,-5,-6,0 -> 6
  5) -1,2,3,-4,5,6,5,-4,3,2,-1,0 -> 4",W13-14,317,271,TRUE,ready,PS,LMS,LMS-PS-10669345,059.JMT first min location (en),Basic,Baca sedikitnya satu bilangan bulat sampai sentinel 0.,Read at least one integer until the sentinel 0.,"[{""type"": ""text"", ""content"": ""Baca sedikitnya satu bilangan bulat sampai sentinel 0. Posisi data dihitung mulai dari 1 dan sentinel tidak dihitung. Keluarkan posisi kemunculan pertama dari nilai minimum.""}]","[{""type"": ""text"", ""content"": ""Read at least one integer until the sentinel 0. Data positions are 1-based and the sentinel is not counted. Output the position of the first occurrence of the minimum value.""}]","[""34,45,29,90,31,0 -> 3"", ""1,2,4,5,0 -> 1"", ""1,1,1,1,0 -> 1"", ""-1,-2,-3,-4,-5,-6,0 -> 6"", ""-1,2,3,-4,5,6,5,-4,3,2,-1,0 -> 4""]","["""", """", """", """", """"]",,,Baca sedikitnya satu bilangan bulat sampai sentinel 0.,Read at least one integer until the sentinel 0.,Keluarkan posisi kemunculan pertama dari nilai minimum.,the position of the first occurrence of the minimum value.,text+table,"[{""case_no"": 1, ""input"": ""34,45,29,90,31,0 -> 3"", ""output"": """"}, {""case_no"": 2, ""input"": ""1,2,4,5,0 -> 1"", ""output"": """"}, {""case_no"": 3, ""input"": ""1,1,1,1,0 -> 1"", ""output"": """"}, {""case_no"": 4, ""input"": ""-1,-2,-3,-4,-5,-6,0 -> 6"", ""output"": """"}, {""case_no"": 5, ""input"": ""-1,2,3,-4,5,6,5,-4,3,2,-1,0 -> 4"", ""output"": """"}]",,,FALSE,10669345,10669345
Q272,Menentukan Posisi Terakhir Nilai Minimum,Menentukan Posisi Terakhir Nilai Minimum,Baca sedikitnya satu bilangan bulat sampai sentinel 0. Posisi data dihitung mulai dari 1 dan sentinel tidak dihitung. Keluarkan posisi kemunculan terakhir dari nilai minimum.,Read at least one integer until the sentinel 0. Data positions are 1-based and the sentinel is not counted. Output the position of the last occurrence of the minimum value.,,"program LastMinimumPosition
  kamus
  n, minimum, position, minimumPosition : integer
  algoritma
  input(minimum)
  minimumPosition <- 1
  position <- 2
  input(n)
  while n != 0 do
  if n <= minimum then
  minimum <- n
  minimumPosition <- position
  endif
  position <- position + 1
  input(n)
  endwhile
  output(minimumPosition)
  endprogram","1) 34,45,29,90,31,0 -> 3
  2) 1,1,1,1,0 -> 4
  3) -1,-2,-3,-4,-5,-6,0 -> 6
  4) -6,-5,-4,-3,-2,-1,0 -> 1
  5) -1,2,3,-4,5,6,5,-4,3,2,-1,0 -> 8",W13-14,318,272,TRUE,ready,PS,LMS,LMS-PS-10669346,059.JMT last min location (en),Basic,Baca sedikitnya satu bilangan bulat sampai sentinel 0.,Read at least one integer until the sentinel 0.,"[{""type"": ""text"", ""content"": ""Baca sedikitnya satu bilangan bulat sampai sentinel 0. Posisi data dihitung mulai dari 1 dan sentinel tidak dihitung. Keluarkan posisi kemunculan terakhir dari nilai minimum.""}]","[{""type"": ""text"", ""content"": ""Read at least one integer until the sentinel 0. Data positions are 1-based and the sentinel is not counted. Output the position of the last occurrence of the minimum value.""}]","[""34,45,29,90,31,0 -> 3"", ""1,1,1,1,0 -> 4"", ""-1,-2,-3,-4,-5,-6,0 -> 6"", ""-6,-5,-4,-3,-2,-1,0 -> 1"", ""-1,2,3,-4,5,6,5,-4,3,2,-1,0 -> 8""]","["""", """", """", """", """"]",,,Baca sedikitnya satu bilangan bulat sampai sentinel 0.,Read at least one integer until the sentinel 0.,Keluarkan posisi kemunculan terakhir dari nilai minimum.,the position of the last occurrence of the minimum value.,text+table,"[{""case_no"": 1, ""input"": ""34,45,29,90,31,0 -> 3"", ""output"": """"}, {""case_no"": 2, ""input"": ""1,1,1,1,0 -> 4"", ""output"": """"}, {""case_no"": 3, ""input"": ""-1,-2,-3,-4,-5,-6,0 -> 6"", ""output"": """"}, {""case_no"": 4, ""input"": ""-6,-5,-4,-3,-2,-1,0 -> 1"", ""output"": """"}, {""case_no"": 5, ""input"": ""-1,2,3,-4,5,6,5,-4,3,2,-1,0 -> 8"", ""output"": """"}]",,,TRUE,10669346,10669346
Q273,Menjumlahkan Pasangan Ganjil-Genap yang Valid,Menjumlahkan Pasangan Ganjil-Genap yang Valid,Baca pasangan bilangan bulat sampai pasangan sentinel 0 0. Tambahkan kedua nilai hanya jika bilangan pertama ganjil dan bilangan kedua genap. Pasangan lain diabaikan. Sentinel hanya terjadi ketika kedua nilai sama dengan 0.,Read integer pairs until the sentinel pair 0 0. Add both values only when the first integer is odd and the second is even. Ignore other pairs. The sentinel occurs only when both values are 0.,,"program SumValidPairs
  kamus
  a, b, total : integer
  algoritma
  total <- 0
  input(a, b)
  while (a != 0) or (b != 0) do
  if (a mod 2 != 0) and (b mod 2 == 0) then
  total <- total + a + b
  endif
  input(a, b)
  endwhile
  output(total)
  endprogram","1) (1,2),(2,2),(3,4),(4,1),(0,0) -> 10
  2) (5,20),(0,0) -> 25
  3) (1,3),(2,4),(3,4),(5,5),(3,6),(22,23),(0,0) -> 16
  4) (1,0),(3,2),(0,0) -> 6
  5) (0,0) -> 0
  
  Kasus 4 membedakan sentinel 0 0 dari pasangan yang hanya memiliki satu nilai 0.",W13-14,319,273,TRUE,ready,PS,LMS,LMS-PS-10641922,001.UAI,Intermediate,Baca pasangan bilangan bulat sampai pasangan sentinel 0 0.,Read integer pairs until the sentinel pair 0 0.,"[{""type"": ""text"", ""content"": ""Baca pasangan bilangan bulat sampai pasangan sentinel 0 0. Tambahkan kedua nilai hanya jika bilangan pertama ganjil dan bilangan kedua genap. Pasangan lain diabaikan. Sentinel hanya terjadi ketika kedua nilai sama dengan 0.""}]","[{""type"": ""text"", ""content"": ""Read integer pairs until the sentinel pair 0 0. Add both values only when the first integer is odd and the second is even. Ignore other pairs. The sentinel occurs only when both values are 0.""}]","[""(1,2),(2,2),(3,4),(4,1),(0,0) -> 10"", ""(5,20),(0,0) -> 25"", ""(1,3),(2,4),(3,4),(5,5),(3,6),(22,23),(0,0) -> 16"", ""(1,0),(3,2),(0,0) -> 6"", ""(0,0) -> 0\nKasus 4 membedakan sentinel 0 0 dari pasangan yang hanya memiliki satu nilai 0.""]","["""", """", """", """", """"]",,,Baca pasangan bilangan bulat sampai pasangan sentinel 0 0.,Read integer pairs until the sentinel pair 0 0.,,,text+table,"[{""case_no"": 1, ""input"": ""(1,2),(2,2),(3,4),(4,1),(0,0) -> 10"", ""output"": """"}, {""case_no"": 2, ""input"": ""(5,20),(0,0) -> 25"", ""output"": """"}, {""case_no"": 3, ""input"": ""(1,3),(2,4),(3,4),(5,5),(3,6),(22,23),(0,0) -> 16"", ""output"": """"}, {""case_no"": 4, ""input"": ""(1,0),(3,2),(0,0) -> 6"", ""output"": """"}, {""case_no"": 5, ""input"": ""(0,0) -> 0\nKasus 4 membedakan sentinel 0 0 dari pasangan yang hanya memiliki satu nilai 0."", ""output"": """"}]",,,TRUE,10641922,10641922
Q274,Menghitung Lemparan Dadu Ganjil Tanpa If,Menghitung Lemparan Dadu Ganjil Tanpa If,"Setiap putaran membaca tiga nilai dadu 1..6. Gunakan repeat-until dan berhenti setelah putaran pertama ketika jumlah ketiga dadu sama dengan 10. Hitung banyak putaran ketika ketiganya ganjil tanpa menggunakan if, else, atau elseif.","Each round reads three dice values from 1..6. Use repeat-until and stop after the first round whose sum is 10. Count the rounds where all three values are odd without using if, else, or elseif.",016,"program GameOfDiceWithoutIf
  kamus
  d1, d2, d3, count : integer
  algoritma
  count <- 0
  repeat
  input(d1, d2, d3)
  count <- count + (d1 mod 2) * (d2 mod 2) * (d3 mod 2)
  until d1 + d2 + d3 == 10
  output(count)
  endprogram","1) 1 1 3; 4 4 6; 6 2 4; 3 5 1; 4 5 1 -> 2
  2) 1 2 3; 3 1 1; 6 2 4; 3 5 1; 4 4 2 -> 2
  3) 4 4 2 -> 0
  4) 5 1 3; 2 1 6; 6 2 1; 3 5 1; 6 3 1 -> 2
  5) 2 2 2; 3 4 6; 6 2 6; 3 5 1; 4 2 4 -> 1
  
  Coverage: terminating throw sebagai input pertama dan campuran
  putaran all-odd/non-all-odd. Semua nilai dadu berada pada 1..6.",W13-14,320,274,TRUE,ready,PS,LMS,LMS-PS-10648488,016.UAI,Intermediate,Setiap putaran membaca tiga nilai dadu 1..6.,Each round reads three dice values from 1..6.,"[{""type"": ""text"", ""content"": ""Setiap putaran membaca tiga nilai dadu 1..6. Gunakan repeat-until dan berhenti setelah putaran pertama ketika jumlah ketiga dadu sama dengan 10. Hitung banyak putaran ketika ketiganya ganjil tanpa menggunakan if, else, atau elseif.""}]","[{""type"": ""text"", ""content"": ""Each round reads three dice values from 1..6. Use repeat-until and stop after the first round whose sum is 10. Count the rounds where all three values are odd without using if, else, or elseif.""}]","[""1 1 3; 4 4 6; 6 2 4; 3 5 1; 4 5 1 -> 2"", ""1 2 3; 3 1 1; 6 2 4; 3 5 1; 4 4 2 -> 2"", ""4 4 2 -> 0"", ""5 1 3; 2 1 6; 6 2 1; 3 5 1; 6 3 1 -> 2"", ""2 2 2; 3 4 6; 6 2 6; 3 5 1; 4 2 4 -> 1""]","["""", """", """", """", """"]",,,membaca tiga nilai dadu 1..6.,reads three dice values from 1..6.,"Hitung banyak putaran ketika ketiganya ganjil tanpa menggunakan if, else, atau elseif.","Count the rounds where all three values are odd without using if, else, or elseif.",text+table,"[{""case_no"": 1, ""input"": ""1 1 3; 4 4 6; 6 2 4; 3 5 1; 4 5 1 -> 2"", ""output"": """"}, {""case_no"": 2, ""input"": ""1 2 3; 3 1 1; 6 2 4; 3 5 1; 4 4 2 -> 2"", ""output"": """"}, {""case_no"": 3, ""input"": ""4 4 2 -> 0"", ""output"": """"}, {""case_no"": 4, ""input"": ""5 1 3; 2 1 6; 6 2 1; 3 5 1; 6 3 1 -> 2"", ""output"": """"}, {""case_no"": 5, ""input"": ""2 2 2; 3 4 6; 6 2 6; 3 5 1; 4 2 4 -> 1"", ""output"": """"}]",,,TRUE,10648488,10648488
Q275,Menampilkan Bilangan yang Tidak Diawali a dan Tidak Diakhiri b,Menampilkan Bilangan yang Tidak Diawali a dan Tidak Diakhiri b,"Baca x, y, a, dan b, dengan 99 < x <= y < 1000 serta a dan b berupa digit 0..9. Tampilkan setiap bilangan dari x sampai y secara inklusif, kecuali bilangan yang digit ratusannya a atau digit satuannya b.","Read x, y, a, and b, where 99 < x <= y < 1000 and a, b are digits 0..9. Print every integer from x through y, inclusive, except numbers whose hundreds digit is a or whose units digit is b.",,"program FilterThreeDigitNumbers
  kamus
  x, y, a, b, value : integer
  algoritma
  input(x, y, a, b)
  for value <- x to y do
  if (value div 100 != a) and (value mod 10 != b) then
  output(value)
  endif
  endfor
  endprogram","1) x=111,y=120,a=9,b=5 -> 111,112,113,114,116,117,118,119,120
  2) x=398,y=402,a=4,b=9 -> 398
  3) x=500,y=505,a=7,b=0 -> 501,502,503,504,505
  4) x=321,y=321,a=3,b=1 -> tidak ada output
  5) x=321,y=321,a=9,b=9 -> 321",W13-14,321,275,TRUE,ready,PS,LMS,LMS-PS-10650566,021.ANO,Intermediate,"Baca x, y, a, dan b, dengan 99 < x <= y < 1000 serta a dan b berupa digit 0..9.","Read x, y, a, and b, where 99 < x <= y < 1000 and a, b are digits 0..9.","[{""type"": ""text"", ""content"": ""Baca x, y, a, dan b, dengan 99 < x <= y < 1000 serta a dan b berupa digit 0..9. Tampilkan setiap bilangan dari x sampai y secara inklusif, kecuali bilangan yang digit ratusannya a atau digit satuannya b.""}]","[{""type"": ""text"", ""content"": ""Read x, y, a, and b, where 99 < x <= y < 1000 and a, b are digits 0..9. Print every integer from x through y, inclusive, except numbers whose hundreds digit is a or whose units digit is b.""}]","[""x=111,y=120,a=9,b=5 -> 111,112,113,114,116,117,118,119,120"", ""x=398,y=402,a=4,b=9 -> 398"", ""x=500,y=505,a=7,b=0 -> 501,502,503,504,505"", ""x=321,y=321,a=3,b=1 -> tidak ada output"", ""x=321,y=321,a=9,b=9 -> 321""]","["""", """", """", """", """"]",,,"Baca x, y, a, dan b, dengan 99 < x <= y < 1000 serta a dan b berupa digit 0..9.","Read x, y, a, and b, where 99 < x <= y < 1000 and a, b are digits 0..9.","Tampilkan setiap bilangan dari x sampai y secara inklusif, kecuali bilangan yang digit ratusannya a atau digit satuannya b.","Print every integer from x through y, inclusive, except numbers whose hundreds digit is a or whose units digit is b.",text+table,"[{""case_no"": 1, ""input"": ""x=111,y=120,a=9,b=5 -> 111,112,113,114,116,117,118,119,120"", ""output"": """"}, {""case_no"": 2, ""input"": ""x=398,y=402,a=4,b=9 -> 398"", ""output"": """"}, {""case_no"": 3, ""input"": ""x=500,y=505,a=7,b=0 -> 501,502,503,504,505"", ""output"": """"}, {""case_no"": 4, ""input"": ""x=321,y=321,a=3,b=1 -> tidak ada output"", ""output"": """"}, {""case_no"": 5, ""input"": ""x=321,y=321,a=9,b=9 -> 321"", ""output"": """"}]",,,TRUE,10650566,10650566
Q276,"Menghitung Substring ""go""","Menghitung Substring ""go""","Baca rangkaian karakter yang diakhiri sentinel titik ('.'). Hitung banyak pasangan karakter berurutan yang membentuk substring lowercase ""go"". Sentinel tidak termasuk data.","Read a character sequence terminated by the sentinel dot ('.'). Count adjacent character pairs that form the lowercase substring ""go"". The sentinel is not data.",,"program CountGo
  kamus
  ch : character
  previousIsG : boolean
  count : integer
  algoritma
  count <- 0
  previousIsG <- false
  input(ch)
  while ch != '.' do
  if previousIsG and (ch == 'o') then
  count <- count + 1
  endif
  previousIsG <- ch == 'g'
  input(ch)
  endwhile
  output(count)
  endprogram","1) ""inigolang."" -> 1
  2) ""inigolanginggolang."" -> 2
  3) ""golangolang."" -> 2
  4) ""gogo."" -> 2
  5) ""ggo."" -> 1
  6) ""telkom."" -> 0
  7) '.' -> 0",W13-14,322,276,TRUE,ready,PS,LMS,LMS-PS-10667138,044.UAI,Intermediate,Baca rangkaian karakter yang diakhiri sentinel titik ('.').,Read a character sequence terminated by the sentinel dot ('.').,"[{""type"": ""text"", ""content"": ""Baca rangkaian karakter yang diakhiri sentinel titik ('.'). Hitung banyak pasangan karakter berurutan yang membentuk substring lowercase \""go\"". Sentinel tidak termasuk data.""}]","[{""type"": ""text"", ""content"": ""Read a character sequence terminated by the sentinel dot ('.'). Count adjacent character pairs that form the lowercase substring \""go\"". The sentinel is not data.""}]","[""\""inigolang.\"" -> 1"", ""\""inigolanginggolang.\"" -> 2"", ""\""golangolang.\"" -> 2"", ""\""gogo.\"" -> 2"", ""\""ggo.\"" -> 1"", ""\""telkom.\"" -> 0"", ""'.' -> 0""]","["""", """", """", """", """", """", """"]",,,Baca rangkaian karakter yang diakhiri sentinel titik ('.').,Read a character sequence terminated by the sentinel dot ('.').,"Hitung banyak pasangan karakter berurutan yang membentuk substring lowercase ""go"".","Count adjacent character pairs that form the lowercase substring ""go"".",text+table,"[{""case_no"": 1, ""input"": ""\""inigolang.\"" -> 1"", ""output"": """"}, {""case_no"": 2, ""input"": ""\""inigolanginggolang.\"" -> 2"", ""output"": """"}, {""case_no"": 3, ""input"": ""\""golangolang.\"" -> 2"", ""output"": """"}, {""case_no"": 4, ""input"": ""\""gogo.\"" -> 2"", ""output"": """"}, {""case_no"": 5, ""input"": ""\""ggo.\"" -> 1"", ""output"": """"}, {""case_no"": 6, ""input"": ""\""telkom.\"" -> 0"", ""output"": """"}, {""case_no"": 7, ""input"": ""'.' -> 0"", ""output"": """"}]",,,TRUE,10667138,10667138
Q277,Menghitung Banyak Nilai di Atas Minimum,Menghitung Banyak Nilai di Atas Minimum,Baca sedikitnya satu bilangan bulat sampai sentinel 0. Hitung banyak data yang nilainya lebih besar daripada nilai minimum seluruh deret. Sentinel tidak dihitung.,Read at least one integer until the sentinel 0. Count how many data values are greater than the minimum of the entire sequence. Do not count the sentinel.,,"program CountGreaterThanMinimum
  kamus
  n, minimum, totalCount, minimumCount : integer
  algoritma
  input(minimum)
  totalCount <- 1
  minimumCount <- 1
  input(n)
  while n != 0 do
  totalCount <- totalCount + 1
  if n < minimum then
  minimum <- n
  minimumCount <- 1
  else if n == minimum then
  minimumCount <- minimumCount + 1
  endif
  input(n)
  endwhile
  output(totalCount - minimumCount)
  endprogram","1) 34,45,29,90,31,0 -> 4
  2) 1,2,4,5,0 -> 3
  3) 1,1,1,1,0 -> 0
  4) -1,-2,-3,-4,-5,-6,0 -> 5
  5) -1,2,3,-4,5,6,5,-4,3,2,-1,0 -> 9",W13-14,323,277,TRUE,ready,PS,LMS,LMS-PS-10669342,059.JMT count bigger than min (en),Intermediate,Baca sedikitnya satu bilangan bulat sampai sentinel 0.,Read at least one integer until the sentinel 0.,"[{""type"": ""text"", ""content"": ""Baca sedikitnya satu bilangan bulat sampai sentinel 0. Hitung banyak data yang nilainya lebih besar daripada nilai minimum seluruh deret. Sentinel tidak dihitung.""}]","[{""type"": ""text"", ""content"": ""Read at least one integer until the sentinel 0. Count how many data values are greater than the minimum of the entire sequence. Do not count the sentinel.""}]","[""34,45,29,90,31,0 -> 4"", ""1,2,4,5,0 -> 3"", ""1,1,1,1,0 -> 0"", ""-1,-2,-3,-4,-5,-6,0 -> 5"", ""-1,2,3,-4,5,6,5,-4,3,2,-1,0 -> 9""]","["""", """", """", """", """"]",,,Baca sedikitnya satu bilangan bulat sampai sentinel 0.,Read at least one integer until the sentinel 0.,Hitung banyak data yang nilainya lebih besar daripada nilai minimum seluruh deret.,Count how many data values are greater than the minimum of the entire sequence.,text+table,"[{""case_no"": 1, ""input"": ""34,45,29,90,31,0 -> 4"", ""output"": """"}, {""case_no"": 2, ""input"": ""1,2,4,5,0 -> 3"", ""output"": """"}, {""case_no"": 3, ""input"": ""1,1,1,1,0 -> 0"", ""output"": """"}, {""case_no"": 4, ""input"": ""-1,-2,-3,-4,-5,-6,0 -> 5"", ""output"": """"}, {""case_no"": 5, ""input"": ""-1,2,3,-4,5,6,5,-4,3,2,-1,0 -> 9"", ""output"": """"}]",,,FALSE,10669342,10669342
Q278,Menghitung Frekuensi Nilai Minimum,Menghitung Frekuensi Nilai Minimum,Baca sedikitnya satu bilangan bulat sampai sentinel 0. Hitung berapa kali nilai minimum seluruh deret muncul. Sentinel tidak dihitung.,Read at least one integer until the sentinel 0. Count how many times the minimum value of the sequence occurs. Do not count the sentinel.,,"program CountMinimum
  kamus
  n, minimum, minimumCount : integer
  algoritma
  input(minimum)
  minimumCount <- 1
  input(n)
  while n != 0 do
  if n < minimum then
  minimum <- n
  minimumCount <- 1
  else if n == minimum then
  minimumCount <- minimumCount + 1
  endif
  input(n)
  endwhile
  output(minimumCount)
  endprogram","1) 34,45,29,90,31,0 -> 1
  2) 1,1,1,1,0 -> 4
  3) -1,-2,-3,-4,-5,-6,0 -> 1
  4) -1,2,3,-4,5,6,5,-4,3,2,-1,0 -> 2",W13-14,324,278,TRUE,ready,PS,LMS,LMS-PS-10669343,059.JMT count min (en),Intermediate,Baca sedikitnya satu bilangan bulat sampai sentinel 0.,Read at least one integer until the sentinel 0.,"[{""type"": ""text"", ""content"": ""Baca sedikitnya satu bilangan bulat sampai sentinel 0. Hitung berapa kali nilai minimum seluruh deret muncul. Sentinel tidak dihitung.""}]","[{""type"": ""text"", ""content"": ""Read at least one integer until the sentinel 0. Count how many times the minimum value of the sequence occurs. Do not count the sentinel.""}]","[""34,45,29,90,31,0 -> 1"", ""1,1,1,1,0 -> 4"", ""-1,-2,-3,-4,-5,-6,0 -> 1"", ""-1,2,3,-4,5,6,5,-4,3,2,-1,0 -> 2""]","["""", """", """", """"]",,,Baca sedikitnya satu bilangan bulat sampai sentinel 0.,Read at least one integer until the sentinel 0.,Hitung berapa kali nilai minimum seluruh deret muncul.,Count how many times the minimum value of the sequence occurs.,text+table,"[{""case_no"": 1, ""input"": ""34,45,29,90,31,0 -> 1"", ""output"": """"}, {""case_no"": 2, ""input"": ""1,1,1,1,0 -> 4"", ""output"": """"}, {""case_no"": 3, ""input"": ""-1,-2,-3,-4,-5,-6,0 -> 1"", ""output"": """"}, {""case_no"": 4, ""input"": ""-1,2,3,-4,5,6,5,-4,3,2,-1,0 -> 2"", ""output"": """"}]",,,FALSE,10669343,10669343
Q279,Menentukan Nilai Minimum Kedua,Menentukan Nilai Minimum Kedua,"Baca lebih dari dua bilangan bulat sampai sentinel 0. Keluarkan nilai terkecil kedua yang berbeda dari nilai minimum. Jika tidak ada nilai berbeda kedua, keluarkan 0.","Read more than two integers until the sentinel 0. Output the second smallest value distinct from the minimum. If no distinct second value exists, output 0.",,"program SecondMinimum
  kamus
  n, minimum, secondMinimum : integer
  hasSecond : boolean
  algoritma
  input(minimum)
  hasSecond <- false
  input(n)
  while n != 0 do
  if n < minimum then
  secondMinimum <- minimum
  minimum <- n
  hasSecond <- true
  else if n > minimum then
  if hasSecond == false then
  secondMinimum <- n
  hasSecond <- true
  else if n < secondMinimum then
  secondMinimum <- n
  endif
  endif
  input(n)
  endwhile
  if hasSecond then
  output(secondMinimum)
  else
  output(0)
  endif
  endprogram","1) 34,45,29,90,31,0 -> 31
  2) 1,2,4,5,0 -> 2
  3) 1,1,1,1,0 -> 0
  4) 1,1,2,0 -> 2
  5) 33,-99,43,-88,-101,-105,10,0 -> -101
  6) -1,-2,-3,-4,-5,-6,0 -> -5",W13-14,325,279,TRUE,ready,PS,LMS,LMS-PS-10669347,059.JMT second min (en),Intermediate,Baca lebih dari dua bilangan bulat sampai sentinel 0.,Read more than two integers until the sentinel 0.,"[{""type"": ""text"", ""content"": ""Baca lebih dari dua bilangan bulat sampai sentinel 0. Keluarkan nilai terkecil kedua yang berbeda dari nilai minimum. Jika tidak ada nilai berbeda kedua, keluarkan 0.""}]","[{""type"": ""text"", ""content"": ""Read more than two integers until the sentinel 0. Output the second smallest value distinct from the minimum. If no distinct second value exists, output 0.""}]","[""34,45,29,90,31,0 -> 31"", ""1,2,4,5,0 -> 2"", ""1,1,1,1,0 -> 0"", ""1,1,2,0 -> 2"", ""33,-99,43,-88,-101,-105,10,0 -> -101"", ""-1,-2,-3,-4,-5,-6,0 -> -5""]","["""", """", """", """", """", """"]",,,Baca lebih dari dua bilangan bulat sampai sentinel 0.,Read more than two integers until the sentinel 0.,Keluarkan nilai terkecil kedua yang berbeda dari nilai minimum.,the second smallest value distinct from the minimum.,text+table,"[{""case_no"": 1, ""input"": ""34,45,29,90,31,0 -> 31"", ""output"": """"}, {""case_no"": 2, ""input"": ""1,2,4,5,0 -> 2"", ""output"": """"}, {""case_no"": 3, ""input"": ""1,1,1,1,0 -> 0"", ""output"": """"}, {""case_no"": 4, ""input"": ""1,1,2,0 -> 2"", ""output"": """"}, {""case_no"": 5, ""input"": ""33,-99,43,-88,-101,-105,10,0 -> -101"", ""output"": """"}, {""case_no"": 6, ""input"": ""-1,-2,-3,-4,-5,-6,0 -> -5"", ""output"": """"}]",,,FALSE,10669347,10669347
Q280,Menghitung Kenaikan Ketinggian,Menghitung Kenaikan Ketinggian,"Baca n (n >= 2) dan n catatan ketinggian. Hitung berapa kali ketinggian saat ini lebih besar daripada catatan sebelumnya. Gunakan perulangan dan percabangan, lalu keluarkan count.","Read n (n >= 2) and n altitude records. Count how many times the current altitude is greater than the previous record. Use iteration and selection, then output the count.",,"program CountUphill
  kamus
  n, i, previousAltitude, currentAltitude, count : integer
  algoritma
  input(n)
  input(previousAltitude)
  count <- 0
  for i <- 2 to n do
  input(currentAltitude)
  if currentAltitude > previousAltitude then
  count <- count + 1
  endif
  previousAltitude <- currentAltitude
  endfor
  output(count)
  endprogram","1) 6; 2,3,5,7,11,13 -> 5
  2) 9; 2,7,3,5,7,11,7,11,13 -> 6
  3) 6; 13,11,7,5,3,2 -> 0
  4) 5; 5,5,5,5,5 -> 0
  5) 6; 2,3,2,5,2,7 -> 3
  6) 2; 3,5 -> 1
  7) 2; 7,3 -> 0",W13-14,326,280,TRUE,ready,PS,LMS,LMS-PS-11032840,070.JMT,Ultimate,Baca n (n >= 2) dan n catatan ketinggian.,Read n (n >= 2) and n altitude records.,"[{""type"": ""text"", ""content"": ""Baca n (n >= 2) dan n catatan ketinggian. Hitung berapa kali ketinggian saat ini lebih besar daripada catatan sebelumnya. Gunakan perulangan dan percabangan, lalu keluarkan count.""}]","[{""type"": ""text"", ""content"": ""Read n (n >= 2) and n altitude records. Count how many times the current altitude is greater than the previous record. Use iteration and selection, then output the count.""}]","[""6; 2,3,5,7,11,13 -> 5"", ""9; 2,7,3,5,7,11,7,11,13 -> 6"", ""6; 13,11,7,5,3,2 -> 0"", ""5; 5,5,5,5,5 -> 0"", ""6; 2,3,2,5,2,7 -> 3"", ""2; 3,5 -> 1"", ""2; 7,3 -> 0""]","["""", """", """", """", """", """", """"]",,,Baca n (n >= 2) dan n catatan ketinggian.,Read n (n >= 2) and n altitude records.,keluarkan count.,the count.,text+table,"[{""case_no"": 1, ""input"": ""6; 2,3,5,7,11,13 -> 5"", ""output"": """"}, {""case_no"": 2, ""input"": ""9; 2,7,3,5,7,11,7,11,13 -> 6"", ""output"": """"}, {""case_no"": 3, ""input"": ""6; 13,11,7,5,3,2 -> 0"", ""output"": """"}, {""case_no"": 4, ""input"": ""5; 5,5,5,5,5 -> 0"", ""output"": """"}, {""case_no"": 5, ""input"": ""6; 2,3,2,5,2,7 -> 3"", ""output"": """"}, {""case_no"": 6, ""input"": ""2; 3,5 -> 1"", ""output"": """"}, {""case_no"": 7, ""input"": ""2; 7,3 -> 0"", ""output"": """"}]",,,TRUE,11032840,11032840
Q281,Assignment dan perbandingan kesetaraan tertukar: Kasus 1,Assignment and equality comparison are confused: Case 1,"Di dalam loop, program harus menambah count ketika karakter ch sama dengan 'a'. Kondisi manakah yang tepat?","Inside a loop, the program must increment count when character ch is equal to 'a'. Which condition is correct?",,ch == 'a',Kunci: C,W13-14,357,281,TRUE,ready,MP,LMS,LMS-MP-W13-14-OP-01-Q1,OP-01,,"Uji pemahaman tentang Assignment dan perbandingan kesetaraan tertukar. Di dalam loop, program harus menambah count ketika karakter ch sama dengan 'a'.","Assess understanding of Assignment and equality comparison are confused. Inside a loop, the program must increment count when character ch is equal to 'a'.","[{""type"": ""text"", ""content"": ""Di dalam loop, program harus menambah count ketika karakter ch sama dengan 'a'. Kondisi manakah yang tepat?""}]","[{""type"": ""text"", ""content"": ""Inside a loop, the program must increment count when character ch is equal to 'a'. Which condition is correct?""}]",[],[],1,OP-01,,,,,none,,"[{""answer_id"": ""A857"", ""label"": ""A"", ""text"": ""ch <- 'a'"", ""is_correct"": false, ""misconceptions"": [""OP-01""]}, {""answer_id"": ""A858"", ""label"": ""B"", ""text"": ""ch = 'a'"", ""is_correct"": false, ""misconceptions"": [""OP-01""]}, {""answer_id"": ""A859"", ""label"": ""C"", ""text"": ""ch == 'a'"", ""is_correct"": true, ""misconceptions"": []}, {""answer_id"": ""A860"", ""label"": ""D"", ""text"": ""'a' <- ch"", ""is_correct"": false, ""misconceptions"": []}]",C,TRUE,,MP-OP-01-1
Q282,Assignment dan perbandingan kesetaraan tertukar: Kasus 2,Assignment and equality comparison are confused: Case 2,"Perhatikan instruksi berikut:
  
  isOdd <- (n mod 2 == 1)
  
  Pernyataan manakah yang benar?","Consider the following statement:
  
  isOdd <- (n mod 2 == 1)
  
  Which statement is correct?",,"​== membandingkan sisa dengan 1, lalu <- menyimpan hasil Boolean ke isOdd. / == compares the remainder with 1, then <- stores the Boolean result in isOdd.",Kunci: B,W13-14,358,282,TRUE,ready,MP,LMS,LMS-MP-W13-14-OP-01-Q2,OP-01,,Uji pemahaman tentang Assignment dan perbandingan kesetaraan tertukar. Perhatikan instruksi berikut: Pernyataan manakah yang benar?,Assess understanding of Assignment and equality comparison are confused. Consider the following statement: Which statement is correct?,"[{""type"": ""text"", ""content"": ""Perhatikan instruksi berikut:""}, {""type"": ""code"", ""content"": ""isOdd <- (n mod 2 == 1)""}, {""type"": ""text"", ""content"": ""Pernyataan manakah yang benar?""}]","[{""type"": ""text"", ""content"": ""Consider the following statement:""}, {""type"": ""code"", ""content"": ""isOdd <- (n mod 2 == 1)""}, {""type"": ""text"", ""content"": ""Which statement is correct?""}]",[],[],2,OP-01,,,,,none,,"[{""answer_id"": ""A861"", ""label"": ""A"", ""text"": ""<- membandingkan nilai, sedangkan == menyimpan nilai. / <- compares values, while == stores a value."", ""is_correct"": false, ""misconceptions"": [""OP-01""]}, {""answer_id"": ""A862"", ""label"": ""B"", ""text"": ""== membandingkan sisa dengan 1, lalu <- menyimpan hasil Boolean ke isOdd. / == compares the remainder with 1, then <- stores the Boolean result in isOdd."", ""is_correct"": true, ""misconceptions"": []}, {""answer_id"": ""A863"", ""label"": ""C"", ""text"": ""<- dan == mempunyai fungsi yang sama. / <- and == have the same function."", ""is_correct"": false, ""misconceptions"": [""OP-01""]}, {""answer_id"": ""A864"", ""label"": ""D"", ""text"": ""Hasil (n mod 2 == 1) harus dibandingkan lagi dengan true sebelum dapat disimpan. / The result of (n mod 2 == 1) must be compared with true again before it can be stored."", ""is_correct"": false, ""misconceptions"": [""EX-01""]}]",B,TRUE,,MP-OP-01-2
Q283,Connector Boolean untuk rentang digunakan secara keliru: Kasus 1,The wrong Boolean connector is used for interval bounds: Case 1,Program harus menghitung karakter yang bukan 'a' dan bukan 'i'. Kondisi manakah yang tepat?,A program must count characters that are neither 'a' nor 'i'. Which condition is correct?,,ch != 'a' and ch != 'i',Kunci: D,W13-14,359,283,TRUE,ready,MP,LMS,LMS-MP-W13-14-EX-05-Q1,EX-05,,Uji pemahaman tentang Connector Boolean untuk rentang digunakan secara keliru.,Assess understanding of The wrong Boolean connector is used for interval bounds. A program must count characters that are neither 'a' nor 'i'.,"[{""type"": ""text"", ""content"": ""Program harus menghitung karakter yang bukan 'a' dan bukan 'i'. Kondisi manakah yang tepat?""}]","[{""type"": ""text"", ""content"": ""A program must count characters that are neither 'a' nor 'i'. Which condition is correct?""}]",[],[],1,EX-05,,,,,none,,"[{""answer_id"": ""A865"", ""label"": ""A"", ""text"": ""ch != 'a' or ch != 'i'"", ""is_correct"": false, ""misconceptions"": [""EX-05""]}, {""answer_id"": ""A866"", ""label"": ""B"", ""text"": ""ch == 'a' and ch == 'i'"", ""is_correct"": false, ""misconceptions"": []}, {""answer_id"": ""A867"", ""label"": ""C"", ""text"": ""not(ch != 'a' and ch != 'i')"", ""is_correct"": false, ""misconceptions"": []}, {""answer_id"": ""A868"", ""label"": ""D"", ""text"": ""ch != 'a' and ch != 'i'"", ""is_correct"": true, ""misconceptions"": []}]",D,TRUE,,MP-EX-05-1
Q284,Connector Boolean untuk rentang digunakan secara keliru: Kasus 2,The wrong Boolean connector is used for interval bounds: Case 2,"Diketahui Boolean startsA menyatakan digit ratusan sama dengan a, dan endsB menyatakan digit satuan sama dengan b. Bilangan hanya boleh dicetak jika kedua kondisi exclusion tersebut tidak terjadi. Kondisi manakah yang tepat?","Boolean startsA means the hundreds digit equals a, and endsB means the units digit equals b. A number may be printed only when neither exclusion occurs. Which condition is correct?",,not startsA and not endsB,Kunci: A,W13-14,360,284,TRUE,ready,MP,LMS,LMS-MP-W13-14-EX-05-Q2,EX-05,,"Uji pemahaman tentang Connector Boolean untuk rentang digunakan secara keliru. Diketahui Boolean startsA menyatakan digit ratusan sama dengan a, dan endsB menyatakan digit satuan sama dengan b.","Assess understanding of The wrong Boolean connector is used for interval bounds. Boolean startsA means the hundreds digit equals a, and endsB means the units digit equals b.","[{""type"": ""text"", ""content"": ""Diketahui Boolean startsA menyatakan digit ratusan sama dengan a, dan endsB menyatakan digit satuan sama dengan b. Bilangan hanya boleh dicetak jika kedua kondisi exclusion tersebut tidak terjadi. Kondisi manakah yang tepat?""}]","[{""type"": ""text"", ""content"": ""Boolean startsA means the hundreds digit equals a, and endsB means the units digit equals b. A number may be printed only when neither exclusion occurs. Which condition is correct?""}]",[],[],2,EX-05,,,,,none,,"[{""answer_id"": ""A869"", ""label"": ""A"", ""text"": ""not startsA and not endsB"", ""is_correct"": true, ""misconceptions"": []}, {""answer_id"": ""A870"", ""label"": ""B"", ""text"": ""not(startsA and endsB)"", ""is_correct"": false, ""misconceptions"": [""EX-05""]}, {""answer_id"": ""A871"", ""label"": ""C"", ""text"": ""startsA or endsB"", ""is_correct"": false, ""misconceptions"": []}, {""answer_id"": ""A872"", ""label"": ""D"", ""text"": ""not startsA or not endsB"", ""is_correct"": false, ""misconceptions"": [""EX-05""]}]",A,TRUE,,MP-EX-05-2
Q285,Variabel dianggap dapat digunakan sebelum diinisialisasi: Kasus 1,A variable is assumed to be usable before initialization: Case 1,count baru dideklarasikan dan akan ditambah setiap kali kondisi di dalam loop terpenuhi. Apa yang harus dilakukan sebelum loop?,count has only been declared and will be incremented whenever a condition inside the loop is satisfied. What must be done before the loop?,,count <- 0,Kunci: A,W13-14,361,285,TRUE,ready,MP,LMS,LMS-MP-W13-14-VA-14-Q1,VA-14,,Uji pemahaman tentang Variabel dianggap dapat digunakan sebelum diinisialisasi. count baru dideklarasikan dan akan ditambah setiap kali kondisi di dalam loop terpenuhi.,Assess understanding of A variable is assumed to be usable before initialization. count has only been declared and will be incremented whenever a condition inside the loop is satisfied.,"[{""type"": ""text"", ""content"": ""count baru dideklarasikan dan akan ditambah setiap kali kondisi di dalam loop terpenuhi. Apa yang harus dilakukan sebelum loop?""}]","[{""type"": ""text"", ""content"": ""count has only been declared and will be incremented whenever a condition inside the loop is satisfied. What must be done before the loop?""}]",[],[],1,VA-14,,,,,none,,"[{""answer_id"": ""A873"", ""label"": ""A"", ""text"": ""count <- 0"", ""is_correct"": true, ""misconceptions"": []}, {""answer_id"": ""A874"", ""label"": ""B"", ""text"": ""count <- count + 1"", ""is_correct"": false, ""misconceptions"": []}, {""answer_id"": ""A875"", ""label"": ""C"", ""text"": ""output(count)"", ""is_correct"": false, ""misconceptions"": []}, {""answer_id"": ""A876"", ""label"": ""D"", ""text"": ""Tidak perlu apa-apa karena integer otomatis bernilai 0. / Nothing, because an integer is automatically zero."", ""is_correct"": false, ""misconceptions"": [""VA-14""]}]",A,TRUE,,MP-VA-14-1
Q286,Variabel dianggap dapat digunakan sebelum diinisialisasi: Kasus 2,A variable is assumed to be usable before initialization: Case 2,Program membaca n catatan ketinggian dan membandingkan setiap catatan dengan catatan sebelumnya. Inisialisasi manakah yang tepat sebelum loop memproses catatan kedua sampai ke-n?,A program reads n altitude records and compares each record with the previous one. Which initialization is correct before the loop processes records two through n?,,"input(previousAltitude) lalu count <- 0. / input(previousAltitude), then count <- 0.",Kunci: C,W13-14,362,286,TRUE,ready,MP,LMS,LMS-MP-W13-14-VA-14-Q2,VA-14,,Uji pemahaman tentang Variabel dianggap dapat digunakan sebelum diinisialisasi.,Assess understanding of A variable is assumed to be usable before initialization. A program reads n altitude records and compares each record with the previous one.,"[{""type"": ""text"", ""content"": ""Program membaca n catatan ketinggian dan membandingkan setiap catatan dengan catatan sebelumnya. Inisialisasi manakah yang tepat sebelum loop memproses catatan kedua sampai ke-n?""}]","[{""type"": ""text"", ""content"": ""A program reads n altitude records and compares each record with the previous one. Which initialization is correct before the loop processes records two through n?""}]",[],[],2,VA-14,,,,,none,,"[{""answer_id"": ""A877"", ""label"": ""A"", ""text"": ""Hanya count <- 0; previousAltitude tidak perlu diberi nilai. / Only count <- 0; previousAltitude needs no value."", ""is_correct"": false, ""misconceptions"": [""VA-14""]}, {""answer_id"": ""A878"", ""label"": ""B"", ""text"": ""previousAltitude <- 0 dan tidak perlu membaca catatan pertama. / Set previousAltitude <- 0 and do not read the first record."", ""is_correct"": false, ""misconceptions"": []}, {""answer_id"": ""A879"", ""label"": ""C"", ""text"": ""input(previousAltitude) lalu count <- 0. / input(previousAltitude), then count <- 0."", ""is_correct"": true, ""misconceptions"": []}, {""answer_id"": ""A880"", ""label"": ""D"", ""text"": ""Membaca currentAltitude di dalam loop, lalu menggunakan previousAltitude yang belum diisi. / Read currentAltitude in the loop, then use an unassigned previousAltitude."", ""is_correct"": false, ""misconceptions"": [""VA-14""]}]",C,TRUE,,MP-VA-14-2
Q287,Batas inklusif dan eksklusif tertukar: Kasus 1,Inclusive and exclusive boundaries are confused: Case 1,Program harus menyimpan posisi pertama nilai minimum. minimum dan minimumPosition sudah mewakili data sebelumnya. Kondisi manakah yang tepat untuk memperbarui keduanya ketika nilai baru x dibaca?,A program must store the first position of the minimum value. minimum and minimumPosition already represent earlier data. Which condition correctly updates them when a new value x is read?,,x < minimum,Kunci: B,W13-14,363,287,TRUE,ready,MP,LMS,LMS-MP-W13-14-OP-11-Q1,OP-11,,Uji pemahaman tentang Batas inklusif dan eksklusif tertukar.,Assess understanding of Inclusive and exclusive boundaries are confused. A program must store the first position of the minimum value.,"[{""type"": ""text"", ""content"": ""Program harus menyimpan posisi pertama nilai minimum. minimum dan minimumPosition sudah mewakili data sebelumnya. Kondisi manakah yang tepat untuk memperbarui keduanya ketika nilai baru x dibaca?""}]","[{""type"": ""text"", ""content"": ""A program must store the first position of the minimum value. minimum and minimumPosition already represent earlier data. Which condition correctly updates them when a new value x is read?""}]",[],[],1,OP-11,,,,,none,,"[{""answer_id"": ""A881"", ""label"": ""A"", ""text"": ""x <= minimum"", ""is_correct"": false, ""misconceptions"": [""OP-11""]}, {""answer_id"": ""A882"", ""label"": ""B"", ""text"": ""x < minimum"", ""is_correct"": true, ""misconceptions"": []}, {""answer_id"": ""A883"", ""label"": ""C"", ""text"": ""x > minimum"", ""is_correct"": false, ""misconceptions"": []}, {""answer_id"": ""A884"", ""label"": ""D"", ""text"": ""x == minimum"", ""is_correct"": false, ""misconceptions"": []}]",B,TRUE,,MP-OP-11-1
Q288,Batas inklusif dan eksklusif tertukar: Kasus 2,Inclusive and exclusive boundaries are confused: Case 2,"Program harus memeriksa setiap bilangan dari x sampai y, termasuk kedua batas. Header loop manakah yang tepat?","A program must examine every integer from x through y, including both endpoints. Which loop header is correct?",,for value <- x to y do,Kunci: D,W13-14,364,288,TRUE,ready,MP,LMS,LMS-MP-W13-14-OP-11-Q2,OP-11,,Uji pemahaman tentang Batas inklusif dan eksklusif tertukar.,"Assess understanding of Inclusive and exclusive boundaries are confused. A program must examine every integer from x through y, including both endpoints.","[{""type"": ""text"", ""content"": ""Program harus memeriksa setiap bilangan dari x sampai y, termasuk kedua batas. Header loop manakah yang tepat?""}]","[{""type"": ""text"", ""content"": ""A program must examine every integer from x through y, including both endpoints. Which loop header is correct?""}]",[],[],2,OP-11,,,,,none,,"[{""answer_id"": ""A885"", ""label"": ""A"", ""text"": ""for value <- x + 1 to y do"", ""is_correct"": false, ""misconceptions"": [""OP-11""]}, {""answer_id"": ""A886"", ""label"": ""B"", ""text"": ""for value <- x to y - 1 do"", ""is_correct"": false, ""misconceptions"": [""OP-11""]}, {""answer_id"": ""A887"", ""label"": ""C"", ""text"": ""for value <- x + 1 to y - 1 do"", ""is_correct"": false, ""misconceptions"": [""OP-11""]}, {""answer_id"": ""A888"", ""label"": ""D"", ""text"": ""for value <- x to y do"", ""is_correct"": true, ""misconceptions"": []}]",D,TRUE,,MP-OP-11-2
Q289,Hasil perhitungan dianggap otomatis menjadi output: Kasus 1,A computed result is assumed to become output automatically: Case 1,"Program berikut selesai menghitung count, tetapi tidak memiliki instruksi output:
  
  count <- 0
  for i <- 1 to n do
  if data memenuhi syarat then
  count <- count + 1
  endif
  endfor
  
  Apa yang terlihat oleh pengguna?",The following program finishes computing count but has no output statement. What does the user see?,,Tidak ada keluaran. / No output.,Kunci: C,W13-14,365,289,TRUE,ready,MP,LMS,LMS-MP-W13-14-IO-05-Q1,IO-05,,Uji pemahaman tentang Hasil perhitungan dianggap otomatis menjadi output. Apa yang terlihat oleh pengguna?,Assess understanding of A computed result is assumed to become output automatically. The following program finishes computing count but has no output statement.,"[{""type"": ""code"", ""content"": ""Program berikut selesai menghitung count, tetapi tidak memiliki instruksi output:\n\n count <- 0\n for i <- 1 to n do\n if data memenuhi syarat then\n count <- count + 1\n endif\n endfor""}, {""type"": ""text"", ""content"": ""Apa yang terlihat oleh pengguna?""}]","[{""type"": ""text"", ""content"": ""The following program finishes computing count but has no output statement. What does the user see?""}]",[],[],1,IO-05,,,,,none,,"[{""answer_id"": ""A889"", ""label"": ""A"", ""text"": ""Nilai akhir count. / The final value of count."", ""is_correct"": false, ""misconceptions"": [""IO-05""]}, {""answer_id"": ""A890"", ""label"": ""B"", ""text"": ""Semua nilai antara count. / All intermediate values of count."", ""is_correct"": false, ""misconceptions"": [""IO-05""]}, {""answer_id"": ""A891"", ""label"": ""C"", ""text"": ""Tidak ada keluaran. / No output."", ""is_correct"": true, ""misconceptions"": []}, {""answer_id"": ""A892"", ""label"": ""D"", ""text"": ""Pesan error karena count tidak dicetak. / An error because count is not printed."", ""is_correct"": false, ""misconceptions"": []}]",C,TRUE,,MP-IO-05-1
Q290,Hasil perhitungan dianggap otomatis menjadi output: Kasus 2,A computed result is assumed to become output automatically: Case 2,Program harus menampilkan satu nilai count setelah seluruh data sentinel selesai diproses. Penempatan manakah yang tepat?,A program must display one final count after all sentinel-terminated data has been processed. Which placement is correct?,,"while data != sentinel do
  ...
  endwhile
  output(count)",Kunci: A,W13-14,366,290,TRUE,ready,MP,LMS,LMS-MP-W13-14-IO-05-Q2,IO-05,,Uji pemahaman tentang Hasil perhitungan dianggap otomatis menjadi output.,Assess understanding of A computed result is assumed to become output automatically. A program must display one final count after all sentinel-terminated data has been processed.,"[{""type"": ""text"", ""content"": ""Program harus menampilkan satu nilai count setelah seluruh data sentinel selesai diproses. Penempatan manakah yang tepat?""}]","[{""type"": ""text"", ""content"": ""A program must display one final count after all sentinel-terminated data has been processed. Which placement is correct?""}]",[],[],2,IO-05,,,,,none,,"[{""answer_id"": ""A893"", ""label"": ""A"", ""text"": ""while data != sentinel do\n ...\n endwhile\n output(count)"", ""is_correct"": true, ""misconceptions"": []}, {""answer_id"": ""A894"", ""label"": ""B"", ""text"": ""output(count)\n while data != sentinel do\n ...\n endwhile"", ""is_correct"": false, ""misconceptions"": [""IO-05""]}, {""answer_id"": ""A895"", ""label"": ""C"", ""text"": ""while data != sentinel do\n ...\n output(count)\n endwhile"", ""is_correct"": false, ""misconceptions"": []}, {""answer_id"": ""A896"", ""label"": ""D"", ""text"": ""while data != sentinel do\n ...\n endwhile\n output(\""count\"")"", ""is_correct"": false, ""misconceptions"": [""IO-02""]}]",A,TRUE,,MP-IO-05-2
Q291,Urutan eksekusi dianggap dapat berubah: Kasus 1,Execution order is assumed to be changeable: Case 1,"Program membaca pasangan a, b sampai sentinel 0, 0. Setiap pasangan non-sentinel harus diperiksa dan mungkin ditambahkan ke total. Urutan manakah yang tepat?","A program reads pairs a, b until the sentinel 0, 0. Every non-sentinel pair must be checked and possibly added to total. Which order is correct?",,"Membaca pasangan awal; selama bukan sentinel, proses pasangan saat ini lalu baca pasangan berikutnya di akhir body. / Read the first pair; while it is not the sentinel, process the current pair and read the next pair at the end of the body.",Kunci: D,W13-14,367,291,TRUE,ready,MP,LMS,LMS-MP-W13-14-SQ-01-Q1,SQ-01,,Uji pemahaman tentang Urutan eksekusi dianggap dapat berubah.,"Assess understanding of Execution order is assumed to be changeable. A program reads pairs a, b until the sentinel 0, 0.","[{""type"": ""text"", ""content"": ""Program membaca pasangan a, b sampai sentinel 0, 0. Setiap pasangan non-sentinel harus diperiksa dan mungkin ditambahkan ke total. Urutan manakah yang tepat?""}]","[{""type"": ""text"", ""content"": ""A program reads pairs a, b until the sentinel 0, 0. Every non-sentinel pair must be checked and possibly added to total. Which order is correct?""}]",[],[],1,SQ-01,,,,,none,,"[{""answer_id"": ""A897"", ""label"": ""A"", ""text"": ""Memproses a, b, membaca pasangan berikutnya, lalu baru memeriksa apakah pasangan lama sentinel. / Process a, b, read the next pair, then check whether the old pair was the sentinel."", ""is_correct"": false, ""misconceptions"": [""SQ-01""]}, {""answer_id"": ""A898"", ""label"": ""B"", ""text"": ""Membaca semua pasangan terlebih dahulu, kemudian memprosesnya tanpa penyimpanan. / Read all pairs first, then process them without storage."", ""is_correct"": false, ""misconceptions"": []}, {""answer_id"": ""A899"", ""label"": ""C"", ""text"": ""Membaca pasangan berikutnya sebelum pasangan saat ini selesai diproses. / Read the next pair before the current pair has been fully processed."", ""is_correct"": false, ""misconceptions"": [""SQ-01""]}, {""answer_id"": ""A900"", ""label"": ""D"", ""text"": ""Membaca pasangan awal; selama bukan sentinel, proses pasangan saat ini lalu baca pasangan berikutnya di akhir body. / Read the first pair; while it is not the sentinel, process the current pair and read the next pair at the end of the body."", ""is_correct"": true, ""misconceptions"": []}]",D,TRUE,,MP-SQ-01-1
Q292,Urutan eksekusi dianggap dapat berubah: Kasus 2,Execution order is assumed to be changeable: Case 2,"Program menghitung kenaikan ketinggian berurutan. Setelah previousAltitude berisi catatan pertama, urutan body loop manakah yang tepat?","A program counts consecutive altitude increases. After previousAltitude contains the first record, which loop-body order is correct?",,input(currentAltitude); compare currentAltitude > previousAltitude; kemudian previousAltitude <- currentAltitude.,Kunci: B,W13-14,368,292,TRUE,ready,MP,LMS,LMS-MP-W13-14-SQ-01-Q2,SQ-01,,Uji pemahaman tentang Urutan eksekusi dianggap dapat berubah.,Assess understanding of Execution order is assumed to be changeable. A program counts consecutive altitude increases.,"[{""type"": ""text"", ""content"": ""Program menghitung kenaikan ketinggian berurutan. Setelah previousAltitude berisi catatan pertama, urutan body loop manakah yang tepat?""}]","[{""type"": ""text"", ""content"": ""A program counts consecutive altitude increases. After previousAltitude contains the first record, which loop-body order is correct?""}]",[],[],2,SQ-01,,,,,none,,"[{""answer_id"": ""A901"", ""label"": ""A"", ""text"": ""previousAltitude <- currentAltitude; lalu input dan comparison. / Assign previous first, then input and compare."", ""is_correct"": false, ""misconceptions"": [""SQ-01""]}, {""answer_id"": ""A902"", ""label"": ""B"", ""text"": ""input(currentAltitude); compare currentAltitude > previousAltitude; kemudian previousAltitude <- currentAltitude."", ""is_correct"": true, ""misconceptions"": []}, {""answer_id"": ""A903"", ""label"": ""C"", ""text"": ""Compare sebelum currentAltitude dibaca. / Compare before reading currentAltitude."", ""is_correct"": false, ""misconceptions"": [""SQ-01""]}, {""answer_id"": ""A904"", ""label"": ""D"", ""text"": ""input(currentAltitude); previousAltitude <- currentAltitude; kemudian compare keduanya. / Read current, overwrite previous, then compare them."", ""is_correct"": false, ""misconceptions"": [""SQ-01""]}]",B,TRUE,,MP-SQ-01-2
Q293,Informasi dianggap tetap tersedia tanpa disimpan: Kasus 1,Information is assumed to remain available without being stored: Case 1,"Program membaca karakter satu per satu dan harus menghitung substring ""go"". Informasi apa yang perlu disimpan di antara dua iterasi?","A program reads characters one by one and must count the substring ""go"". What information must be stored between two iterations?",,Karakter sebelumnya atau Boolean yang menyatakan apakah karakter sebelumnya adalah 'g'. / The previous character or a Boolean indicating whether it was 'g'.,Kunci: C,W13-14,369,293,TRUE,ready,MP,LMS,LMS-MP-W13-14-SQ-04-Q1,SQ-04,,Uji pemahaman tentang Informasi dianggap tetap tersedia tanpa disimpan.,"Assess understanding of Information is assumed to remain available without being stored. A program reads characters one by one and must count the substring ""go"".","[{""type"": ""text"", ""content"": ""Program membaca karakter satu per satu dan harus menghitung substring \""go\"". Informasi apa yang perlu disimpan di antara dua iterasi?""}]","[{""type"": ""text"", ""content"": ""A program reads characters one by one and must count the substring \""go\"". What information must be stored between two iterations?""}]",[],[],1,SQ-04,,,,,none,,"[{""answer_id"": ""A905"", ""label"": ""A"", ""text"": ""Tidak ada; karakter sebelumnya tetap dapat diakses otomatis. / Nothing; the previous character remains automatically accessible."", ""is_correct"": false, ""misconceptions"": [""SQ-04""]}, {""answer_id"": ""A906"", ""label"": ""B"", ""text"": ""Seluruh string harus tersedia meskipun input dibaca per karakter tanpa penyimpanan. / The entire string remains available even when characters are read without storage."", ""is_correct"": false, ""misconceptions"": [""SQ-04""]}, {""answer_id"": ""A907"", ""label"": ""C"", ""text"": ""Karakter sebelumnya atau Boolean yang menyatakan apakah karakter sebelumnya adalah 'g'. / The previous character or a Boolean indicating whether it was 'g'."", ""is_correct"": true, ""misconceptions"": []}, {""answer_id"": ""A908"", ""label"": ""D"", ""text"": ""Hanya nilai count; karakter sebelumnya tidak diperlukan. / Only count; the previous character is unnecessary."", ""is_correct"": false, ""misconceptions"": [""SQ-04""]}]",C,FALSE,,MP-SQ-04-1
Q294,Informasi dianggap tetap tersedia tanpa disimpan: Kasus 2,Information is assumed to remain available without being stored: Case 2,Program membandingkan setiap ketinggian dengan ketinggian sebelumnya. Variabel manakah yang wajib dipertahankan dari satu iterasi ke iterasi berikutnya?,A program compares each altitude with the previous altitude. Which variable must be retained from one iteration to the next?,,previousAltitude,Kunci: A,W13-14,370,294,TRUE,ready,MP,LMS,LMS-MP-W13-14-SQ-04-Q2,SQ-04,,Uji pemahaman tentang Informasi dianggap tetap tersedia tanpa disimpan.,Assess understanding of Information is assumed to remain available without being stored. A program compares each altitude with the previous altitude.,"[{""type"": ""text"", ""content"": ""Program membandingkan setiap ketinggian dengan ketinggian sebelumnya. Variabel manakah yang wajib dipertahankan dari satu iterasi ke iterasi berikutnya?""}]","[{""type"": ""text"", ""content"": ""A program compares each altitude with the previous altitude. Which variable must be retained from one iteration to the next?""}]",[],[],2,SQ-04,,,,,none,,"[{""answer_id"": ""A909"", ""label"": ""A"", ""text"": ""previousAltitude"", ""is_correct"": true, ""misconceptions"": []}, {""answer_id"": ""A910"", ""label"": ""B"", ""text"": ""Hanya iterator loop; nilai ketinggian sebelumnya akan diingat otomatis. / Only the loop iterator; the previous altitude is remembered automatically."", ""is_correct"": false, ""misconceptions"": [""SQ-04""]}, {""answer_id"": ""A911"", ""label"": ""C"", ""text"": ""Hanya count; nilai sebelumnya dapat dihitung kembali tanpa data. / Only count; the previous value can be reconstructed without data."", ""is_correct"": false, ""misconceptions"": [""SQ-04""]}, {""answer_id"": ""A912"", ""label"": ""D"", ""text"": ""Tidak ada variabel state karena comparison selalu memakai input saat ini dua kali. / No state variable, because the comparison can use the current input twice."", ""is_correct"": false, ""misconceptions"": [""SQ-04""]}]",A,FALSE,,MP-SQ-04-2
Q295,Urutan pemeriksaan kondisi percabangan keliru: Kasus 1,Conditions in a selection are checked in the wrong order: Case 1,Program menyimpan minimum dan minimumCount. Rantai kondisi manakah yang benar ketika nilai baru x dibaca?,A program stores minimum and minimumCount. Which condition chain is correct when a new value x is read?,,"if x < minimum then
  minimum <- x
  minimumCount <- 1
  else if x == minimum then
  minimumCount <- minimumCount + 1
  endif",Kunci: B,W13-14,371,295,TRUE,ready,MP,LMS,LMS-MP-W13-14-CD-04-Q1,CD-04,,Uji pemahaman tentang Urutan pemeriksaan kondisi percabangan keliru.,Assess understanding of Conditions in a selection are checked in the wrong order. A program stores minimum and minimumCount.,"[{""type"": ""text"", ""content"": ""Program menyimpan minimum dan minimumCount. Rantai kondisi manakah yang benar ketika nilai baru x dibaca?""}]","[{""type"": ""text"", ""content"": ""A program stores minimum and minimumCount. Which condition chain is correct when a new value x is read?""}]",[],[],1,CD-04,,,,,none,,"[{""answer_id"": ""A913"", ""label"": ""A"", ""text"": ""if x <= minimum then\n minimumCount <- minimumCount + 1\n else if x < minimum then\n minimum <- x\n minimumCount <- 1\n endif"", ""is_correct"": false, ""misconceptions"": [""CD-04""]}, {""answer_id"": ""A914"", ""label"": ""B"", ""text"": ""if x < minimum then\n minimum <- x\n minimumCount <- 1\n else if x == minimum then\n minimumCount <- minimumCount + 1\n endif"", ""is_correct"": true, ""misconceptions"": []}, {""answer_id"": ""A915"", ""label"": ""C"", ""text"": ""if x == minimum then\n minimum <- x\n minimumCount <- 1\n else if x < minimum then\n minimumCount <- minimumCount + 1\n endif"", ""is_correct"": false, ""misconceptions"": []}, {""answer_id"": ""A916"", ""label"": ""D"", ""text"": ""if x <= minimum then\n minimum <- x\n minimumCount <- 1\n else if x == minimum then\n minimumCount <- minimumCount + 1\n endif"", ""is_correct"": false, ""misconceptions"": [""CD-04""]}]",B,FALSE,,MP-CD-04-1
Q296,Urutan pemeriksaan kondisi percabangan keliru: Kasus 2,Conditions in a selection are checked in the wrong order: Case 2,"Diketahui minimum adalah nilai terkecil saat ini. secondMinimum
  sudah diinisialisasi dengan nilai minimum sebagai placeholder,
  sedangkan hasSecond mula-mula bernilai false. Jika hasSecond
  bernilai true, secondMinimum menyimpan nilai terkecil kedua yang
  berbeda. Rantai kondisi manakah yang tepat untuk memproses nilai
  baru x?","minimum is the current smallest value. secondMinimum has been
  initialized to minimum as a placeholder, while hasSecond is
  initially false. When hasSecond is true, secondMinimum stores the
  second smallest distinct value. Which condition chain correctly
  processes a new value x?",,"if x < minimum then
  secondMinimum <- minimum
  minimum <- x
  hasSecond <- true
  else if x > minimum and
  (hasSecond == false or x < secondMinimum) then
  secondMinimum <- x
  hasSecond <- true
  endif",Kunci: D,W13-14,372,296,TRUE,ready,MP,LMS,LMS-MP-W13-14-CD-04-Q2,CD-04,,Uji pemahaman tentang Urutan pemeriksaan kondisi percabangan keliru. Diketahui minimum adalah nilai terkecil saat ini.,Assess understanding of Conditions in a selection are checked in the wrong order. minimum is the current smallest value.,"[{""type"": ""text"", ""content"": ""Diketahui minimum adalah nilai terkecil saat ini. secondMinimum\nsudah diinisialisasi dengan nilai minimum sebagai placeholder,\nsedangkan hasSecond mula-mula bernilai false. Jika hasSecond\nbernilai true, secondMinimum menyimpan nilai terkecil kedua yang\nberbeda. Rantai kondisi manakah yang tepat untuk memproses nilai\nbaru x?""}]","[{""type"": ""text"", ""content"": ""minimum is the current smallest value. secondMinimum has been\ninitialized to minimum as a placeholder, while hasSecond is\ninitially false. When hasSecond is true, secondMinimum stores the\nsecond smallest distinct value. Which condition chain correctly\nprocesses a new value x?""}]",[],[],2,CD-04,,,,,none,,"[{""answer_id"": ""A917"", ""label"": ""A"", ""text"": ""if x < secondMinimum then\n secondMinimum <- x\n else if x < minimum then\n secondMinimum <- minimum\n minimum <- x\n endif"", ""is_correct"": false, ""misconceptions"": [""CD-04""]}, {""answer_id"": ""A918"", ""label"": ""B"", ""text"": ""if x == minimum then\n secondMinimum <- x\n else if x < minimum then\n minimum <- x\n endif"", ""is_correct"": false, ""misconceptions"": []}, {""answer_id"": ""A919"", ""label"": ""C"", ""text"": ""if x > minimum then\n minimum <- x\n else if x < secondMinimum then\n secondMinimum <- x\n endif"", ""is_correct"": false, ""misconceptions"": []}, {""answer_id"": ""A920"", ""label"": ""D"", ""text"": ""if x < minimum then\n secondMinimum <- minimum\n minimum <- x\n hasSecond <- true\n else if x > minimum and\n (hasSecond == false or x < secondMinimum) then\n secondMinimum <- x\n hasSecond <- true\n endif"", ""is_correct"": true, ""misconceptions"": []}]",D,FALSE,,MP-CD-04-2